record_id,mainshock_id,subgroup_type,subgroup,draw,p_boot
us7000e532|mainshock|all,us7000e532,mainshock,all,0,0.609216874257669
us7000e532|mainshock|all,us7000e532,mainshock,all,1,0.5477939871633429
us7000e532|mainshock|all,us7000e532,mainshock,all,2,0.6634481161035932
us7000e532|mainshock|all,us7000e532,mainshock,all,3,0.6441722465381533
us7000e532|mainshock|all,us7000e532,mainshock,all,4,0.552213190079653
us7000e532|mainshock|all,us7000e532,mainshock,all,5,0.5580971068694838
us7000e532|mainshock|all,us7000e532,mainshock,all,6,0.6320476402512478
us7000e532|mainshock|all,us7000e532,mainshock,all,7,0.6959682877204987
us7000e532|mainshock|all,us7000e532,mainshock,all,8,0.6118892926411346
us7000e532|mainshock|all,us7000e532,mainshock,all,9,0.6410405213531615
us7000e532|mainshock|all,us7000e532,mainshock,all,10,0.632979343669664
us7000e532|mainshock|all,us7000e532,mainshock,all,11,0.5624638572407158
us7000e532|mainshock|all,us7000e532,mainshock,all,12,0.7400110757669535
us7000e532|mainshock|all,us7000e532,mainshock,all,13,0.7180709432289011
us7000e532|mainshock|all,us7000e532,mainshock,all,14,0.5200994770108485
us7000e532|mainshock|all,us7000e532,mainshock,all,15,0.5046781776969822
us7000e532|mainshock|all,us7000e532,mainshock,all,16,0.5949951325799797
us7000e532|mainshock|all,us7000e532,mainshock,all,17,0.679687207737533
us7000e532|mainshock|all,us7000e532,mainshock,all,18,0.5473109915632333
us7000e532|mainshock|all,us7000e532,mainshock,all,19,0.5500500017588299
us7000e532|mainshock|all,us7000e532,mainshock,all,20,0.6152418864148159
us7000e532|mainshock|all,us7000e532,mainshock,all,21,0.7612335595297662
us7000e532|mainshock|all,us7000e532,mainshock,all,22,0.7429557140134762
us7000e532|mainshock|all,us7000e532,mainshock,all,23,0.5168771122705519
us7000e532|mainshock|all,us7000e532,mainshock,all,24,0.7128502202894834
us7000e532|mainshock|all,us7000e532,mainshock,all,25,0.639835437697173
us7000e532|mainshock|all,us7000e532,mainshock,all,26,0.5984224188280328
us7000e532|mainshock|all,us7000e532,mainshock,all,27,0.5820480958094231
us7000e532|mainshock|all,us7000e532,mainshock,all,28,0.6102702983390655
us7000e532|mainshock|all,us7000e532,mainshock,all,29,0.6676836331549642
us7000e532|mainshock|all,us7000e532,mainshock,all,30,0.6316821617009983
us7000e532|mainshock|all,us7000e532,mainshock,all,31,0.3947917115186755
us7000e532|mainshock|all,us7000e532,mainshock,all,32,0.69004989731327
us7000e532|mainshock|all,us7000e532,mainshock,all,33,0.6022502260461612
us7000e532|mainshock|all,us7000e532,mainshock,all,34,0.7241298236736983
us7000e532|mainshock|all,us7000e532,mainshock,all,35,0.674465762333803
us7000e532|mainshock|all,us7000e532,mainshock,all,36,0.5325043403159768
us7000e532|mainshock|all,us7000e532,mainshock,all,37,0.631562567029704
us7000e532|mainshock|all,us7000e532,mainshock,all,38,0.4803915816180437
us7000e532|mainshock|all,us7000e532,mainshock,all,39,0.698075459830023
us7000e532|mainshock|all,us7000e532,mainshock,all,40,0.5977016712774432
us7000e532|mainshock|all,us7000e532,mainshock,all,41,0.4300104611771311
us7000e532|mainshock|all,us7000e532,mainshock,all,42,0.552414239702123
us7000e532|mainshock|all,us7000e532,mainshock,all,43,0.7047775125085004
us7000e532|mainshock|all,us7000e532,mainshock,all,44,0.5944724626698232
us7000e532|mainshock|all,us7000e532,mainshock,all,45,0.6658688701982675
us7000e532|mainshock|all,us7000e532,mainshock,all,46,0.5786286775758749
us7000e532|mainshock|all,us7000e532,mainshock,all,47,0.5787423899205415
us7000e532|mainshock|all,us7000e532,mainshock,all,48,0.707611777413221
us7000e532|mainshock|all,us7000e532,mainshock,all,49,0.5444884511364034
us7000e532|mainshock|all,us7000e532,mainshock,all,50,0.5521792164354153
us7000e532|mainshock|all,us7000e532,mainshock,all,51,0.6722902194604059
us7000e532|mainshock|all,us7000e532,mainshock,all,52,0.6873561196770878
us7000e532|mainshock|all,us7000e532,mainshock,all,53,0.7064557665919836
us7000e532|mainshock|all,us7000e532,mainshock,all,54,0.6427534001488241
us7000e532|mainshock|all,us7000e532,mainshock,all,55,0.48091946304358135
us7000e532|mainshock|all,us7000e532,mainshock,all,56,0.6224201632002143
us7000e532|mainshock|all,us7000e532,mainshock,all,57,0.6553148451201656
us7000e532|mainshock|all,us7000e532,mainshock,all,58,0.6982424315161688
us7000e532|mainshock|all,us7000e532,mainshock,all,59,0.6424074511949939
us7000e532|mainshock|all,us7000e532,mainshock,all,60,0.6212924707589695
us7000e532|mainshock|all,us7000e532,mainshock,all,61,0.4060178994003161
us7000e532|mainshock|all,us7000e532,mainshock,all,62,0.749337120385623
us7000e532|mainshock|all,us7000e532,mainshock,all,63,0.5841463827434079
us7000e532|mainshock|all,us7000e532,mainshock,all,64,0.5892925375723896
us7000e532|mainshock|all,us7000e532,mainshock,all,65,0.5895374025272212
us7000e532|mainshock|all,us7000e532,mainshock,all,66,0.711523200782229
us7000e532|mainshock|all,us7000e532,mainshock,all,67,0.6407431730031914
us7000e532|mainshock|all,us7000e532,mainshock,all,68,0.5858728798435684
us7000e532|mainshock|all,us7000e532,mainshock,all,69,0.675808464562336
us7000e532|mainshock|all,us7000e532,mainshock,all,70,0.7346218648773503
us7000e532|mainshock|all,us7000e532,mainshock,all,71,0.6910412658477443
us7000e532|mainshock|all,us7000e532,mainshock,all,72,0.5986278903600628
us7000e532|mainshock|all,us7000e532,mainshock,all,73,0.6120418699429535
us7000e532|mainshock|all,us7000e532,mainshock,all,74,0.5623724004286755
us7000e532|mainshock|all,us7000e532,mainshock,all,75,0.5274868445640538
us7000e532|mainshock|all,us7000e532,mainshock,all,76,0.61163052403456
us7000e532|mainshock|all,us7000e532,mainshock,all,77,0.6041881754664067
us7000e532|mainshock|all,us7000e532,mainshock,all,78,0.5457060767348443
us7000e532|mainshock|all,us7000e532,mainshock,all,79,0.6775177555616104
us7000e532|mainshock|all,us7000e532,mainshock,all,80,0.7713053943652667
us7000e532|mainshock|all,us7000e532,mainshock,all,81,0.655986610884187
us7000e532|mainshock|all,us7000e532,mainshock,all,82,0.6479956976579996
us7000e532|mainshock|all,us7000e532,mainshock,all,83,0.6940974485809477
us7000e532|mainshock|all,us7000e532,mainshock,all,84,0.6036913284470924
us7000e532|mainshock|all,us7000e532,mainshock,all,85,0.6213350787888565
us7000e532|mainshock|all,us7000e532,mainshock,all,86,0.6871790660457768
us7000e532|mainshock|all,us7000e532,mainshock,all,87,0.6343524098483863
us7000e532|mainshock|all,us7000e532,mainshock,all,88,0.592980955022828
us7000e532|mainshock|all,us7000e532,mainshock,all,89,0.7078124177190328
us7000e532|mainshock|all,us7000e532,mainshock,all,90,0.6827397500247504
us7000e532|mainshock|all,us7000e532,mainshock,all,91,0.5648402498207116
us7000e532|mainshock|all,us7000e532,mainshock,all,92,0.5604316772257644
us7000e532|mainshock|all,us7000e532,mainshock,all,93,0.616982574036669
us7000e532|mainshock|all,us7000e532,mainshock,all,94,0.4060593870249134
us7000e532|mainshock|all,us7000e532,mainshock,all,95,0.6936813345827523
us7000e532|mainshock|all,us7000e532,mainshock,all,96,0.500801341144767
us7000e532|mainshock|all,us7000e532,mainshock,all,97,0.6383664527376998
us7000e532|mainshock|all,us7000e532,mainshock,all,98,0.562058090545195
us7000e532|mainshock|all,us7000e532,mainshock,all,99,0.7166454669566055
us7000e532|mainshock|all,us7000e532,mainshock,all,100,0.6211490396770408
us7000e532|mainshock|all,us7000e532,mainshock,all,101,0.6813499190946752
us7000e532|mainshock|all,us7000e532,mainshock,all,102,0.4672744728658512
us7000e532|mainshock|all,us7000e532,mainshock,all,103,0.644792157252748
us7000e532|mainshock|all,us7000e532,mainshock,all,104,0.5937307533079903
us7000e532|mainshock|all,us7000e532,mainshock,all,105,0.601975662184197
us7000e532|mainshock|all,us7000e532,mainshock,all,106,0.6579675959924118
us7000e532|mainshock|all,us7000e532,mainshock,all,107,0.7218188258831696
us7000e532|mainshock|all,us7000e532,mainshock,all,108,0.6077542529277103
us7000e532|mainshock|all,us7000e532,mainshock,all,109,0.7558251172158368
us7000e532|mainshock|all,us7000e532,mainshock,all,110,0.7408266621382632
us7000e532|mainshock|all,us7000e532,mainshock,all,111,0.6911100923257941
us7000e532|mainshock|all,us7000e532,mainshock,all,112,0.633346565046922
us7000e532|mainshock|all,us7000e532,mainshock,all,113,0.6785894121402324
us7000e532|mainshock|all,us7000e532,mainshock,all,114,0.6748094088358485
us7000e532|mainshock|all,us7000e532,mainshock,all,115,0.6648925959319724
us7000e532|mainshock|all,us7000e532,mainshock,all,116,0.6549903940262858
us7000e532|mainshock|all,us7000e532,mainshock,all,117,0.6657754997974102
us7000e532|mainshock|all,us7000e532,mainshock,all,118,0.584240529187587
us7000e532|mainshock|all,us7000e532,mainshock,all,119,0.6149473495433131
us7000e532|mainshock|all,us7000e532,mainshock,all,120,0.6164684192867487
us7000e532|mainshock|all,us7000e532,mainshock,all,121,0.6604836446144646
us7000e532|mainshock|all,us7000e532,mainshock,all,122,0.7170988515924978
us7000e532|mainshock|all,us7000e532,mainshock,all,123,0.6854125763211782
us7000e532|mainshock|all,us7000e532,mainshock,all,124,0.7175150076397206
us7000e532|mainshock|all,us7000e532,mainshock,all,125,0.5265898522195078
us7000e532|mainshock|all,us7000e532,mainshock,all,126,0.7206469593841118
us7000e532|mainshock|all,us7000e532,mainshock,all,127,0.5716702634983216
us7000e532|mainshock|all,us7000e532,mainshock,all,128,0.6013893866888814
us7000e532|mainshock|all,us7000e532,mainshock,all,129,0.5881110229877353
us7000e532|mainshock|all,us7000e532,mainshock,all,130,0.7546006915401628
us7000e532|mainshock|all,us7000e532,mainshock,all,131,0.6425056769811041
us7000e532|mainshock|all,us7000e532,mainshock,all,132,0.6073718286501372
us7000e532|mainshock|all,us7000e532,mainshock,all,133,0.5352999057667038
us7000e532|mainshock|all,us7000e532,mainshock,all,134,0.5544388355608704
us7000e532|mainshock|all,us7000e532,mainshock,all,135,0.6637667080300037
us7000e532|mainshock|all,us7000e532,mainshock,all,136,0.6270262949057733
us7000e532|mainshock|all,us7000e532,mainshock,all,137,0.6439480430408221
us7000e532|mainshock|all,us7000e532,mainshock,all,138,0.7038596127410148
us7000e532|mainshock|all,us7000e532,mainshock,all,139,0.7177026377044241
us7000e532|mainshock|all,us7000e532,mainshock,all,140,0.6700531593017157
us7000e532|mainshock|all,us7000e532,mainshock,all,141,0.5601291429694814
us7000e532|mainshock|all,us7000e532,mainshock,all,142,0.6830377761100551
us7000e532|mainshock|all,us7000e532,mainshock,all,143,0.6593827718664086
us7000e532|mainshock|all,us7000e532,mainshock,all,144,0.5850329720868042
us7000e532|mainshock|all,us7000e532,mainshock,all,145,0.731915934083084
us7000e532|mainshock|all,us7000e532,mainshock,all,146,0.6316223253431443
us7000e532|mainshock|all,us7000e532,mainshock,all,147,0.6205466626920312
us7000e532|mainshock|all,us7000e532,mainshock,all,148,0.6281135310336695
us7000e532|mainshock|all,us7000e532,mainshock,all,149,0.6726245582118627
us7000e532|mainshock|all,us7000e532,mainshock,all,150,0.48997302951778865
us7000e532|mainshock|all,us7000e532,mainshock,all,151,0.6704358545407506
us7000e532|mainshock|all,us7000e532,mainshock,all,152,0.7319924467386633
us7000e532|mainshock|all,us7000e532,mainshock,all,153,0.5984867253236801
us7000e532|mainshock|all,us7000e532,mainshock,all,154,0.6191026521444197
us7000e532|mainshock|all,us7000e532,mainshock,all,155,0.5592429588614998
us7000e532|mainshock|all,us7000e532,mainshock,all,156,0.6756480775054307
us7000e532|mainshock|all,us7000e532,mainshock,all,157,0.6218873980199194
us7000e532|mainshock|all,us7000e532,mainshock,all,158,0.640191013522431
us7000e532|mainshock|all,us7000e532,mainshock,all,159,0.6937619039375972
us7000e532|mainshock|all,us7000e532,mainshock,all,160,0.7214094036626197
us7000e532|mainshock|all,us7000e532,mainshock,all,161,0.7378890290017995
us7000e532|mainshock|all,us7000e532,mainshock,all,162,0.511852743477699
us7000e532|mainshock|all,us7000e532,mainshock,all,163,0.6708291218603825
us7000e532|mainshock|all,us7000e532,mainshock,all,164,0.7503157407660194
us7000e532|mainshock|all,us7000e532,mainshock,all,165,0.7428234824154883
us7000e532|mainshock|all,us7000e532,mainshock,all,166,0.6796142554006943
us7000e532|mainshock|all,us7000e532,mainshock,all,167,0.6552303608857184
us7000e532|mainshock|all,us7000e532,mainshock,all,168,0.6742805318030841
us7000e532|mainshock|all,us7000e532,mainshock,all,169,0.6119372551559683
us7000e532|mainshock|all,us7000e532,mainshock,all,170,0.7375488946401308
us7000e532|mainshock|all,us7000e532,mainshock,all,171,0.6221499736705589
us7000e532|mainshock|all,us7000e532,mainshock,all,172,0.7538773110640629
us7000e532|mainshock|all,us7000e532,mainshock,all,173,0.7383214438173638
us7000e532|mainshock|all,us7000e532,mainshock,all,174,0.6812225139433683
us7000e532|mainshock|all,us7000e532,mainshock,all,175,0.7184917615435317
us7000e532|mainshock|all,us7000e532,mainshock,all,176,0.6986186680715479
us7000e532|mainshock|all,us7000e532,mainshock,all,177,0.6883980635850713
us7000e532|mainshock|all,us7000e532,mainshock,all,178,0.5405460404215019
us7000e532|mainshock|all,us7000e532,mainshock,all,179,0.4595541138889034
us7000e532|mainshock|all,us7000e532,mainshock,all,180,0.5949225456361841
us7000e532|mainshock|all,us7000e532,mainshock,all,181,0.6233632862696613
us7000e532|mainshock|all,us7000e532,mainshock,all,182,0.6668104654246102
us7000e532|mainshock|all,us7000e532,mainshock,all,183,0.7471794212353535
us7000e532|mainshock|all,us7000e532,mainshock,all,184,0.6884673139302006
us7000e532|mainshock|all,us7000e532,mainshock,all,185,0.7098133684878107
us7000e532|mainshock|all,us7000e532,mainshock,all,186,0.6295357290980864
us7000e532|mainshock|all,us7000e532,mainshock,all,187,0.5821512488011725
us7000e532|mainshock|all,us7000e532,mainshock,all,188,0.5756670400791843
us7000e532|mainshock|all,us7000e532,mainshock,all,189,0.5715301328280643
us7000e532|mainshock|all,us7000e532,mainshock,all,190,0.6161030208624227
us7000e532|mainshock|all,us7000e532,mainshock,all,191,0.6422353804348815
us7000e532|mainshock|all,us7000e532,mainshock,all,192,0.6520122064421188
us7000e532|mainshock|all,us7000e532,mainshock,all,193,0.5896564831540055
us7000e532|mainshock|all,us7000e532,mainshock,all,194,0.5310386005915525
us7000e532|mainshock|all,us7000e532,mainshock,all,195,0.6167212722303946
us7000e532|mainshock|all,us7000e532,mainshock,all,196,0.5929348874733135
us7000e532|mainshock|all,us7000e532,mainshock,all,197,0.5800848824803408
us7000e532|mainshock|all,us7000e532,mainshock,all,198,0.580704401225554
us7000e532|mainshock|all,us7000e532,mainshock,all,199,0.5530029468360719
us7000e532|depth|all_depth,us7000e532,depth,all_depth,0,0.7389236899549442
us7000e532|depth|all_depth,us7000e532,depth,all_depth,1,0.6998295451421571
us7000e532|depth|all_depth,us7000e532,depth,all_depth,2,0.7906392776939493
us7000e532|depth|all_depth,us7000e532,depth,all_depth,3,0.6428483531130701
us7000e532|depth|all_depth,us7000e532,depth,all_depth,4,0.6637339118189706
us7000e532|depth|all_depth,us7000e532,depth,all_depth,5,0.6089575865567087
us7000e532|depth|all_depth,us7000e532,depth,all_depth,6,0.5991243252387052
us7000e532|depth|all_depth,us7000e532,depth,all_depth,7,0.6621579682829981
us7000e532|depth|all_depth,us7000e532,depth,all_depth,8,0.574034157449475
us7000e532|depth|all_depth,us7000e532,depth,all_depth,9,0.5469225003497026
us7000e532|depth|all_depth,us7000e532,depth,all_depth,10,0.42859953141945384
us7000e532|depth|all_depth,us7000e532,depth,all_depth,11,0.6829141965397046
us7000e532|depth|all_depth,us7000e532,depth,all_depth,12,0.64118332885781
us7000e532|depth|all_depth,us7000e532,depth,all_depth,13,0.703299387359928
us7000e532|depth|all_depth,us7000e532,depth,all_depth,14,0.65142143482188
us7000e532|depth|all_depth,us7000e532,depth,all_depth,15,0.5694358543446546
us7000e532|depth|all_depth,us7000e532,depth,all_depth,16,0.7839651087271381
us7000e532|depth|all_depth,us7000e532,depth,all_depth,17,0.5949775355442446
us7000e532|depth|all_depth,us7000e532,depth,all_depth,18,0.5428272813809873
us7000e532|depth|all_depth,us7000e532,depth,all_depth,19,0.7075270181765044
us7000e532|depth|all_depth,us7000e532,depth,all_depth,20,0.7138218623613571
us7000e532|depth|all_depth,us7000e532,depth,all_depth,21,0.7368036656737182
us7000e532|depth|all_depth,us7000e532,depth,all_depth,22,0.5741678535993533
us7000e532|depth|all_depth,us7000e532,depth,all_depth,23,0.6184322223236886
us7000e532|depth|all_depth,us7000e532,depth,all_depth,24,0.7159948995928996
us7000e532|depth|all_depth,us7000e532,depth,all_depth,25,0.6474596677162637
us7000e532|depth|all_depth,us7000e532,depth,all_depth,26,0.6650262283415166
us7000e532|depth|all_depth,us7000e532,depth,all_depth,27,0.5553821376652066
us7000e532|depth|all_depth,us7000e532,depth,all_depth,28,0.6487984870910588
us7000e532|depth|all_depth,us7000e532,depth,all_depth,29,0.7146817936102028
us7000e532|depth|all_depth,us7000e532,depth,all_depth,30,0.5882662112749807
us7000e532|depth|all_depth,us7000e532,depth,all_depth,31,0.6821129406103998
us7000e532|depth|all_depth,us7000e532,depth,all_depth,32,0.6682001344255186
us7000e532|depth|all_depth,us7000e532,depth,all_depth,33,0.5296837498385839
us7000e532|depth|all_depth,us7000e532,depth,all_depth,34,0.6686208147044387
us7000e532|depth|all_depth,us7000e532,depth,all_depth,35,0.7519992413006289
us7000e532|depth|all_depth,us7000e532,depth,all_depth,36,0.5590646512918499
us7000e532|depth|all_depth,us7000e532,depth,all_depth,37,0.39132870158710903
us7000e532|depth|all_depth,us7000e532,depth,all_depth,38,0.6130754232604047
us7000e532|depth|all_depth,us7000e532,depth,all_depth,39,0.7100491795323507
us7000e532|depth|all_depth,us7000e532,depth,all_depth,40,0.6366701686896337
us7000e532|depth|all_depth,us7000e532,depth,all_depth,41,0.6523499324066078
us7000e532|depth|all_depth,us7000e532,depth,all_depth,42,0.5386850358680282
us7000e532|depth|all_depth,us7000e532,depth,all_depth,43,0.7034186369954195
us7000e532|depth|all_depth,us7000e532,depth,all_depth,44,0.6511945441481363
us7000e532|depth|all_depth,us7000e532,depth,all_depth,45,0.6829637565966401
us7000e532|depth|all_depth,us7000e532,depth,all_depth,46,0.7643030283931203
us7000e532|depth|all_depth,us7000e532,depth,all_depth,47,0.6600914759503743
us7000e532|depth|all_depth,us7000e532,depth,all_depth,48,0.5929419378498219
us7000e532|depth|all_depth,us7000e532,depth,all_depth,49,0.523655295749167
us7000e532|depth|all_depth,us7000e532,depth,all_depth,50,0.7248076297720464
us7000e532|depth|all_depth,us7000e532,depth,all_depth,51,0.6305200112487015
us7000e532|depth|all_depth,us7000e532,depth,all_depth,52,0.7081905117826035
us7000e532|depth|all_depth,us7000e532,depth,all_depth,53,0.49990100475954574
us7000e532|depth|all_depth,us7000e532,depth,all_depth,54,0.6953721021326473
us7000e532|depth|all_depth,us7000e532,depth,all_depth,55,0.5265385310308964
us7000e532|depth|all_depth,us7000e532,depth,all_depth,56,0.6249067244283107
us7000e532|depth|all_depth,us7000e532,depth,all_depth,57,0.6761408795797456
us7000e532|depth|all_depth,us7000e532,depth,all_depth,58,0.4116957201152601
us7000e532|depth|all_depth,us7000e532,depth,all_depth,59,0.5693675910293854
us7000e532|depth|all_depth,us7000e532,depth,all_depth,60,0.5881551148088615
us7000e532|depth|all_depth,us7000e532,depth,all_depth,61,0.6331762652587986
us7000e532|depth|all_depth,us7000e532,depth,all_depth,62,0.5683943115313002
us7000e532|depth|all_depth,us7000e532,depth,all_depth,63,0.6956436169571005
us7000e532|depth|all_depth,us7000e532,depth,all_depth,64,0.6295273927713614
us7000e532|depth|all_depth,us7000e532,depth,all_depth,65,0.5923795235042018
us7000e532|depth|all_depth,us7000e532,depth,all_depth,66,0.5501223962883717
us7000e532|depth|all_depth,us7000e532,depth,all_depth,67,0.45886114338474865
us7000e532|depth|all_depth,us7000e532,depth,all_depth,68,0.6909351782262926
us7000e532|depth|all_depth,us7000e532,depth,all_depth,69,0.6489623517880583
us7000e532|depth|all_depth,us7000e532,depth,all_depth,70,0.7260902805884919
us7000e532|depth|all_depth,us7000e532,depth,all_depth,71,0.757362309729573
us7000e532|depth|all_depth,us7000e532,depth,all_depth,72,0.5557305300064541
us7000e532|depth|all_depth,us7000e532,depth,all_depth,73,0.5558622678565152
us7000e532|depth|all_depth,us7000e532,depth,all_depth,74,0.5086855113945646
us7000e532|depth|all_depth,us7000e532,depth,all_depth,75,0.5628882840380716
us7000e532|depth|all_depth,us7000e532,depth,all_depth,76,0.7494636856598786
us7000e532|depth|all_depth,us7000e532,depth,all_depth,77,0.5497267063066927
us7000e532|depth|all_depth,us7000e532,depth,all_depth,78,0.6740997969428549
us7000e532|depth|all_depth,us7000e532,depth,all_depth,79,0.6572146422808102
us7000e532|depth|all_depth,us7000e532,depth,all_depth,80,0.37844670306089245
us7000e532|depth|all_depth,us7000e532,depth,all_depth,81,0.7755248765677064
us7000e532|depth|all_depth,us7000e532,depth,all_depth,82,0.6598223394433989
us7000e532|depth|all_depth,us7000e532,depth,all_depth,83,0.5362749728807531
us7000e532|depth|all_depth,us7000e532,depth,all_depth,84,0.6886319654498504
us7000e532|depth|all_depth,us7000e532,depth,all_depth,85,0.6460611513970912
us7000e532|depth|all_depth,us7000e532,depth,all_depth,86,0.7253390936061362
us7000e532|depth|all_depth,us7000e532,depth,all_depth,87,0.7113229336361617
us7000e532|depth|all_depth,us7000e532,depth,all_depth,88,0.5928183202300247
us7000e532|depth|all_depth,us7000e532,depth,all_depth,89,0.6367521554234326
us7000e532|depth|all_depth,us7000e532,depth,all_depth,90,0.6226016750819264
us7000e532|depth|all_depth,us7000e532,depth,all_depth,91,0.7272184960982606
us7000e532|depth|all_depth,us7000e532,depth,all_depth,92,0.5969519586805743
us7000e532|depth|all_depth,us7000e532,depth,all_depth,93,0.5519291822715003
us7000e532|depth|all_depth,us7000e532,depth,all_depth,94,0.6698093943674845
us7000e532|depth|all_depth,us7000e532,depth,all_depth,95,0.7342662764151419
us7000e532|depth|all_depth,us7000e532,depth,all_depth,96,0.46344372940262085
us7000e532|depth|all_depth,us7000e532,depth,all_depth,97,0.6763329314547525
us7000e532|depth|all_depth,us7000e532,depth,all_depth,98,0.6914433840073331
us7000e532|depth|all_depth,us7000e532,depth,all_depth,99,0.6545716351017477
us7000e532|depth|all_depth,us7000e532,depth,all_depth,100,0.5795415117471238
us7000e532|depth|all_depth,us7000e532,depth,all_depth,101,0.5476049221239139
us7000e532|depth|all_depth,us7000e532,depth,all_depth,102,0.6918548362333795
us7000e532|depth|all_depth,us7000e532,depth,all_depth,103,0.7507282512845861
us7000e532|depth|all_depth,us7000e532,depth,all_depth,104,0.730965229643745
us7000e532|depth|all_depth,us7000e532,depth,all_depth,105,0.6594379671863134
us7000e532|depth|all_depth,us7000e532,depth,all_depth,106,0.7705513261725031
us7000e532|depth|all_depth,us7000e532,depth,all_depth,107,0.6666796843769969
us7000e532|depth|all_depth,us7000e532,depth,all_depth,108,0.6578641352965953
us7000e532|depth|all_depth,us7000e532,depth,all_depth,109,0.6929807234683288
us7000e532|depth|all_depth,us7000e532,depth,all_depth,110,0.5768966985310228
us7000e532|depth|all_depth,us7000e532,depth,all_depth,111,0.767029390394596
us7000e532|depth|all_depth,us7000e532,depth,all_depth,112,0.5974273741351239
us7000e532|depth|all_depth,us7000e532,depth,all_depth,113,0.5723675451784598
us7000e532|depth|all_depth,us7000e532,depth,all_depth,114,0.7334048473392162
us7000e532|depth|all_depth,us7000e532,depth,all_depth,115,0.6947370589679494
us7000e532|depth|all_depth,us7000e532,depth,all_depth,116,0.714243683699976
us7000e532|depth|all_depth,us7000e532,depth,all_depth,117,0.7413816647144551
us7000e532|depth|all_depth,us7000e532,depth,all_depth,118,0.7565704419025151
us7000e532|depth|all_depth,us7000e532,depth,all_depth,119,0.7339360764343296
us7000e532|depth|all_depth,us7000e532,depth,all_depth,120,0.6671133025358714
us7000e532|depth|all_depth,us7000e532,depth,all_depth,121,0.5243911420361898
us7000e532|depth|all_depth,us7000e532,depth,all_depth,122,0.523238670675858
us7000e532|depth|all_depth,us7000e532,depth,all_depth,123,0.6805086368655399
us7000e532|depth|all_depth,us7000e532,depth,all_depth,124,0.653708862206475
us7000e532|depth|all_depth,us7000e532,depth,all_depth,125,0.5272757980623644
us7000e532|depth|all_depth,us7000e532,depth,all_depth,126,0.5093551704773881
us7000e532|depth|all_depth,us7000e532,depth,all_depth,127,0.7015978755675168
us7000e532|depth|all_depth,us7000e532,depth,all_depth,128,0.5767349445079761
us7000e532|depth|all_depth,us7000e532,depth,all_depth,129,0.5940128135210895
us7000e532|depth|all_depth,us7000e532,depth,all_depth,130,0.6340236946813972
us7000e532|depth|all_depth,us7000e532,depth,all_depth,131,0.8006507010361279
us7000e532|depth|all_depth,us7000e532,depth,all_depth,132,0.6519059933554411
us7000e532|depth|all_depth,us7000e532,depth,all_depth,133,0.5971191312534531
us7000e532|depth|all_depth,us7000e532,depth,all_depth,134,0.6090512077889988
us7000e532|depth|all_depth,us7000e532,depth,all_depth,135,0.6281291022237044
us7000e532|depth|all_depth,us7000e532,depth,all_depth,136,0.7276934578592767
us7000e532|depth|all_depth,us7000e532,depth,all_depth,137,0.6791153347021149
us7000e532|depth|all_depth,us7000e532,depth,all_depth,138,0.6192574444654643
us7000e532|depth|all_depth,us7000e532,depth,all_depth,139,0.6946263976150434
us7000e532|depth|all_depth,us7000e532,depth,all_depth,140,0.6631768523862887
us7000e532|depth|all_depth,us7000e532,depth,all_depth,141,0.6445702745197734
us7000e532|depth|all_depth,us7000e532,depth,all_depth,142,0.619195402031337
us7000e532|depth|all_depth,us7000e532,depth,all_depth,143,0.7268863934991943
us7000e532|depth|all_depth,us7000e532,depth,all_depth,144,0.6575027252724585
us7000e532|depth|all_depth,us7000e532,depth,all_depth,145,0.6462530347769554
us7000e532|depth|all_depth,us7000e532,depth,all_depth,146,0.481814423731018
us7000e532|depth|all_depth,us7000e532,depth,all_depth,147,0.6070364826317515
us7000e532|depth|all_depth,us7000e532,depth,all_depth,148,0.6286826997444133
us7000e532|depth|all_depth,us7000e532,depth,all_depth,149,0.6553789671496254
us7000e532|depth|all_depth,us7000e532,depth,all_depth,150,0.6851508620272817
us7000e532|depth|all_depth,us7000e532,depth,all_depth,151,0.6475516429250618
us7000e532|depth|all_depth,us7000e532,depth,all_depth,152,0.6398098139095338
us7000e532|depth|all_depth,us7000e532,depth,all_depth,153,0.5395050723933401
us7000e532|depth|all_depth,us7000e532,depth,all_depth,154,0.6842279232823621
us7000e532|depth|all_depth,us7000e532,depth,all_depth,155,0.5900697384834005
us7000e532|depth|all_depth,us7000e532,depth,all_depth,156,0.5481721898680308
us7000e532|depth|all_depth,us7000e532,depth,all_depth,157,0.6555395185043045
us7000e532|depth|all_depth,us7000e532,depth,all_depth,158,0.52298299765224
us7000e532|depth|all_depth,us7000e532,depth,all_depth,159,0.5407834244750105
us7000e532|depth|all_depth,us7000e532,depth,all_depth,160,0.580930343405719
us7000e532|depth|all_depth,us7000e532,depth,all_depth,161,0.6403824846525303
us7000e532|depth|all_depth,us7000e532,depth,all_depth,162,0.6327667120336893
us7000e532|depth|all_depth,us7000e532,depth,all_depth,163,0.6141365956180855
us7000e532|depth|all_depth,us7000e532,depth,all_depth,164,0.7378378459229283
us7000e532|depth|all_depth,us7000e532,depth,all_depth,165,0.5970874444421639
us7000e532|depth|all_depth,us7000e532,depth,all_depth,166,0.43788469905814276
us7000e532|depth|all_depth,us7000e532,depth,all_depth,167,0.630955928824021
us7000e532|depth|all_depth,us7000e532,depth,all_depth,168,0.6308301011617143
us7000e532|depth|all_depth,us7000e532,depth,all_depth,169,0.5996249422843406
us7000e532|depth|all_depth,us7000e532,depth,all_depth,170,0.6705402745619854
us7000e532|depth|all_depth,us7000e532,depth,all_depth,171,0.6492763207204584
us7000e532|depth|all_depth,us7000e532,depth,all_depth,172,0.6421765869465726
us7000e532|depth|all_depth,us7000e532,depth,all_depth,173,0.7096793872688737
us7000e532|depth|all_depth,us7000e532,depth,all_depth,174,0.538967888818765
us7000e532|depth|all_depth,us7000e532,depth,all_depth,175,0.6762073297809631
us7000e532|depth|all_depth,us7000e532,depth,all_depth,176,0.6465201881839493
us7000e532|depth|all_depth,us7000e532,depth,all_depth,177,0.6806238205266751
us7000e532|depth|all_depth,us7000e532,depth,all_depth,178,0.6358191018616307
us7000e532|depth|all_depth,us7000e532,depth,all_depth,179,0.7072655769578894
us7000e532|depth|all_depth,us7000e532,depth,all_depth,180,0.7408907420563435
us7000e532|depth|all_depth,us7000e532,depth,all_depth,181,0.7723688759889352
us7000e532|depth|all_depth,us7000e532,depth,all_depth,182,0.6746221234834493
us7000e532|depth|all_depth,us7000e532,depth,all_depth,183,0.5862394713854338
us7000e532|depth|all_depth,us7000e532,depth,all_depth,184,0.5831279303093018
us7000e532|depth|all_depth,us7000e532,depth,all_depth,185,0.5874187945324694
us7000e532|depth|all_depth,us7000e532,depth,all_depth,186,0.608604065379683
us7000e532|depth|all_depth,us7000e532,depth,all_depth,187,0.6896008690600871
us7000e532|depth|all_depth,us7000e532,depth,all_depth,188,0.7526594867123068
us7000e532|depth|all_depth,us7000e532,depth,all_depth,189,0.5878129898723936
us7000e532|depth|all_depth,us7000e532,depth,all_depth,190,0.7748113826451194
us7000e532|depth|all_depth,us7000e532,depth,all_depth,191,0.6484035991602333
us7000e532|depth|all_depth,us7000e532,depth,all_depth,192,0.5566599328089623
us7000e532|depth|all_depth,us7000e532,depth,all_depth,193,0.5967734305494715
us7000e532|depth|all_depth,us7000e532,depth,all_depth,194,0.6570760277754946
us7000e532|depth|all_depth,us7000e532,depth,all_depth,195,0.6955679849638058
us7000e532|depth|all_depth,us7000e532,depth,all_depth,196,0.6823676853668423
us7000e532|depth|all_depth,us7000e532,depth,all_depth,197,0.5996337854896592
us7000e532|depth|all_depth,us7000e532,depth,all_depth,198,0.6281120945703722
us7000e532|depth|all_depth,us7000e532,depth,all_depth,199,0.6291009695066578
us7000e532|region|West_of_ms,us7000e532,region,West_of_ms,0,0.6635099033964729
us7000e532|region|West_of_ms,us7000e532,region,West_of_ms,1,0.5623341108697034
us7000e532|region|West_of_ms,us7000e532,region,West_of_ms,2,0.7415019834618517
us7000e532|region|West_of_ms,us7000e532,region,West_of_ms,3,0.6498146202247745
us7000e532|region|West_of_ms,us7000e532,region,West_of_ms,4,0.6637641242800185
us7000e532|region|West_of_ms,us7000e532,region,West_of_ms,5,0.6658430076164666
us7000e532|region|West_of_ms,us7000e532,region,West_of_ms,6,0.669981307255706
us7000e532|region|West_of_ms,us7000e532,region,West_of_ms,7,0.41613425521308034
us7000e532|region|West_of_ms,us7000e532,region,West_of_ms,8,0.33739910213536284
us7000e532|region|West_of_ms,us7000e532,region,West_of_ms,9,0.5670665423351579
us7000e532|region|West_of_ms,us7000e532,region,West_of_ms,10,0.5072806030014829
us7000e532|region|West_of_ms,us7000e532,region,West_of_ms,11,0.7757127544066617
us7000e532|region|West_of_ms,us7000e532,region,West_of_ms,12,0.6245165383322547
us7000e532|region|West_of_ms,us7000e532,region,West_of_ms,13,0.5922618831577827
us7000e532|region|West_of_ms,us7000e532,region,West_of_ms,14,0.6314262072320662
us7000e532|region|West_of_ms,us7000e532,region,West_of_ms,15,0.4656582734853804
us7000e532|region|West_of_ms,us7000e532,region,West_of_ms,16,0.6002369620253496
us7000e532|region|West_of_ms,us7000e532,region,West_of_ms,17,0.6608459098134042
us7000e532|region|West_of_ms,us7000e532,region,West_of_ms,18,0.33317486819581993
us7000e532|region|West_of_ms,us7000e532,region,West_of_ms,19,0.6157407700965083
us7000e532|region|West_of_ms,us7000e532,region,West_of_ms,20,0.3507698457819254
us7000e532|region|West_of_ms,us7000e532,region,West_of_ms,21,0.7657556095159441
us7000e532|region|West_of_ms,us7000e532,region,West_of_ms,22,0.7625563291729092
us7000e532|region|West_of_ms,us7000e532,region,West_of_ms,23,0.7180958483938308
us7000e532|region|West_of_ms,us7000e532,region,West_of_ms,24,0.8841616545910124
us7000e532|region|West_of_ms,us7000e532,region,West_of_ms,25,0.432765102216785
us7000e532|region|West_of_ms,us7000e532,region,West_of_ms,26,0.3619756783696219
us7000e532|region|West_of_ms,us7000e532,region,West_of_ms,27,0.5409039603902818
us7000e532|region|West_of_ms,us7000e532,region,West_of_ms,28,0.6792688706976704
us7000e532|region|West_of_ms,us7000e532,region,West_of_ms,29,0.3855166782854522
us7000e532|region|West_of_ms,us7000e532,region,West_of_ms,30,0.45972058895590984
us7000e532|region|West_of_ms,us7000e532,region,West_of_ms,31,0.511394450881061
us7000e532|region|West_of_ms,us7000e532,region,West_of_ms,32,0.5045965408080768
us7000e532|region|West_of_ms,us7000e532,region,West_of_ms,33,0.5120410630380997
us7000e532|region|West_of_ms,us7000e532,region,West_of_ms,34,0.721170325913346
us7000e532|region|West_of_ms,us7000e532,region,West_of_ms,35,0.6336046533026108
us7000e532|region|West_of_ms,us7000e532,region,West_of_ms,36,0.6555205618343584
us7000e532|region|West_of_ms,us7000e532,region,West_of_ms,37,0.6116076478761101
us7000e532|region|West_of_ms,us7000e532,region,West_of_ms,38,0.5591687310070272
us7000e532|region|West_of_ms,us7000e532,region,West_of_ms,39,0.7767185539845516
us7000e532|region|West_of_ms,us7000e532,region,West_of_ms,40,0.4587673942750302
us7000e532|region|West_of_ms,us7000e532,region,West_of_ms,41,0.4185192887532646
us7000e532|region|West_of_ms,us7000e532,region,West_of_ms,42,0.5749262211604413
us7000e532|region|West_of_ms,us7000e532,region,West_of_ms,43,0.722318621147517
us7000e532|region|West_of_ms,us7000e532,region,West_of_ms,44,0.6473807897713824
us7000e532|region|West_of_ms,us7000e532,region,West_of_ms,45,0.7497943358222645
us7000e532|region|West_of_ms,us7000e532,region,West_of_ms,46,0.5124989000346796
us7000e532|region|West_of_ms,us7000e532,region,West_of_ms,47,0.6082782454138652
us7000e532|region|West_of_ms,us7000e532,region,West_of_ms,48,0.5397141821820953
us7000e532|region|West_of_ms,us7000e532,region,West_of_ms,49,0.25070984974589994
us7000e532|region|West_of_ms,us7000e532,region,West_of_ms,50,0.6168096023995616
us7000e532|region|West_of_ms,us7000e532,region,West_of_ms,51,0.6916816717072827
us7000e532|region|West_of_ms,us7000e532,region,West_of_ms,52,0.5459332024504292
us7000e532|region|West_of_ms,us7000e532,region,West_of_ms,53,0.29224443321669014
us7000e532|region|West_of_ms,us7000e532,region,West_of_ms,54,0.6152792556719151
us7000e532|region|West_of_ms,us7000e532,region,West_of_ms,55,0.46057162700460336
us7000e532|region|West_of_ms,us7000e532,region,West_of_ms,56,0.3903040757683936
us7000e532|region|West_of_ms,us7000e532,region,West_of_ms,57,0.5180342285092154
us7000e532|region|West_of_ms,us7000e532,region,West_of_ms,58,0.463786493288692
us7000e532|region|West_of_ms,us7000e532,region,West_of_ms,59,0.4213003412849648
us7000e532|region|West_of_ms,us7000e532,region,West_of_ms,60,0.23758476035401033
us7000e532|region|West_of_ms,us7000e532,region,West_of_ms,61,0.5799960528339998
us7000e532|region|West_of_ms,us7000e532,region,West_of_ms,62,0.5665070161088331
us7000e532|region|West_of_ms,us7000e532,region,West_of_ms,63,0.46909141138491595
us7000e532|region|West_of_ms,us7000e532,region,West_of_ms,64,0.3756907364910156
us7000e532|region|West_of_ms,us7000e532,region,West_of_ms,65,0.6048240847207306
us7000e532|region|West_of_ms,us7000e532,region,West_of_ms,66,0.5687768258647368
us7000e532|region|West_of_ms,us7000e532,region,West_of_ms,67,0.6144468070106992
us7000e532|region|West_of_ms,us7000e532,region,West_of_ms,68,0.28579814533952
us7000e532|region|West_of_ms,us7000e532,region,West_of_ms,69,0.5829607263311323
us7000e532|region|West_of_ms,us7000e532,region,West_of_ms,70,0.5287847751288244
us7000e532|region|West_of_ms,us7000e532,region,West_of_ms,71,0.5831668723800226
us7000e532|region|West_of_ms,us7000e532,region,West_of_ms,72,0.48828863500587527
us7000e532|region|West_of_ms,us7000e532,region,West_of_ms,73,0.33995774363558356
us7000e532|region|West_of_ms,us7000e532,region,West_of_ms,74,0.6408273792183149
us7000e532|region|West_of_ms,us7000e532,region,West_of_ms,75,0.4124865046809601
us7000e532|region|West_of_ms,us7000e532,region,West_of_ms,76,0.6313370478314916
us7000e532|region|West_of_ms,us7000e532,region,West_of_ms,77,0.5941597061202827
us7000e532|region|West_of_ms,us7000e532,region,West_of_ms,78,0.5477384142793531
us7000e532|region|West_of_ms,us7000e532,region,West_of_ms,79,0.6653293916368107
us7000e532|region|West_of_ms,us7000e532,region,West_of_ms,80,0.5269599130962553
us7000e532|region|West_of_ms,us7000e532,region,West_of_ms,81,0.3925122408986797
us7000e532|region|West_of_ms,us7000e532,region,West_of_ms,82,0.6069239133132154
us7000e532|region|West_of_ms,us7000e532,region,West_of_ms,83,0.6863020121077693
us7000e532|region|West_of_ms,us7000e532,region,West_of_ms,84,0.6714354962150397
us7000e532|region|West_of_ms,us7000e532,region,West_of_ms,85,0.6761539765038973
us7000e532|region|West_of_ms,us7000e532,region,West_of_ms,86,0.6733918640036861
us7000e532|region|West_of_ms,us7000e532,region,West_of_ms,87,0.34419755116519235
us7000e532|region|West_of_ms,us7000e532,region,West_of_ms,88,0.35954801598529956
us7000e532|region|West_of_ms,us7000e532,region,West_of_ms,89,0.7478138964112352
us7000e532|region|West_of_ms,us7000e532,region,West_of_ms,90,0.4337600232214631
us7000e532|region|West_of_ms,us7000e532,region,West_of_ms,91,0.5812023576382648
us7000e532|region|West_of_ms,us7000e532,region,West_of_ms,92,0.5397222950466098
us7000e532|region|West_of_ms,us7000e532,region,West_of_ms,93,0.26930465065127424
us7000e532|region|West_of_ms,us7000e532,region,West_of_ms,94,0.2689157711525221
us7000e532|region|West_of_ms,us7000e532,region,West_of_ms,95,0.22615061329322786
us7000e532|region|West_of_ms,us7000e532,region,West_of_ms,96,0.6619714755979954
us7000e532|region|West_of_ms,us7000e532,region,West_of_ms,97,0.6073355302230533
us7000e532|region|West_of_ms,us7000e532,region,West_of_ms,98,0.7192224099368317
us7000e532|region|West_of_ms,us7000e532,region,West_of_ms,99,0.44936922102735755
us7000e532|region|West_of_ms,us7000e532,region,West_of_ms,100,0.4145909726488299
us7000e532|region|West_of_ms,us7000e532,region,West_of_ms,101,0.7116828615670654
us7000e532|region|West_of_ms,us7000e532,region,West_of_ms,102,0.2
us7000e532|region|West_of_ms,us7000e532,region,West_of_ms,103,0.3911820338219831
us7000e532|region|West_of_ms,us7000e532,region,West_of_ms,104,0.6190287020736903
us7000e532|region|West_of_ms,us7000e532,region,West_of_ms,105,0.5679221060885477
us7000e532|region|West_of_ms,us7000e532,region,West_of_ms,106,0.5441608551033563
us7000e532|region|West_of_ms,us7000e532,region,West_of_ms,107,0.5326914883359379
us7000e532|region|West_of_ms,us7000e532,region,West_of_ms,108,0.4841352556275299
us7000e532|region|West_of_ms,us7000e532,region,West_of_ms,109,0.33662209579607977
us7000e532|region|West_of_ms,us7000e532,region,West_of_ms,110,0.714844444053616
us7000e532|region|West_of_ms,us7000e532,region,West_of_ms,111,0.7830153066375998
us7000e532|region|West_of_ms,us7000e532,region,West_of_ms,112,0.5886542339720388
us7000e532|region|West_of_ms,us7000e532,region,West_of_ms,113,0.5950141187837524
us7000e532|region|West_of_ms,us7000e532,region,West_of_ms,114,0.5794675924424664
us7000e532|region|West_of_ms,us7000e532,region,West_of_ms,115,0.630252436441655
us7000e532|region|West_of_ms,us7000e532,region,West_of_ms,116,0.7106812141254053
us7000e532|region|West_of_ms,us7000e532,region,West_of_ms,117,0.5667026122154495
us7000e532|region|West_of_ms,us7000e532,region,West_of_ms,118,0.6217124718956318
us7000e532|region|West_of_ms,us7000e532,region,West_of_ms,119,0.2885791867835828
us7000e532|region|West_of_ms,us7000e532,region,West_of_ms,120,0.48831408936311577
us7000e532|region|West_of_ms,us7000e532,region,West_of_ms,121,0.6241524963656591
us7000e532|region|West_of_ms,us7000e532,region,West_of_ms,122,0.2
us7000e532|region|West_of_ms,us7000e532,region,West_of_ms,123,0.5675910995621104
us7000e532|region|West_of_ms,us7000e532,region,West_of_ms,124,0.7592927515126557
us7000e532|region|West_of_ms,us7000e532,region,West_of_ms,125,0.2694495535535141
us7000e532|region|West_of_ms,us7000e532,region,West_of_ms,126,0.47919180186035787
us7000e532|region|West_of_ms,us7000e532,region,West_of_ms,127,0.5947481102918944
us7000e532|region|West_of_ms,us7000e532,region,West_of_ms,128,0.6535906140186929
us7000e532|region|West_of_ms,us7000e532,region,West_of_ms,129,0.44805355141891834
us7000e532|region|West_of_ms,us7000e532,region,West_of_ms,130,0.6808999926143983
us7000e532|region|West_of_ms,us7000e532,region,West_of_ms,131,0.4256599769264926
us7000e532|region|West_of_ms,us7000e532,region,West_of_ms,132,0.5914566202142659
us7000e532|region|West_of_ms,us7000e532,region,West_of_ms,133,0.4086390284815314
us7000e532|region|West_of_ms,us7000e532,region,West_of_ms,134,0.4813707646597565
us7000e532|region|West_of_ms,us7000e532,region,West_of_ms,135,0.4957498231766914
us7000e532|region|West_of_ms,us7000e532,region,West_of_ms,136,0.5276986233877958
us7000e532|region|West_of_ms,us7000e532,region,West_of_ms,137,0.4654906299452719
us7000e532|region|West_of_ms,us7000e532,region,West_of_ms,138,0.5860059344125021
us7000e532|region|West_of_ms,us7000e532,region,West_of_ms,139,0.5174718861013575
us7000e532|region|West_of_ms,us7000e532,region,West_of_ms,140,0.6299927291552002
us7000e532|region|West_of_ms,us7000e532,region,West_of_ms,141,0.7353046262598705
us7000e532|region|West_of_ms,us7000e532,region,West_of_ms,142,0.410699259481466
us7000e532|region|West_of_ms,us7000e532,region,West_of_ms,143,0.5829137255372886
us7000e532|region|West_of_ms,us7000e532,region,West_of_ms,144,0.3692756889311851
us7000e532|region|West_of_ms,us7000e532,region,West_of_ms,145,0.6918430860693322
us7000e532|region|West_of_ms,us7000e532,region,West_of_ms,146,0.42077703281293666
us7000e532|region|West_of_ms,us7000e532,region,West_of_ms,147,0.5236958838505065
us7000e532|region|West_of_ms,us7000e532,region,West_of_ms,148,0.604658383036741
us7000e532|region|West_of_ms,us7000e532,region,West_of_ms,149,0.564765077811072
us7000e532|region|West_of_ms,us7000e532,region,West_of_ms,150,0.2
us7000e532|region|West_of_ms,us7000e532,region,West_of_ms,151,0.3233379012371138
us7000e532|region|West_of_ms,us7000e532,region,West_of_ms,152,0.4196053021664065
us7000e532|region|West_of_ms,us7000e532,region,West_of_ms,153,0.6475055204465778
us7000e532|region|West_of_ms,us7000e532,region,West_of_ms,154,0.6742662970483584
us7000e532|region|West_of_ms,us7000e532,region,West_of_ms,155,0.2373365455722219
us7000e532|region|West_of_ms,us7000e532,region,West_of_ms,156,0.7579477304532642
us7000e532|region|West_of_ms,us7000e532,region,West_of_ms,157,0.46492520269344373
us7000e532|region|West_of_ms,us7000e532,region,West_of_ms,158,0.5045150721781586
us7000e532|region|West_of_ms,us7000e532,region,West_of_ms,159,0.5343197538311332
us7000e532|region|West_of_ms,us7000e532,region,West_of_ms,160,0.6506223386315992
us7000e532|region|West_of_ms,us7000e532,region,West_of_ms,161,0.4031635477851097
us7000e532|region|West_of_ms,us7000e532,region,West_of_ms,162,0.48463985270441706
us7000e532|region|West_of_ms,us7000e532,region,West_of_ms,163,0.44830341952734504
us7000e532|region|West_of_ms,us7000e532,region,West_of_ms,164,0.43656220631821663
us7000e532|region|West_of_ms,us7000e532,region,West_of_ms,165,0.48505688465917296
us7000e532|region|West_of_ms,us7000e532,region,West_of_ms,166,0.7034876077470076
us7000e532|region|West_of_ms,us7000e532,region,West_of_ms,167,0.36562968325533557
us7000e532|region|West_of_ms,us7000e532,region,West_of_ms,168,0.49101986750259496
us7000e532|region|West_of_ms,us7000e532,region,West_of_ms,169,0.52039587403133
us7000e532|region|West_of_ms,us7000e532,region,West_of_ms,170,0.6707254363213202
us7000e532|region|West_of_ms,us7000e532,region,West_of_ms,171,0.6249758422887255
us7000e532|region|West_of_ms,us7000e532,region,West_of_ms,172,0.480045777943071
us7000e532|region|West_of_ms,us7000e532,region,West_of_ms,173,0.5750395292571442
us7000e532|region|West_of_ms,us7000e532,region,West_of_ms,174,0.6360946793186161
us7000e532|region|West_of_ms,us7000e532,region,West_of_ms,175,0.47647221758129105
us7000e532|region|West_of_ms,us7000e532,region,West_of_ms,176,0.33972910508979703
us7000e532|region|West_of_ms,us7000e532,region,West_of_ms,177,0.4416758121890764
us7000e532|region|West_of_ms,us7000e532,region,West_of_ms,178,0.5722836049349594
us7000e532|region|West_of_ms,us7000e532,region,West_of_ms,179,0.6834859950885127
us7000e532|region|West_of_ms,us7000e532,region,West_of_ms,180,0.6887136194645004
us7000e532|region|West_of_ms,us7000e532,region,West_of_ms,181,0.4682496000534029
us7000e532|region|West_of_ms,us7000e532,region,West_of_ms,182,0.2
us7000e532|region|West_of_ms,us7000e532,region,West_of_ms,183,0.5207825800098599
us7000e532|region|West_of_ms,us7000e532,region,West_of_ms,184,0.4268747097255651
us7000e532|region|West_of_ms,us7000e532,region,West_of_ms,185,0.4152491271630988
us7000e532|region|West_of_ms,us7000e532,region,West_of_ms,186,0.34884894663628235
us7000e532|region|West_of_ms,us7000e532,region,West_of_ms,187,0.4093998395392412
us7000e532|region|West_of_ms,us7000e532,region,West_of_ms,188,0.5966511494129701
us7000e532|region|West_of_ms,us7000e532,region,West_of_ms,189,0.6248259747146886
us7000e532|region|West_of_ms,us7000e532,region,West_of_ms,190,0.6243256676424577
us7000e532|region|West_of_ms,us7000e532,region,West_of_ms,191,0.6062400362503363
us7000e532|region|West_of_ms,us7000e532,region,West_of_ms,192,0.2
us7000e532|region|West_of_ms,us7000e532,region,West_of_ms,193,0.6505730298839258
us7000e532|region|West_of_ms,us7000e532,region,West_of_ms,194,0.4484291383552423
us7000e532|region|West_of_ms,us7000e532,region,West_of_ms,195,0.6292574168213773
us7000e532|region|West_of_ms,us7000e532,region,West_of_ms,196,0.5052518580496702
us7000e532|region|West_of_ms,us7000e532,region,West_of_ms,197,0.22304198570235154
us7000e532|region|West_of_ms,us7000e532,region,West_of_ms,198,0.49138938307180835
us7000e532|region|West_of_ms,us7000e532,region,West_of_ms,199,0.5411482293833138
us7000e532|region|East_of_ms,us7000e532,region,East_of_ms,0,0.6487497001995711
us7000e532|region|East_of_ms,us7000e532,region,East_of_ms,1,0.7432251038482468
us7000e532|region|East_of_ms,us7000e532,region,East_of_ms,2,0.5310301778875068
us7000e532|region|East_of_ms,us7000e532,region,East_of_ms,3,0.5927091326766142
us7000e532|region|East_of_ms,us7000e532,region,East_of_ms,4,0.5235563497829596
us7000e532|region|East_of_ms,us7000e532,region,East_of_ms,5,0.7033244035487857
us7000e532|region|East_of_ms,us7000e532,region,East_of_ms,6,0.6120456304405002
us7000e532|region|East_of_ms,us7000e532,region,East_of_ms,7,0.7378275534665292
us7000e532|region|East_of_ms,us7000e532,region,East_of_ms,8,0.5140484448103345
us7000e532|region|East_of_ms,us7000e532,region,East_of_ms,9,0.4362785246040208
us7000e532|region|East_of_ms,us7000e532,region,East_of_ms,10,0.6845191270875356
us7000e532|region|East_of_ms,us7000e532,region,East_of_ms,11,0.7179991631081315
us7000e532|region|East_of_ms,us7000e532,region,East_of_ms,12,0.8624604209620557
us7000e532|region|East_of_ms,us7000e532,region,East_of_ms,13,0.6859332673454254
us7000e532|region|East_of_ms,us7000e532,region,East_of_ms,14,0.6720144521171394
us7000e532|region|East_of_ms,us7000e532,region,East_of_ms,15,0.7039937567531095
us7000e532|region|East_of_ms,us7000e532,region,East_of_ms,16,0.6630372754630478
us7000e532|region|East_of_ms,us7000e532,region,East_of_ms,17,0.7372842590032991
us7000e532|region|East_of_ms,us7000e532,region,East_of_ms,18,0.6467791245673796
us7000e532|region|East_of_ms,us7000e532,region,East_of_ms,19,0.6919294292254586
us7000e532|region|East_of_ms,us7000e532,region,East_of_ms,20,0.7495773047133167
us7000e532|region|East_of_ms,us7000e532,region,East_of_ms,21,0.6609250638824081
us7000e532|region|East_of_ms,us7000e532,region,East_of_ms,22,0.648622005031443
us7000e532|region|East_of_ms,us7000e532,region,East_of_ms,23,0.6700923555404887
us7000e532|region|East_of_ms,us7000e532,region,East_of_ms,24,0.5350182528720093
us7000e532|region|East_of_ms,us7000e532,region,East_of_ms,25,0.6806703445423609
us7000e532|region|East_of_ms,us7000e532,region,East_of_ms,26,0.5228951244073755
us7000e532|region|East_of_ms,us7000e532,region,East_of_ms,27,0.725865502351762
us7000e532|region|East_of_ms,us7000e532,region,East_of_ms,28,0.7805797617904644
us7000e532|region|East_of_ms,us7000e532,region,East_of_ms,29,0.7439811430718106
us7000e532|region|East_of_ms,us7000e532,region,East_of_ms,30,0.7299683213387249
us7000e532|region|East_of_ms,us7000e532,region,East_of_ms,31,0.7425998578966467
us7000e532|region|East_of_ms,us7000e532,region,East_of_ms,32,0.5977030026959949
us7000e532|region|East_of_ms,us7000e532,region,East_of_ms,33,0.8255138975261977
us7000e532|region|East_of_ms,us7000e532,region,East_of_ms,34,0.6891452691173464
us7000e532|region|East_of_ms,us7000e532,region,East_of_ms,35,0.762772602679692
us7000e532|region|East_of_ms,us7000e532,region,East_of_ms,36,0.8299576832207256
us7000e532|region|East_of_ms,us7000e532,region,East_of_ms,37,0.7239783258934569
us7000e532|region|East_of_ms,us7000e532,region,East_of_ms,38,0.6857501545874596
us7000e532|region|East_of_ms,us7000e532,region,East_of_ms,39,0.8471407021810957
us7000e532|region|East_of_ms,us7000e532,region,East_of_ms,40,0.7731174520275657
us7000e532|region|East_of_ms,us7000e532,region,East_of_ms,41,0.7221497797152161
us7000e532|region|East_of_ms,us7000e532,region,East_of_ms,42,0.8282799707207051
us7000e532|region|East_of_ms,us7000e532,region,East_of_ms,43,0.5915897427087765
us7000e532|region|East_of_ms,us7000e532,region,East_of_ms,44,0.6336764992517174
us7000e532|region|East_of_ms,us7000e532,region,East_of_ms,45,0.7226444867478969
us7000e532|region|East_of_ms,us7000e532,region,East_of_ms,46,0.5498448126383099
us7000e532|region|East_of_ms,us7000e532,region,East_of_ms,47,0.7013805059539193
us7000e532|region|East_of_ms,us7000e532,region,East_of_ms,48,0.7801872295909721
us7000e532|region|East_of_ms,us7000e532,region,East_of_ms,49,0.6493985894234339
us7000e532|region|East_of_ms,us7000e532,region,East_of_ms,50,0.7151933643907351
us7000e532|region|East_of_ms,us7000e532,region,East_of_ms,51,0.7113290141961212
us7000e532|region|East_of_ms,us7000e532,region,East_of_ms,52,0.5508412474540086
us7000e532|region|East_of_ms,us7000e532,region,East_of_ms,53,0.7175916713015367
us7000e532|region|East_of_ms,us7000e532,region,East_of_ms,54,0.5530218628081064
us7000e532|region|East_of_ms,us7000e532,region,East_of_ms,55,0.5604162292208248
us7000e532|region|East_of_ms,us7000e532,region,East_of_ms,56,0.7454872288082184
us7000e532|region|East_of_ms,us7000e532,region,East_of_ms,57,1.1360946596088182
us7000e532|region|East_of_ms,us7000e532,region,East_of_ms,58,0.7912256559899734
us7000e532|region|East_of_ms,us7000e532,region,East_of_ms,59,0.5721125873854083
us7000e532|region|East_of_ms,us7000e532,region,East_of_ms,60,0.7174907824083859
us7000e532|region|East_of_ms,us7000e532,region,East_of_ms,61,0.6184349759206853
us7000e532|region|East_of_ms,us7000e532,region,East_of_ms,62,0.4785621759149573
us7000e532|region|East_of_ms,us7000e532,region,East_of_ms,63,0.720710675355324
us7000e532|region|East_of_ms,us7000e532,region,East_of_ms,64,0.3009337934036226
us7000e532|region|East_of_ms,us7000e532,region,East_of_ms,65,0.3739222126096788
us7000e532|region|East_of_ms,us7000e532,region,East_of_ms,66,0.8775587766037516
us7000e532|region|East_of_ms,us7000e532,region,East_of_ms,67,0.6821924645958816
us7000e532|region|East_of_ms,us7000e532,region,East_of_ms,68,0.7513383007314769
us7000e532|region|East_of_ms,us7000e532,region,East_of_ms,69,0.6289580344790322
us7000e532|region|East_of_ms,us7000e532,region,East_of_ms,70,0.8275707482091824
us7000e532|region|East_of_ms,us7000e532,region,East_of_ms,71,0.5747497592796874
us7000e532|region|East_of_ms,us7000e532,region,East_of_ms,72,0.7156817127670615
us7000e532|region|East_of_ms,us7000e532,region,East_of_ms,73,0.8700864417513
us7000e532|region|East_of_ms,us7000e532,region,East_of_ms,74,0.7249195180701361
us7000e532|region|East_of_ms,us7000e532,region,East_of_ms,75,0.6287669011395304
us7000e532|region|East_of_ms,us7000e532,region,East_of_ms,76,0.6917103438222608
us7000e532|region|East_of_ms,us7000e532,region,East_of_ms,77,0.6356543717577491
us7000e532|region|East_of_ms,us7000e532,region,East_of_ms,78,0.6928314945768181
us7000e532|region|East_of_ms,us7000e532,region,East_of_ms,79,0.7580152656046715
us7000e532|region|East_of_ms,us7000e532,region,East_of_ms,80,0.7770759080747889
us7000e532|region|East_of_ms,us7000e532,region,East_of_ms,81,0.7539783461285366
us7000e532|region|East_of_ms,us7000e532,region,East_of_ms,82,0.7909018440249653
us7000e532|region|East_of_ms,us7000e532,region,East_of_ms,83,0.6683988750069122
us7000e532|region|East_of_ms,us7000e532,region,East_of_ms,84,0.6915966261880202
us7000e532|region|East_of_ms,us7000e532,region,East_of_ms,85,0.6674236194168536
us7000e532|region|East_of_ms,us7000e532,region,East_of_ms,86,0.7694894983128011
us7000e532|region|East_of_ms,us7000e532,region,East_of_ms,87,0.8894852055226498
us7000e532|region|East_of_ms,us7000e532,region,East_of_ms,88,0.5560155538755647
us7000e532|region|East_of_ms,us7000e532,region,East_of_ms,89,0.6018620954499311
us7000e532|region|East_of_ms,us7000e532,region,East_of_ms,90,0.6562938988446405
us7000e532|region|East_of_ms,us7000e532,region,East_of_ms,91,0.7423078817388787
us7000e532|region|East_of_ms,us7000e532,region,East_of_ms,92,0.7409131097436576
us7000e532|region|East_of_ms,us7000e532,region,East_of_ms,93,0.7837900353303805
us7000e532|region|East_of_ms,us7000e532,region,East_of_ms,94,0.8579021398226959
us7000e532|region|East_of_ms,us7000e532,region,East_of_ms,95,0.7076308051171213
us7000e532|region|East_of_ms,us7000e532,region,East_of_ms,96,0.7272752854313687
us7000e532|region|East_of_ms,us7000e532,region,East_of_ms,97,0.7471224175546513
us7000e532|region|East_of_ms,us7000e532,region,East_of_ms,98,0.6181921840882212
us7000e532|region|East_of_ms,us7000e532,region,East_of_ms,99,0.739949598370149
us7000e532|region|East_of_ms,us7000e532,region,East_of_ms,100,0.6395584405342658
us7000e532|region|East_of_ms,us7000e532,region,East_of_ms,101,0.6748235577120695
us7000e532|region|East_of_ms,us7000e532,region,East_of_ms,102,0.38506639614812777
us7000e532|region|East_of_ms,us7000e532,region,East_of_ms,103,0.6730079862848697
us7000e532|region|East_of_ms,us7000e532,region,East_of_ms,104,0.6414385610173016
us7000e532|region|East_of_ms,us7000e532,region,East_of_ms,105,0.7086016267450637
us7000e532|region|East_of_ms,us7000e532,region,East_of_ms,106,0.6268480881672469
us7000e532|region|East_of_ms,us7000e532,region,East_of_ms,107,0.5603837924943165
us7000e532|region|East_of_ms,us7000e532,region,East_of_ms,108,0.7149138247854718
us7000e532|region|East_of_ms,us7000e532,region,East_of_ms,109,0.7579898093055185
us7000e532|region|East_of_ms,us7000e532,region,East_of_ms,110,0.5206219597815112
us7000e532|region|East_of_ms,us7000e532,region,East_of_ms,111,0.7155707228345326
us7000e532|region|East_of_ms,us7000e532,region,East_of_ms,112,0.7647481922137682
us7000e532|region|East_of_ms,us7000e532,region,East_of_ms,113,0.7542525154207297
us7000e532|region|East_of_ms,us7000e532,region,East_of_ms,114,0.40255540339718515
us7000e532|region|East_of_ms,us7000e532,region,East_of_ms,115,0.5888836500625343
us7000e532|region|East_of_ms,us7000e532,region,East_of_ms,116,0.6083376976578516
us7000e532|region|East_of_ms,us7000e532,region,East_of_ms,117,0.5959722791662011
us7000e532|region|East_of_ms,us7000e532,region,East_of_ms,118,0.5324904349110922
us7000e532|region|East_of_ms,us7000e532,region,East_of_ms,119,0.7117492983460805
us7000e532|region|East_of_ms,us7000e532,region,East_of_ms,120,0.7874167773288142
us7000e532|region|East_of_ms,us7000e532,region,East_of_ms,121,0.6610046961417421
us7000e532|region|East_of_ms,us7000e532,region,East_of_ms,122,0.5317227925537191
us7000e532|region|East_of_ms,us7000e532,region,East_of_ms,123,0.6536257605209292
us7000e532|region|East_of_ms,us7000e532,region,East_of_ms,124,0.5685969138041118
us7000e532|region|East_of_ms,us7000e532,region,East_of_ms,125,0.580042114452979
us7000e532|region|East_of_ms,us7000e532,region,East_of_ms,126,0.7385148647611451
us7000e532|region|East_of_ms,us7000e532,region,East_of_ms,127,0.9131112785299776
us7000e532|region|East_of_ms,us7000e532,region,East_of_ms,128,0.8495466314925927
us7000e532|region|East_of_ms,us7000e532,region,East_of_ms,129,0.7195834203787512
us7000e532|region|East_of_ms,us7000e532,region,East_of_ms,130,0.7932891655266553
us7000e532|region|East_of_ms,us7000e532,region,East_of_ms,131,0.7795542126258752
us7000e532|region|East_of_ms,us7000e532,region,East_of_ms,132,0.8065096131567827
us7000e532|region|East_of_ms,us7000e532,region,East_of_ms,133,0.39942289470979037
us7000e532|region|East_of_ms,us7000e532,region,East_of_ms,134,0.8491335947706886
us7000e532|region|East_of_ms,us7000e532,region,East_of_ms,135,0.6512961220034532
us7000e532|region|East_of_ms,us7000e532,region,East_of_ms,136,0.7312167937934531
us7000e532|region|East_of_ms,us7000e532,region,East_of_ms,137,0.4265687907044465
us7000e532|region|East_of_ms,us7000e532,region,East_of_ms,138,0.5720444585171282
us7000e532|region|East_of_ms,us7000e532,region,East_of_ms,139,0.4906723572416854
us7000e532|region|East_of_ms,us7000e532,region,East_of_ms,140,0.7394727896292169
us7000e532|region|East_of_ms,us7000e532,region,East_of_ms,141,0.7109958519329935
us7000e532|region|East_of_ms,us7000e532,region,East_of_ms,142,0.6705138788962748
us7000e532|region|East_of_ms,us7000e532,region,East_of_ms,143,0.7155446141519174
us7000e532|region|East_of_ms,us7000e532,region,East_of_ms,144,0.745560678278843
us7000e532|region|East_of_ms,us7000e532,region,East_of_ms,145,0.5873560307499252
us7000e532|region|East_of_ms,us7000e532,region,East_of_ms,146,0.845402552956925
us7000e532|region|East_of_ms,us7000e532,region,East_of_ms,147,0.5383071450761983
us7000e532|region|East_of_ms,us7000e532,region,East_of_ms,148,0.575967156752063
us7000e532|region|East_of_ms,us7000e532,region,East_of_ms,149,0.747278827411685
us7000e532|region|East_of_ms,us7000e532,region,East_of_ms,150,0.8213383098313815
us7000e532|region|East_of_ms,us7000e532,region,East_of_ms,151,0.6781286949383336
us7000e532|region|East_of_ms,us7000e532,region,East_of_ms,152,0.4791364812231005
us7000e532|region|East_of_ms,us7000e532,region,East_of_ms,153,0.6718885719412823
us7000e532|region|East_of_ms,us7000e532,region,East_of_ms,154,0.6706180364106951
us7000e532|region|East_of_ms,us7000e532,region,East_of_ms,155,0.8950138182010414
us7000e532|region|East_of_ms,us7000e532,region,East_of_ms,156,0.6870130185274497
us7000e532|region|East_of_ms,us7000e532,region,East_of_ms,157,0.5738677236267851
us7000e532|region|East_of_ms,us7000e532,region,East_of_ms,158,0.7529490490692852
us7000e532|region|East_of_ms,us7000e532,region,East_of_ms,159,0.8420979027528396
us7000e532|region|East_of_ms,us7000e532,region,East_of_ms,160,0.7624141462141313
us7000e532|region|East_of_ms,us7000e532,region,East_of_ms,161,0.4930434452302258
us7000e532|region|East_of_ms,us7000e532,region,East_of_ms,162,0.5689299014838035
us7000e532|region|East_of_ms,us7000e532,region,East_of_ms,163,0.5848106846680952
us7000e532|region|East_of_ms,us7000e532,region,East_of_ms,164,0.5864322290594649
us7000e532|region|East_of_ms,us7000e532,region,East_of_ms,165,0.6818005600210504
us7000e532|region|East_of_ms,us7000e532,region,East_of_ms,166,0.742416936515668
us7000e532|region|East_of_ms,us7000e532,region,East_of_ms,167,0.7331809496445991
us7000e532|region|East_of_ms,us7000e532,region,East_of_ms,168,0.7982201496303213
us7000e532|region|East_of_ms,us7000e532,region,East_of_ms,169,0.40863734881941677
us7000e532|region|East_of_ms,us7000e532,region,East_of_ms,170,0.4866081208117241
us7000e532|region|East_of_ms,us7000e532,region,East_of_ms,171,0.7458209163803762
us7000e532|region|East_of_ms,us7000e532,region,East_of_ms,172,0.7303160288469975
us7000e532|region|East_of_ms,us7000e532,region,East_of_ms,173,0.6331751295888032
us7000e532|region|East_of_ms,us7000e532,region,East_of_ms,174,0.6567862659963051
us7000e532|region|East_of_ms,us7000e532,region,East_of_ms,175,0.6575877645873058
us7000e532|region|East_of_ms,us7000e532,region,East_of_ms,176,0.6347998180640682
us7000e532|region|East_of_ms,us7000e532,region,East_of_ms,177,0.887431675716239
us7000e532|region|East_of_ms,us7000e532,region,East_of_ms,178,0.7109706001657539
us7000e532|region|East_of_ms,us7000e532,region,East_of_ms,179,0.9305712062936522
us7000e532|region|East_of_ms,us7000e532,region,East_of_ms,180,0.5794637596877954
us7000e532|region|East_of_ms,us7000e532,region,East_of_ms,181,0.7059167692144971
us7000e532|region|East_of_ms,us7000e532,region,East_of_ms,182,0.69566829316482
us7000e532|region|East_of_ms,us7000e532,region,East_of_ms,183,0.7609184752739787
us7000e532|region|East_of_ms,us7000e532,region,East_of_ms,184,0.5753433979424684
us7000e532|region|East_of_ms,us7000e532,region,East_of_ms,185,0.694462764037762
us7000e532|region|East_of_ms,us7000e532,region,East_of_ms,186,0.6543169504079208
us7000e532|region|East_of_ms,us7000e532,region,East_of_ms,187,0.6447387848394068
us7000e532|region|East_of_ms,us7000e532,region,East_of_ms,188,0.6527753793848787
us7000e532|region|East_of_ms,us7000e532,region,East_of_ms,189,0.6415173084402468
us7000e532|region|East_of_ms,us7000e532,region,East_of_ms,190,0.9024031192235398
us7000e532|region|East_of_ms,us7000e532,region,East_of_ms,191,0.7030914617680507
us7000e532|region|East_of_ms,us7000e532,region,East_of_ms,192,0.7112526437502525
us7000e532|region|East_of_ms,us7000e532,region,East_of_ms,193,0.7647756821849688
us7000e532|region|East_of_ms,us7000e532,region,East_of_ms,194,0.5032253403122574
us7000e532|region|East_of_ms,us7000e532,region,East_of_ms,195,0.6996107857908558
us7000e532|region|East_of_ms,us7000e532,region,East_of_ms,196,0.6935484811553752
us7000e532|region|East_of_ms,us7000e532,region,East_of_ms,197,0.8152115995800924
us7000e532|region|East_of_ms,us7000e532,region,East_of_ms,198,0.7354267425446072
us7000e532|region|East_of_ms,us7000e532,region,East_of_ms,199,0.7789391038532024
us7000e532|region|South_of_ms,us7000e532,region,South_of_ms,0,0.8950843786595397
us7000e532|region|South_of_ms,us7000e532,region,South_of_ms,1,0.8639444870791376
us7000e532|region|South_of_ms,us7000e532,region,South_of_ms,2,0.8574405661891389
us7000e532|region|South_of_ms,us7000e532,region,South_of_ms,3,0.7762040999541284
us7000e532|region|South_of_ms,us7000e532,region,South_of_ms,4,0.7081313747323292
us7000e532|region|South_of_ms,us7000e532,region,South_of_ms,5,0.7913831493443536
us7000e532|region|South_of_ms,us7000e532,region,South_of_ms,6,0.8020586597288041
us7000e532|region|South_of_ms,us7000e532,region,South_of_ms,7,0.9087898435554168
us7000e532|region|South_of_ms,us7000e532,region,South_of_ms,8,0.8359221568581303
us7000e532|region|South_of_ms,us7000e532,region,South_of_ms,9,0.819877085737861
us7000e532|region|South_of_ms,us7000e532,region,South_of_ms,10,0.8433771296496542
us7000e532|region|South_of_ms,us7000e532,region,South_of_ms,11,0.8150378005094474
us7000e532|region|South_of_ms,us7000e532,region,South_of_ms,12,0.8672987153281715
us7000e532|region|South_of_ms,us7000e532,region,South_of_ms,13,1.0466008358055061
us7000e532|region|South_of_ms,us7000e532,region,South_of_ms,14,1.0044431858359777
us7000e532|region|South_of_ms,us7000e532,region,South_of_ms,15,0.6865745545319941
us7000e532|region|South_of_ms,us7000e532,region,South_of_ms,16,0.8982354678736272
us7000e532|region|South_of_ms,us7000e532,region,South_of_ms,17,0.7345058865206828
us7000e532|region|South_of_ms,us7000e532,region,South_of_ms,18,0.8145375321749783
us7000e532|region|South_of_ms,us7000e532,region,South_of_ms,19,0.8826565445086682
us7000e532|region|South_of_ms,us7000e532,region,South_of_ms,20,0.7493689772990983
us7000e532|region|South_of_ms,us7000e532,region,South_of_ms,21,0.7410469029258419
us7000e532|region|South_of_ms,us7000e532,region,South_of_ms,22,0.7275899621857552
us7000e532|region|South_of_ms,us7000e532,region,South_of_ms,23,0.858844895451735
us7000e532|region|South_of_ms,us7000e532,region,South_of_ms,24,0.9183963058643385
us7000e532|region|South_of_ms,us7000e532,region,South_of_ms,25,0.8370173667882395
us7000e532|region|South_of_ms,us7000e532,region,South_of_ms,26,0.9921861441169268
us7000e532|region|South_of_ms,us7000e532,region,South_of_ms,27,0.9142035201967327
us7000e532|region|South_of_ms,us7000e532,region,South_of_ms,28,0.8181363594835689
us7000e532|region|South_of_ms,us7000e532,region,South_of_ms,29,0.8790169488924217
us7000e532|region|South_of_ms,us7000e532,region,South_of_ms,30,0.9232109353088301
us7000e532|region|South_of_ms,us7000e532,region,South_of_ms,31,0.8297600365437409
us7000e532|region|South_of_ms,us7000e532,region,South_of_ms,32,0.8750510472373063
us7000e532|region|South_of_ms,us7000e532,region,South_of_ms,33,0.7246855115346725
us7000e532|region|South_of_ms,us7000e532,region,South_of_ms,34,0.9017348421617506
us7000e532|region|South_of_ms,us7000e532,region,South_of_ms,35,0.9123053200871243
us7000e532|region|South_of_ms,us7000e532,region,South_of_ms,36,0.8173315999993664
us7000e532|region|South_of_ms,us7000e532,region,South_of_ms,37,0.836785490364044
us7000e532|region|South_of_ms,us7000e532,region,South_of_ms,38,0.9434000820167263
us7000e532|region|South_of_ms,us7000e532,region,South_of_ms,39,0.5744807213659896
us7000e532|region|South_of_ms,us7000e532,region,South_of_ms,40,0.9074634782927742
us7000e532|region|South_of_ms,us7000e532,region,South_of_ms,41,0.8118164330558654
us7000e532|region|South_of_ms,us7000e532,region,South_of_ms,42,0.8164231387250499
us7000e532|region|South_of_ms,us7000e532,region,South_of_ms,43,1.0819064980813384
us7000e532|region|South_of_ms,us7000e532,region,South_of_ms,44,0.6105465607053837
us7000e532|region|South_of_ms,us7000e532,region,South_of_ms,45,0.8221089461171951
us7000e532|region|South_of_ms,us7000e532,region,South_of_ms,46,0.7042515232670546
us7000e532|region|South_of_ms,us7000e532,region,South_of_ms,47,0.9260184173401071
us7000e532|region|South_of_ms,us7000e532,region,South_of_ms,48,0.8502965676528826
us7000e532|region|South_of_ms,us7000e532,region,South_of_ms,49,0.8241427076841024
us7000e532|region|South_of_ms,us7000e532,region,South_of_ms,50,0.9789653267666445
us7000e532|region|South_of_ms,us7000e532,region,South_of_ms,51,0.963708245596846
us7000e532|region|South_of_ms,us7000e532,region,South_of_ms,52,1.0065282012441295
us7000e532|region|South_of_ms,us7000e532,region,South_of_ms,53,0.878738751613812
us7000e532|region|South_of_ms,us7000e532,region,South_of_ms,54,0.903346422375517
us7000e532|region|South_of_ms,us7000e532,region,South_of_ms,55,0.9197344114972915
us7000e532|region|South_of_ms,us7000e532,region,South_of_ms,56,0.8134309699728004
us7000e532|region|South_of_ms,us7000e532,region,South_of_ms,57,0.9544789551753744
us7000e532|region|South_of_ms,us7000e532,region,South_of_ms,58,0.8024027614688168
us7000e532|region|South_of_ms,us7000e532,region,South_of_ms,59,0.7975728407528371
us7000e532|region|South_of_ms,us7000e532,region,South_of_ms,60,0.7767441167514381
us7000e532|region|South_of_ms,us7000e532,region,South_of_ms,61,0.8953546754416583
us7000e532|region|South_of_ms,us7000e532,region,South_of_ms,62,0.8327724488113321
us7000e532|region|South_of_ms,us7000e532,region,South_of_ms,63,0.7573745722401111
us7000e532|region|South_of_ms,us7000e532,region,South_of_ms,64,0.9010245120651977
us7000e532|region|South_of_ms,us7000e532,region,South_of_ms,65,0.8594873819923451
us7000e532|region|South_of_ms,us7000e532,region,South_of_ms,66,0.8265549245637849
us7000e532|region|South_of_ms,us7000e532,region,South_of_ms,67,0.8296333712815805
us7000e532|region|South_of_ms,us7000e532,region,South_of_ms,68,0.7215475534911711
us7000e532|region|South_of_ms,us7000e532,region,South_of_ms,69,0.846515394193233
us7000e532|region|South_of_ms,us7000e532,region,South_of_ms,70,0.886107887144349
us7000e532|region|South_of_ms,us7000e532,region,South_of_ms,71,0.8076611567952867
us7000e532|region|South_of_ms,us7000e532,region,South_of_ms,72,0.7883863098569288
us7000e532|region|South_of_ms,us7000e532,region,South_of_ms,73,0.8452583946207298
us7000e532|region|South_of_ms,us7000e532,region,South_of_ms,74,0.892386373289066
us7000e532|region|South_of_ms,us7000e532,region,South_of_ms,75,1.0882312237486296
us7000e532|region|South_of_ms,us7000e532,region,South_of_ms,76,0.7489549012271224
us7000e532|region|South_of_ms,us7000e532,region,South_of_ms,77,0.6658131833954817
us7000e532|region|South_of_ms,us7000e532,region,South_of_ms,78,0.9426408702033237
us7000e532|region|South_of_ms,us7000e532,region,South_of_ms,79,0.8157792204115194
us7000e532|region|South_of_ms,us7000e532,region,South_of_ms,80,0.6969499898410242
us7000e532|region|South_of_ms,us7000e532,region,South_of_ms,81,0.777942621009934
us7000e532|region|South_of_ms,us7000e532,region,South_of_ms,82,0.9172184455537603
us7000e532|region|South_of_ms,us7000e532,region,South_of_ms,83,0.8008055652223611
us7000e532|region|South_of_ms,us7000e532,region,South_of_ms,84,0.6806697505131253
us7000e532|region|South_of_ms,us7000e532,region,South_of_ms,85,0.8711786293543501
us7000e532|region|South_of_ms,us7000e532,region,South_of_ms,86,0.7694096490246958
us7000e532|region|South_of_ms,us7000e532,region,South_of_ms,87,0.9721556757845405
us7000e532|region|South_of_ms,us7000e532,region,South_of_ms,88,0.8478127806002358
us7000e532|region|South_of_ms,us7000e532,region,South_of_ms,89,0.8093402775082775
us7000e532|region|South_of_ms,us7000e532,region,South_of_ms,90,0.7654385189062275
us7000e532|region|South_of_ms,us7000e532,region,South_of_ms,91,0.9093391991788824
us7000e532|region|South_of_ms,us7000e532,region,South_of_ms,92,0.7181452785561491
us7000e532|region|South_of_ms,us7000e532,region,South_of_ms,93,0.7257548177417966
us7000e532|region|South_of_ms,us7000e532,region,South_of_ms,94,0.7838307982066021
us7000e532|region|South_of_ms,us7000e532,region,South_of_ms,95,0.8722792662642749
us7000e532|region|South_of_ms,us7000e532,region,South_of_ms,96,0.8683071807271893
us7000e532|region|South_of_ms,us7000e532,region,South_of_ms,97,1.0639965628431887
us7000e532|region|South_of_ms,us7000e532,region,South_of_ms,98,0.8456593840852344
us7000e532|region|South_of_ms,us7000e532,region,South_of_ms,99,0.7331463437134035
us7000e532|region|South_of_ms,us7000e532,region,South_of_ms,100,0.9551342985649609
us7000e532|region|South_of_ms,us7000e532,region,South_of_ms,101,0.8657533210522911
us7000e532|region|South_of_ms,us7000e532,region,South_of_ms,102,0.7461023094131323
us7000e532|region|South_of_ms,us7000e532,region,South_of_ms,103,0.9742935475602139
us7000e532|region|South_of_ms,us7000e532,region,South_of_ms,104,0.9084695917638521
us7000e532|region|South_of_ms,us7000e532,region,South_of_ms,105,0.7247208557675741
us7000e532|region|South_of_ms,us7000e532,region,South_of_ms,106,0.7337861331099633
us7000e532|region|South_of_ms,us7000e532,region,South_of_ms,107,0.8655075529096327
us7000e532|region|South_of_ms,us7000e532,region,South_of_ms,108,0.9603852595315797
us7000e532|region|South_of_ms,us7000e532,region,South_of_ms,109,0.8158179350081901
us7000e532|region|South_of_ms,us7000e532,region,South_of_ms,110,0.8683082363693103
us7000e532|region|South_of_ms,us7000e532,region,South_of_ms,111,0.7154131178462914
us7000e532|region|South_of_ms,us7000e532,region,South_of_ms,112,0.8080595673188959
us7000e532|region|South_of_ms,us7000e532,region,South_of_ms,113,0.6793592380710382
us7000e532|region|South_of_ms,us7000e532,region,South_of_ms,114,0.8882340515246011
us7000e532|region|South_of_ms,us7000e532,region,South_of_ms,115,0.9034301088066202
us7000e532|region|South_of_ms,us7000e532,region,South_of_ms,116,0.9381917800275231
us7000e532|region|South_of_ms,us7000e532,region,South_of_ms,117,0.7866313790846424
us7000e532|region|South_of_ms,us7000e532,region,South_of_ms,118,0.777179825293116
us7000e532|region|South_of_ms,us7000e532,region,South_of_ms,119,0.8247638930067677
us7000e532|region|South_of_ms,us7000e532,region,South_of_ms,120,0.9031285686945819
us7000e532|region|South_of_ms,us7000e532,region,South_of_ms,121,1.0500300297370229
us7000e532|region|South_of_ms,us7000e532,region,South_of_ms,122,0.626048436191772
us7000e532|region|South_of_ms,us7000e532,region,South_of_ms,123,0.8524414735776289
us7000e532|region|South_of_ms,us7000e532,region,South_of_ms,124,0.9576237695835811
us7000e532|region|South_of_ms,us7000e532,region,South_of_ms,125,1.0631280608223472
us7000e532|region|South_of_ms,us7000e532,region,South_of_ms,126,0.7300269931235468
us7000e532|region|South_of_ms,us7000e532,region,South_of_ms,127,0.8299768468473601
us7000e532|region|South_of_ms,us7000e532,region,South_of_ms,128,0.9056338465277383
us7000e532|region|South_of_ms,us7000e532,region,South_of_ms,129,0.9174063627118156
us7000e532|region|South_of_ms,us7000e532,region,South_of_ms,130,0.7698924981149923
us7000e532|region|South_of_ms,us7000e532,region,South_of_ms,131,0.8611292810603121
us7000e532|region|South_of_ms,us7000e532,region,South_of_ms,132,0.8351489086418239
us7000e532|region|South_of_ms,us7000e532,region,South_of_ms,133,0.8528041785812299
us7000e532|region|South_of_ms,us7000e532,region,South_of_ms,134,0.8315486122879105
us7000e532|region|South_of_ms,us7000e532,region,South_of_ms,135,0.7377557426576348
us7000e532|region|South_of_ms,us7000e532,region,South_of_ms,136,0.9956975804181972
us7000e532|region|South_of_ms,us7000e532,region,South_of_ms,137,0.7417275667213828
us7000e532|region|South_of_ms,us7000e532,region,South_of_ms,138,0.7027088267184864
us7000e532|region|South_of_ms,us7000e532,region,South_of_ms,139,0.8678202188406595
us7000e532|region|South_of_ms,us7000e532,region,South_of_ms,140,0.9022768710127586
us7000e532|region|South_of_ms,us7000e532,region,South_of_ms,141,0.7156205487685372
us7000e532|region|South_of_ms,us7000e532,region,South_of_ms,142,0.8739735081108247
us7000e532|region|South_of_ms,us7000e532,region,South_of_ms,143,0.8782952055431525
us7000e532|region|South_of_ms,us7000e532,region,South_of_ms,144,0.9506364573730977
us7000e532|region|South_of_ms,us7000e532,region,South_of_ms,145,0.8845286198635416
us7000e532|region|South_of_ms,us7000e532,region,South_of_ms,146,0.8630408987856119
us7000e532|region|South_of_ms,us7000e532,region,South_of_ms,147,0.7950059614128426
us7000e532|region|South_of_ms,us7000e532,region,South_of_ms,148,0.8006386319469585
us7000e532|region|South_of_ms,us7000e532,region,South_of_ms,149,0.5979226123156027
us7000e532|region|South_of_ms,us7000e532,region,South_of_ms,150,0.6945775644279673
us7000e532|region|South_of_ms,us7000e532,region,South_of_ms,151,0.8825355418350628
us7000e532|region|South_of_ms,us7000e532,region,South_of_ms,152,0.816084434068841
us7000e532|region|South_of_ms,us7000e532,region,South_of_ms,153,0.8754430860091815
us7000e532|region|South_of_ms,us7000e532,region,South_of_ms,154,0.9225008757446881
us7000e532|region|South_of_ms,us7000e532,region,South_of_ms,155,0.8734823376097113
us7000e532|region|South_of_ms,us7000e532,region,South_of_ms,156,0.7877070783975868
us7000e532|region|South_of_ms,us7000e532,region,South_of_ms,157,0.8227353560802481
us7000e532|region|South_of_ms,us7000e532,region,South_of_ms,158,0.8723763889748387
us7000e532|region|South_of_ms,us7000e532,region,South_of_ms,159,0.7178367040956
us7000e532|region|South_of_ms,us7000e532,region,South_of_ms,160,0.6478106681774741
us7000e532|region|South_of_ms,us7000e532,region,South_of_ms,161,0.7570857798983348
us7000e532|region|South_of_ms,us7000e532,region,South_of_ms,162,0.7886335436937285
us7000e532|region|South_of_ms,us7000e532,region,South_of_ms,163,0.719211270304811
us7000e532|region|South_of_ms,us7000e532,region,South_of_ms,164,0.8946391168680827
us7000e532|region|South_of_ms,us7000e532,region,South_of_ms,165,0.930246908911106
us7000e532|region|South_of_ms,us7000e532,region,South_of_ms,166,0.8858638901688942
us7000e532|region|South_of_ms,us7000e532,region,South_of_ms,167,0.9629012228163478
us7000e532|region|South_of_ms,us7000e532,region,South_of_ms,168,0.6812383923776553
us7000e532|region|South_of_ms,us7000e532,region,South_of_ms,169,0.816827274334903
us7000e532|region|South_of_ms,us7000e532,region,South_of_ms,170,0.9433331028071313
us7000e532|region|South_of_ms,us7000e532,region,South_of_ms,171,0.7932016933014311
us7000e532|region|South_of_ms,us7000e532,region,South_of_ms,172,0.8055779144711582
us7000e532|region|South_of_ms,us7000e532,region,South_of_ms,173,1.0035409161438498
us7000e532|region|South_of_ms,us7000e532,region,South_of_ms,174,0.8525394457539585
us7000e532|region|South_of_ms,us7000e532,region,South_of_ms,175,0.7702459498245537
us7000e532|region|South_of_ms,us7000e532,region,South_of_ms,176,0.7092411937032895
us7000e532|region|South_of_ms,us7000e532,region,South_of_ms,177,0.7559183283626698
us7000e532|region|South_of_ms,us7000e532,region,South_of_ms,178,0.8496418439538588
us7000e532|region|South_of_ms,us7000e532,region,South_of_ms,179,0.9337871630280818
us7000e532|region|South_of_ms,us7000e532,region,South_of_ms,180,0.8476551847820726
us7000e532|region|South_of_ms,us7000e532,region,South_of_ms,181,0.804828859057097
us7000e532|region|South_of_ms,us7000e532,region,South_of_ms,182,0.7362513372376575
us7000e532|region|South_of_ms,us7000e532,region,South_of_ms,183,0.8287025539530593
us7000e532|region|South_of_ms,us7000e532,region,South_of_ms,184,0.8540576365094451
us7000e532|region|South_of_ms,us7000e532,region,South_of_ms,185,0.9088504797425773
us7000e532|region|South_of_ms,us7000e532,region,South_of_ms,186,1.0020904194261686
us7000e532|region|South_of_ms,us7000e532,region,South_of_ms,187,0.7595155394486643
us7000e532|region|South_of_ms,us7000e532,region,South_of_ms,188,0.8205046677097219
us7000e532|region|South_of_ms,us7000e532,region,South_of_ms,189,0.7219322953424309
us7000e532|region|South_of_ms,us7000e532,region,South_of_ms,190,0.7723369082976537
us7000e532|region|South_of_ms,us7000e532,region,South_of_ms,191,0.8319548418891012
us7000e532|region|South_of_ms,us7000e532,region,South_of_ms,192,0.6781611261573146
us7000e532|region|South_of_ms,us7000e532,region,South_of_ms,193,0.7658458654504079
us7000e532|region|South_of_ms,us7000e532,region,South_of_ms,194,0.8663682652298493
us7000e532|region|South_of_ms,us7000e532,region,South_of_ms,195,0.9128623472913464
us7000e532|region|South_of_ms,us7000e532,region,South_of_ms,196,0.7391427835234947
us7000e532|region|South_of_ms,us7000e532,region,South_of_ms,197,0.9780124112096443
us7000e532|region|South_of_ms,us7000e532,region,South_of_ms,198,0.8955318868992351
us7000e532|region|South_of_ms,us7000e532,region,South_of_ms,199,0.7773404799273809
us7000e532|region|North_of_ms,us7000e532,region,North_of_ms,0,0.2
us7000e532|region|North_of_ms,us7000e532,region,North_of_ms,1,0.43723381538938316
us7000e532|region|North_of_ms,us7000e532,region,North_of_ms,2,0.2
us7000e532|region|North_of_ms,us7000e532,region,North_of_ms,3,0.2
us7000e532|region|North_of_ms,us7000e532,region,North_of_ms,4,0.42842809183528285
us7000e532|region|North_of_ms,us7000e532,region,North_of_ms,5,0.2
us7000e532|region|North_of_ms,us7000e532,region,North_of_ms,6,0.37154400791618397
us7000e532|region|North_of_ms,us7000e532,region,North_of_ms,7,0.2
us7000e532|region|North_of_ms,us7000e532,region,North_of_ms,8,0.25637942438270345
us7000e532|region|North_of_ms,us7000e532,region,North_of_ms,9,0.24394249484653413
us7000e532|region|North_of_ms,us7000e532,region,North_of_ms,10,0.3144075723166798
us7000e532|region|North_of_ms,us7000e532,region,North_of_ms,11,0.2800436378988573
us7000e532|region|North_of_ms,us7000e532,region,North_of_ms,12,0.2
us7000e532|region|North_of_ms,us7000e532,region,North_of_ms,13,0.2594975497490153
us7000e532|region|North_of_ms,us7000e532,region,North_of_ms,14,0.2
us7000e532|region|North_of_ms,us7000e532,region,North_of_ms,15,0.2
us7000e532|region|North_of_ms,us7000e532,region,North_of_ms,16,0.2
us7000e532|region|North_of_ms,us7000e532,region,North_of_ms,17,0.2
us7000e532|region|North_of_ms,us7000e532,region,North_of_ms,18,0.2815879876938191
us7000e532|region|North_of_ms,us7000e532,region,North_of_ms,19,0.2
us7000e532|region|North_of_ms,us7000e532,region,North_of_ms,20,0.2
us7000e532|region|North_of_ms,us7000e532,region,North_of_ms,21,0.3732984401389039
us7000e532|region|North_of_ms,us7000e532,region,North_of_ms,22,0.43843102563044073
us7000e532|region|North_of_ms,us7000e532,region,North_of_ms,23,0.49668877924841504
us7000e532|region|North_of_ms,us7000e532,region,North_of_ms,24,0.2051258287111582
us7000e532|region|North_of_ms,us7000e532,region,North_of_ms,25,0.2
us7000e532|region|North_of_ms,us7000e532,region,North_of_ms,26,0.2
us7000e532|region|North_of_ms,us7000e532,region,North_of_ms,27,0.4285185845142654
us7000e532|region|North_of_ms,us7000e532,region,North_of_ms,28,0.3466062178552184
us7000e532|region|North_of_ms,us7000e532,region,North_of_ms,29,0.24332714221791313
us7000e532|region|North_of_ms,us7000e532,region,North_of_ms,30,0.2
us7000e532|region|North_of_ms,us7000e532,region,North_of_ms,31,0.4326998095938641
us7000e532|region|North_of_ms,us7000e532,region,North_of_ms,32,0.2
us7000e532|region|North_of_ms,us7000e532,region,North_of_ms,33,0.33058083517881237
us7000e532|region|North_of_ms,us7000e532,region,North_of_ms,34,0.2
us7000e532|region|North_of_ms,us7000e532,region,North_of_ms,35,0.602387570185087
us7000e532|region|North_of_ms,us7000e532,region,North_of_ms,36,0.24325987721049216
us7000e532|region|North_of_ms,us7000e532,region,North_of_ms,37,0.2
us7000e532|region|North_of_ms,us7000e532,region,North_of_ms,38,0.25002797096893176
us7000e532|region|North_of_ms,us7000e532,region,North_of_ms,39,0.25591350258399315
us7000e532|region|North_of_ms,us7000e532,region,North_of_ms,40,0.26776504806727536
us7000e532|region|North_of_ms,us7000e532,region,North_of_ms,41,0.2
us7000e532|region|North_of_ms,us7000e532,region,North_of_ms,42,0.2
us7000e532|region|North_of_ms,us7000e532,region,North_of_ms,43,0.2
us7000e532|region|North_of_ms,us7000e532,region,North_of_ms,44,0.2
us7000e532|region|North_of_ms,us7000e532,region,North_of_ms,45,0.24762788510902844
us7000e532|region|North_of_ms,us7000e532,region,North_of_ms,46,0.5028756896037763
us7000e532|region|North_of_ms,us7000e532,region,North_of_ms,47,0.2667356233665514
us7000e532|region|North_of_ms,us7000e532,region,North_of_ms,48,0.2
us7000e532|region|North_of_ms,us7000e532,region,North_of_ms,49,0.2
us7000e532|region|North_of_ms,us7000e532,region,North_of_ms,50,0.2
us7000e532|region|North_of_ms,us7000e532,region,North_of_ms,51,0.39448483960615427
us7000e532|region|North_of_ms,us7000e532,region,North_of_ms,52,0.4673342492354096
us7000e532|region|North_of_ms,us7000e532,region,North_of_ms,53,0.31988065603185967
us7000e532|region|North_of_ms,us7000e532,region,North_of_ms,54,0.2476716374088441
us7000e532|region|North_of_ms,us7000e532,region,North_of_ms,55,0.2229281727939671
us7000e532|region|North_of_ms,us7000e532,region,North_of_ms,56,0.3532217656472165
us7000e532|region|North_of_ms,us7000e532,region,North_of_ms,57,0.2
us7000e532|region|North_of_ms,us7000e532,region,North_of_ms,58,0.2
us7000e532|region|North_of_ms,us7000e532,region,North_of_ms,59,0.2911175078463215
us7000e532|region|North_of_ms,us7000e532,region,North_of_ms,60,0.5531261366203418
us7000e532|region|North_of_ms,us7000e532,region,North_of_ms,61,0.2
us7000e532|region|North_of_ms,us7000e532,region,North_of_ms,62,0.33006686767265175
us7000e532|region|North_of_ms,us7000e532,region,North_of_ms,63,0.2
us7000e532|region|North_of_ms,us7000e532,region,North_of_ms,64,0.2
us7000e532|region|North_of_ms,us7000e532,region,North_of_ms,65,0.21518586908877974
us7000e532|region|North_of_ms,us7000e532,region,North_of_ms,66,0.20089685076988067
us7000e532|region|North_of_ms,us7000e532,region,North_of_ms,67,0.2
us7000e532|region|North_of_ms,us7000e532,region,North_of_ms,68,0.2
us7000e532|region|North_of_ms,us7000e532,region,North_of_ms,69,0.2
us7000e532|region|North_of_ms,us7000e532,region,North_of_ms,70,0.3231363853768778
us7000e532|region|North_of_ms,us7000e532,region,North_of_ms,71,0.3394604694889712
us7000e532|region|North_of_ms,us7000e532,region,North_of_ms,72,0.3817941216165124
us7000e532|region|North_of_ms,us7000e532,region,North_of_ms,73,0.2
us7000e532|region|North_of_ms,us7000e532,region,North_of_ms,74,0.39862042320019914
us7000e532|region|North_of_ms,us7000e532,region,North_of_ms,75,0.4370516282705353
us7000e532|region|North_of_ms,us7000e532,region,North_of_ms,76,0.44031428092373043
us7000e532|region|North_of_ms,us7000e532,region,North_of_ms,77,0.2
us7000e532|region|North_of_ms,us7000e532,region,North_of_ms,78,0.36547681452727465
us7000e532|region|North_of_ms,us7000e532,region,North_of_ms,79,0.2
us7000e532|region|North_of_ms,us7000e532,region,North_of_ms,80,0.2
us7000e532|region|North_of_ms,us7000e532,region,North_of_ms,81,0.26809739585989445
us7000e532|region|North_of_ms,us7000e532,region,North_of_ms,82,0.2365193991815753
us7000e532|region|North_of_ms,us7000e532,region,North_of_ms,83,0.25385728828719295
us7000e532|region|North_of_ms,us7000e532,region,North_of_ms,84,0.30281902065283217
us7000e532|region|North_of_ms,us7000e532,region,North_of_ms,85,0.3073709626743626
us7000e532|region|North_of_ms,us7000e532,region,North_of_ms,86,0.29348334960297906
us7000e532|region|North_of_ms,us7000e532,region,North_of_ms,87,0.3623333930595012
us7000e532|region|North_of_ms,us7000e532,region,North_of_ms,88,0.32693703430638915
us7000e532|region|North_of_ms,us7000e532,region,North_of_ms,89,0.20005991606684415
us7000e532|region|North_of_ms,us7000e532,region,North_of_ms,90,0.2
us7000e532|region|North_of_ms,us7000e532,region,North_of_ms,91,0.33055138370586234
us7000e532|region|North_of_ms,us7000e532,region,North_of_ms,92,0.4854557252065252
us7000e532|region|North_of_ms,us7000e532,region,North_of_ms,93,0.31587926135897393
us7000e532|region|North_of_ms,us7000e532,region,North_of_ms,94,0.38445223612504825
us7000e532|region|North_of_ms,us7000e532,region,North_of_ms,95,0.2810882600270049
us7000e532|region|North_of_ms,us7000e532,region,North_of_ms,96,0.5180244404777216
us7000e532|region|North_of_ms,us7000e532,region,North_of_ms,97,0.39445288822889085
us7000e532|region|North_of_ms,us7000e532,region,North_of_ms,98,0.39302455593476926
us7000e532|region|North_of_ms,us7000e532,region,North_of_ms,99,0.2
us7000e532|region|North_of_ms,us7000e532,region,North_of_ms,100,0.2
us7000e532|region|North_of_ms,us7000e532,region,North_of_ms,101,0.2
us7000e532|region|North_of_ms,us7000e532,region,North_of_ms,102,0.2
us7000e532|region|North_of_ms,us7000e532,region,North_of_ms,103,0.2
us7000e532|region|North_of_ms,us7000e532,region,North_of_ms,104,0.2
us7000e532|region|North_of_ms,us7000e532,region,North_of_ms,105,0.2
us7000e532|region|North_of_ms,us7000e532,region,North_of_ms,106,0.4708427868133047
us7000e532|region|North_of_ms,us7000e532,region,North_of_ms,107,0.2
us7000e532|region|North_of_ms,us7000e532,region,North_of_ms,108,0.3584094834995608
us7000e532|region|North_of_ms,us7000e532,region,North_of_ms,109,0.34327048409683203
us7000e532|region|North_of_ms,us7000e532,region,North_of_ms,110,0.2
us7000e532|region|North_of_ms,us7000e532,region,North_of_ms,111,0.2
us7000e532|region|North_of_ms,us7000e532,region,North_of_ms,112,0.365140598448394
us7000e532|region|North_of_ms,us7000e532,region,North_of_ms,113,0.42187515750297
us7000e532|region|North_of_ms,us7000e532,region,North_of_ms,114,0.6298358463766268
us7000e532|region|North_of_ms,us7000e532,region,North_of_ms,115,0.38555077466363274
us7000e532|region|North_of_ms,us7000e532,region,North_of_ms,116,0.32627595333035797
us7000e532|region|North_of_ms,us7000e532,region,North_of_ms,117,0.2068145537986715
us7000e532|region|North_of_ms,us7000e532,region,North_of_ms,118,0.4107861003407682
us7000e532|region|North_of_ms,us7000e532,region,North_of_ms,119,0.25492981736261694
us7000e532|region|North_of_ms,us7000e532,region,North_of_ms,120,0.27999892761885237
us7000e532|region|North_of_ms,us7000e532,region,North_of_ms,121,0.2
us7000e532|region|North_of_ms,us7000e532,region,North_of_ms,122,0.2
us7000e532|region|North_of_ms,us7000e532,region,North_of_ms,123,0.2
us7000e532|region|North_of_ms,us7000e532,region,North_of_ms,124,0.2
us7000e532|region|North_of_ms,us7000e532,region,North_of_ms,125,0.33353761457397507
us7000e532|region|North_of_ms,us7000e532,region,North_of_ms,126,0.4432323985970044
us7000e532|region|North_of_ms,us7000e532,region,North_of_ms,127,0.2
us7000e532|region|North_of_ms,us7000e532,region,North_of_ms,128,0.2
us7000e532|region|North_of_ms,us7000e532,region,North_of_ms,129,0.2
us7000e532|region|North_of_ms,us7000e532,region,North_of_ms,130,0.2
us7000e532|region|North_of_ms,us7000e532,region,North_of_ms,131,0.355082402883329
us7000e532|region|North_of_ms,us7000e532,region,North_of_ms,132,0.30063398961900084
us7000e532|region|North_of_ms,us7000e532,region,North_of_ms,133,0.3287739394030179
us7000e532|region|North_of_ms,us7000e532,region,North_of_ms,134,0.2
us7000e532|region|North_of_ms,us7000e532,region,North_of_ms,135,0.2
us7000e532|region|North_of_ms,us7000e532,region,North_of_ms,136,0.2
us7000e532|region|North_of_ms,us7000e532,region,North_of_ms,137,0.3320448600230613
us7000e532|region|North_of_ms,us7000e532,region,North_of_ms,138,0.2665708358169632
us7000e532|region|North_of_ms,us7000e532,region,North_of_ms,139,0.2
us7000e532|region|North_of_ms,us7000e532,region,North_of_ms,140,0.23054137757115203
us7000e532|region|North_of_ms,us7000e532,region,North_of_ms,141,0.3636753220622676
us7000e532|region|North_of_ms,us7000e532,region,North_of_ms,142,0.22179178204671668
us7000e532|region|North_of_ms,us7000e532,region,North_of_ms,143,0.2
us7000e532|region|North_of_ms,us7000e532,region,North_of_ms,144,0.42050671197405043
us7000e532|region|North_of_ms,us7000e532,region,North_of_ms,145,0.2
us7000e532|region|North_of_ms,us7000e532,region,North_of_ms,146,0.2
us7000e532|region|North_of_ms,us7000e532,region,North_of_ms,147,0.2
us7000e532|region|North_of_ms,us7000e532,region,North_of_ms,148,0.2
us7000e532|region|North_of_ms,us7000e532,region,North_of_ms,149,0.2
us7000e532|region|North_of_ms,us7000e532,region,North_of_ms,150,0.2
us7000e532|region|North_of_ms,us7000e532,region,North_of_ms,151,0.23496755354849633
us7000e532|region|North_of_ms,us7000e532,region,North_of_ms,152,0.3336802727197861
us7000e532|region|North_of_ms,us7000e532,region,North_of_ms,153,0.2
us7000e532|region|North_of_ms,us7000e532,region,North_of_ms,154,0.4350779260491513
us7000e532|region|North_of_ms,us7000e532,region,North_of_ms,155,0.22376178873366273
us7000e532|region|North_of_ms,us7000e532,region,North_of_ms,156,0.3689961042611256
us7000e532|region|North_of_ms,us7000e532,region,North_of_ms,157,0.32197500616456676
us7000e532|region|North_of_ms,us7000e532,region,North_of_ms,158,0.3360928156022883
us7000e532|region|North_of_ms,us7000e532,region,North_of_ms,159,0.2
us7000e532|region|North_of_ms,us7000e532,region,North_of_ms,160,0.24827350581306998
us7000e532|region|North_of_ms,us7000e532,region,North_of_ms,161,0.24930045386282504
us7000e532|region|North_of_ms,us7000e532,region,North_of_ms,162,0.37249011090665757
us7000e532|region|North_of_ms,us7000e532,region,North_of_ms,163,0.2
us7000e532|region|North_of_ms,us7000e532,region,North_of_ms,164,0.2
us7000e532|region|North_of_ms,us7000e532,region,North_of_ms,165,0.2
us7000e532|region|North_of_ms,us7000e532,region,North_of_ms,166,0.395471850092731
us7000e532|region|North_of_ms,us7000e532,region,North_of_ms,167,0.47852770735192546
us7000e532|region|North_of_ms,us7000e532,region,North_of_ms,168,0.45829389854716335
us7000e532|region|North_of_ms,us7000e532,region,North_of_ms,169,0.3773611795955221
us7000e532|region|North_of_ms,us7000e532,region,North_of_ms,170,0.38391276868024493
us7000e532|region|North_of_ms,us7000e532,region,North_of_ms,171,0.2
us7000e532|region|North_of_ms,us7000e532,region,North_of_ms,172,0.2
us7000e532|region|North_of_ms,us7000e532,region,North_of_ms,173,0.2
us7000e532|region|North_of_ms,us7000e532,region,North_of_ms,174,0.2
us7000e532|region|North_of_ms,us7000e532,region,North_of_ms,175,0.38972274231583987
us7000e532|region|North_of_ms,us7000e532,region,North_of_ms,176,0.32396677288870984
us7000e532|region|North_of_ms,us7000e532,region,North_of_ms,177,0.36722974099918576
us7000e532|region|North_of_ms,us7000e532,region,North_of_ms,178,0.2
us7000e532|region|North_of_ms,us7000e532,region,North_of_ms,179,0.3173128282136061
us7000e532|region|North_of_ms,us7000e532,region,North_of_ms,180,0.2576418975190653
us7000e532|region|North_of_ms,us7000e532,region,North_of_ms,181,0.35653378454382084
us7000e532|region|North_of_ms,us7000e532,region,North_of_ms,182,0.2
us7000e532|region|North_of_ms,us7000e532,region,North_of_ms,183,0.45037875593896787
us7000e532|region|North_of_ms,us7000e532,region,North_of_ms,184,0.2631997882405488
us7000e532|region|North_of_ms,us7000e532,region,North_of_ms,185,0.3258961697302156
us7000e532|region|North_of_ms,us7000e532,region,North_of_ms,186,0.2
us7000e532|region|North_of_ms,us7000e532,region,North_of_ms,187,0.5000126364945121
us7000e532|region|North_of_ms,us7000e532,region,North_of_ms,188,0.2
us7000e532|region|North_of_ms,us7000e532,region,North_of_ms,189,0.2
us7000e532|region|North_of_ms,us7000e532,region,North_of_ms,190,0.2
us7000e532|region|North_of_ms,us7000e532,region,North_of_ms,191,0.2
us7000e532|region|North_of_ms,us7000e532,region,North_of_ms,192,0.2
us7000e532|region|North_of_ms,us7000e532,region,North_of_ms,193,0.5233977130903149
us7000e532|region|North_of_ms,us7000e532,region,North_of_ms,194,0.23169198659810408
us7000e532|region|North_of_ms,us7000e532,region,North_of_ms,195,0.442229345264046
us7000e532|region|North_of_ms,us7000e532,region,North_of_ms,196,0.5141163057376003
us7000e532|region|North_of_ms,us7000e532,region,North_of_ms,197,0.2
us7000e532|region|North_of_ms,us7000e532,region,North_of_ms,198,0.2
us7000e532|region|North_of_ms,us7000e532,region,North_of_ms,199,0.37953853381653546
us7000e532|ring|0-400km,us7000e532,ring,0-400km,0,0.6814925196984423
us7000e532|ring|0-400km,us7000e532,ring,0-400km,1,0.5550358628052704
us7000e532|ring|0-400km,us7000e532,ring,0-400km,2,0.601625122290189
us7000e532|ring|0-400km,us7000e532,ring,0-400km,3,0.6943376092082624
us7000e532|ring|0-400km,us7000e532,ring,0-400km,4,0.6010289439462139
us7000e532|ring|0-400km,us7000e532,ring,0-400km,5,0.5723331666540303
us7000e532|ring|0-400km,us7000e532,ring,0-400km,6,0.6493179416625198
us7000e532|ring|0-400km,us7000e532,ring,0-400km,7,0.6003566483302201
us7000e532|ring|0-400km,us7000e532,ring,0-400km,8,0.5674992382437065
us7000e532|ring|0-400km,us7000e532,ring,0-400km,9,0.7603545963560836
us7000e532|ring|0-400km,us7000e532,ring,0-400km,10,0.5642928539707855
us7000e532|ring|0-400km,us7000e532,ring,0-400km,11,0.677824118366073
us7000e532|ring|0-400km,us7000e532,ring,0-400km,12,0.7689224464570721
us7000e532|ring|0-400km,us7000e532,ring,0-400km,13,0.578471935405617
us7000e532|ring|0-400km,us7000e532,ring,0-400km,14,0.6496454598141055
us7000e532|ring|0-400km,us7000e532,ring,0-400km,15,0.6811454119709098
us7000e532|ring|0-400km,us7000e532,ring,0-400km,16,0.7310290389442451
us7000e532|ring|0-400km,us7000e532,ring,0-400km,17,0.6911697394094571
us7000e532|ring|0-400km,us7000e532,ring,0-400km,18,0.6588924153336172
us7000e532|ring|0-400km,us7000e532,ring,0-400km,19,0.6188876321745221
us7000e532|ring|0-400km,us7000e532,ring,0-400km,20,0.6383762100395312
us7000e532|ring|0-400km,us7000e532,ring,0-400km,21,0.6449298732573278
us7000e532|ring|0-400km,us7000e532,ring,0-400km,22,0.7241822243450745
us7000e532|ring|0-400km,us7000e532,ring,0-400km,23,0.6503450906588301
us7000e532|ring|0-400km,us7000e532,ring,0-400km,24,0.571560626603031
us7000e532|ring|0-400km,us7000e532,ring,0-400km,25,0.696875175494334
us7000e532|ring|0-400km,us7000e532,ring,0-400km,26,0.7546148458980447
us7000e532|ring|0-400km,us7000e532,ring,0-400km,27,0.548095795420685
us7000e532|ring|0-400km,us7000e532,ring,0-400km,28,0.7256799774364346
us7000e532|ring|0-400km,us7000e532,ring,0-400km,29,0.5883725544031774
us7000e532|ring|0-400km,us7000e532,ring,0-400km,30,0.6872421666082039
us7000e532|ring|0-400km,us7000e532,ring,0-400km,31,0.5666101476271489
us7000e532|ring|0-400km,us7000e532,ring,0-400km,32,0.7552918396426738
us7000e532|ring|0-400km,us7000e532,ring,0-400km,33,0.7588664408851028
us7000e532|ring|0-400km,us7000e532,ring,0-400km,34,0.6530225385759987
us7000e532|ring|0-400km,us7000e532,ring,0-400km,35,0.589240613034335
us7000e532|ring|0-400km,us7000e532,ring,0-400km,36,0.6966237386850777
us7000e532|ring|0-400km,us7000e532,ring,0-400km,37,0.6718448946138488
us7000e532|ring|0-400km,us7000e532,ring,0-400km,38,0.7237152848575068
us7000e532|ring|0-400km,us7000e532,ring,0-400km,39,0.6428873649259501
us7000e532|ring|0-400km,us7000e532,ring,0-400km,40,0.6401715569043
us7000e532|ring|0-400km,us7000e532,ring,0-400km,41,0.6382505064111166
us7000e532|ring|0-400km,us7000e532,ring,0-400km,42,0.4266080960638578
us7000e532|ring|0-400km,us7000e532,ring,0-400km,43,0.48299262446234476
us7000e532|ring|0-400km,us7000e532,ring,0-400km,44,0.5343445447147842
us7000e532|ring|0-400km,us7000e532,ring,0-400km,45,0.5995622567929513
us7000e532|ring|0-400km,us7000e532,ring,0-400km,46,0.636835907317353
us7000e532|ring|0-400km,us7000e532,ring,0-400km,47,0.764526924275439
us7000e532|ring|0-400km,us7000e532,ring,0-400km,48,0.7738725659787139
us7000e532|ring|0-400km,us7000e532,ring,0-400km,49,0.6111668383415422
us7000e532|ring|0-400km,us7000e532,ring,0-400km,50,0.7058869859693016
us7000e532|ring|0-400km,us7000e532,ring,0-400km,51,0.5618432798408002
us7000e532|ring|0-400km,us7000e532,ring,0-400km,52,0.6478461413133653
us7000e532|ring|0-400km,us7000e532,ring,0-400km,53,0.5652213562227415
us7000e532|ring|0-400km,us7000e532,ring,0-400km,54,0.3401644295092915
us7000e532|ring|0-400km,us7000e532,ring,0-400km,55,0.5769124948972859
us7000e532|ring|0-400km,us7000e532,ring,0-400km,56,0.7261582593088431
us7000e532|ring|0-400km,us7000e532,ring,0-400km,57,0.7070555315554529
us7000e532|ring|0-400km,us7000e532,ring,0-400km,58,0.6176444545282955
us7000e532|ring|0-400km,us7000e532,ring,0-400km,59,0.5037037872978952
us7000e532|ring|0-400km,us7000e532,ring,0-400km,60,0.4632473757659578
us7000e532|ring|0-400km,us7000e532,ring,0-400km,61,0.49913863048599555
us7000e532|ring|0-400km,us7000e532,ring,0-400km,62,0.6289418430184153
us7000e532|ring|0-400km,us7000e532,ring,0-400km,63,0.7382553405602689
us7000e532|ring|0-400km,us7000e532,ring,0-400km,64,0.5780487686185006
us7000e532|ring|0-400km,us7000e532,ring,0-400km,65,0.6837911316965186
us7000e532|ring|0-400km,us7000e532,ring,0-400km,66,0.5674619956308178
us7000e532|ring|0-400km,us7000e532,ring,0-400km,67,0.568388183339874
us7000e532|ring|0-400km,us7000e532,ring,0-400km,68,0.43017643409663076
us7000e532|ring|0-400km,us7000e532,ring,0-400km,69,0.677413320553791
us7000e532|ring|0-400km,us7000e532,ring,0-400km,70,0.5479422370802128
us7000e532|ring|0-400km,us7000e532,ring,0-400km,71,0.5773341353346026
us7000e532|ring|0-400km,us7000e532,ring,0-400km,72,0.5656442792212649
us7000e532|ring|0-400km,us7000e532,ring,0-400km,73,0.709549038614087
us7000e532|ring|0-400km,us7000e532,ring,0-400km,74,0.6099834970705459
us7000e532|ring|0-400km,us7000e532,ring,0-400km,75,0.6937133309495039
us7000e532|ring|0-400km,us7000e532,ring,0-400km,76,0.7040170442135948
us7000e532|ring|0-400km,us7000e532,ring,0-400km,77,0.6172088301947566
us7000e532|ring|0-400km,us7000e532,ring,0-400km,78,0.6347518885032524
us7000e532|ring|0-400km,us7000e532,ring,0-400km,79,0.6870312015332247
us7000e532|ring|0-400km,us7000e532,ring,0-400km,80,0.6357938121701764
us7000e532|ring|0-400km,us7000e532,ring,0-400km,81,0.6988955659205933
us7000e532|ring|0-400km,us7000e532,ring,0-400km,82,0.5561529307148412
us7000e532|ring|0-400km,us7000e532,ring,0-400km,83,0.7110355769899834
us7000e532|ring|0-400km,us7000e532,ring,0-400km,84,0.6385340133014366
us7000e532|ring|0-400km,us7000e532,ring,0-400km,85,0.8141957708716296
us7000e532|ring|0-400km,us7000e532,ring,0-400km,86,0.6525852568739939
us7000e532|ring|0-400km,us7000e532,ring,0-400km,87,0.43068746273834224
us7000e532|ring|0-400km,us7000e532,ring,0-400km,88,0.5283171700130859
us7000e532|ring|0-400km,us7000e532,ring,0-400km,89,0.6172461412833005
us7000e532|ring|0-400km,us7000e532,ring,0-400km,90,0.5410702382984833
us7000e532|ring|0-400km,us7000e532,ring,0-400km,91,0.6686859041554573
us7000e532|ring|0-400km,us7000e532,ring,0-400km,92,0.733420304522157
us7000e532|ring|0-400km,us7000e532,ring,0-400km,93,0.5263684680617677
us7000e532|ring|0-400km,us7000e532,ring,0-400km,94,0.621695336064509
us7000e532|ring|0-400km,us7000e532,ring,0-400km,95,0.6114898852324201
us7000e532|ring|0-400km,us7000e532,ring,0-400km,96,0.6063191826220286
us7000e532|ring|0-400km,us7000e532,ring,0-400km,97,0.7291918373515482
us7000e532|ring|0-400km,us7000e532,ring,0-400km,98,0.6556276124570932
us7000e532|ring|0-400km,us7000e532,ring,0-400km,99,0.5587602300599827
us7000e532|ring|0-400km,us7000e532,ring,0-400km,100,0.5941023965031799
us7000e532|ring|0-400km,us7000e532,ring,0-400km,101,0.628918316052286
us7000e532|ring|0-400km,us7000e532,ring,0-400km,102,0.6615338821776562
us7000e532|ring|0-400km,us7000e532,ring,0-400km,103,0.6877621497840667
us7000e532|ring|0-400km,us7000e532,ring,0-400km,104,0.7012326989341098
us7000e532|ring|0-400km,us7000e532,ring,0-400km,105,0.5158701358744601
us7000e532|ring|0-400km,us7000e532,ring,0-400km,106,0.6050636886274443
us7000e532|ring|0-400km,us7000e532,ring,0-400km,107,0.6456826573812657
us7000e532|ring|0-400km,us7000e532,ring,0-400km,108,0.7199349310637724
us7000e532|ring|0-400km,us7000e532,ring,0-400km,109,0.5884166012796422
us7000e532|ring|0-400km,us7000e532,ring,0-400km,110,0.6195874559360549
us7000e532|ring|0-400km,us7000e532,ring,0-400km,111,0.635557647554785
us7000e532|ring|0-400km,us7000e532,ring,0-400km,112,0.6166980730763422
us7000e532|ring|0-400km,us7000e532,ring,0-400km,113,0.698665086966252
us7000e532|ring|0-400km,us7000e532,ring,0-400km,114,0.6419210216130319
us7000e532|ring|0-400km,us7000e532,ring,0-400km,115,0.5832361990464016
us7000e532|ring|0-400km,us7000e532,ring,0-400km,116,0.6678932747930081
us7000e532|ring|0-400km,us7000e532,ring,0-400km,117,0.5555153241777189
us7000e532|ring|0-400km,us7000e532,ring,0-400km,118,0.5770755280813801
us7000e532|ring|0-400km,us7000e532,ring,0-400km,119,0.7234644539010048
us7000e532|ring|0-400km,us7000e532,ring,0-400km,120,0.6207832984606176
us7000e532|ring|0-400km,us7000e532,ring,0-400km,121,0.6337685271257822
us7000e532|ring|0-400km,us7000e532,ring,0-400km,122,0.7105195389220371
us7000e532|ring|0-400km,us7000e532,ring,0-400km,123,0.7094732414380711
us7000e532|ring|0-400km,us7000e532,ring,0-400km,124,0.7002860966839655
us7000e532|ring|0-400km,us7000e532,ring,0-400km,125,0.5674046065697786
us7000e532|ring|0-400km,us7000e532,ring,0-400km,126,0.5579877262802015
us7000e532|ring|0-400km,us7000e532,ring,0-400km,127,0.5982757640839721
us7000e532|ring|0-400km,us7000e532,ring,0-400km,128,0.5913100076730425
us7000e532|ring|0-400km,us7000e532,ring,0-400km,129,0.735227431949555
us7000e532|ring|0-400km,us7000e532,ring,0-400km,130,0.6936027949117815
us7000e532|ring|0-400km,us7000e532,ring,0-400km,131,0.6260638693348859
us7000e532|ring|0-400km,us7000e532,ring,0-400km,132,0.5201663516241439
us7000e532|ring|0-400km,us7000e532,ring,0-400km,133,0.7328854959172715
us7000e532|ring|0-400km,us7000e532,ring,0-400km,134,0.7139112602979625
us7000e532|ring|0-400km,us7000e532,ring,0-400km,135,0.4966446727534547
us7000e532|ring|0-400km,us7000e532,ring,0-400km,136,0.5057516767384497
us7000e532|ring|0-400km,us7000e532,ring,0-400km,137,0.6877080841649057
us7000e532|ring|0-400km,us7000e532,ring,0-400km,138,0.2
us7000e532|ring|0-400km,us7000e532,ring,0-400km,139,0.7325665523896606
us7000e532|ring|0-400km,us7000e532,ring,0-400km,140,0.5273719793944986
us7000e532|ring|0-400km,us7000e532,ring,0-400km,141,0.6185658159742384
us7000e532|ring|0-400km,us7000e532,ring,0-400km,142,0.6560672524701404
us7000e532|ring|0-400km,us7000e532,ring,0-400km,143,0.5090676332280991
us7000e532|ring|0-400km,us7000e532,ring,0-400km,144,0.7066332272276861
us7000e532|ring|0-400km,us7000e532,ring,0-400km,145,0.5643917274807452
us7000e532|ring|0-400km,us7000e532,ring,0-400km,146,0.5956904495558273
us7000e532|ring|0-400km,us7000e532,ring,0-400km,147,0.5658366673226995
us7000e532|ring|0-400km,us7000e532,ring,0-400km,148,0.7076543672733021
us7000e532|ring|0-400km,us7000e532,ring,0-400km,149,0.5335248319616334
us7000e532|ring|0-400km,us7000e532,ring,0-400km,150,0.44266011722511245
us7000e532|ring|0-400km,us7000e532,ring,0-400km,151,0.5149588242989219
us7000e532|ring|0-400km,us7000e532,ring,0-400km,152,0.6054892645968611
us7000e532|ring|0-400km,us7000e532,ring,0-400km,153,0.7305385847125154
us7000e532|ring|0-400km,us7000e532,ring,0-400km,154,0.6119223500224023
us7000e532|ring|0-400km,us7000e532,ring,0-400km,155,0.637526624653073
us7000e532|ring|0-400km,us7000e532,ring,0-400km,156,0.4831076868371765
us7000e532|ring|0-400km,us7000e532,ring,0-400km,157,0.6810134840336467
us7000e532|ring|0-400km,us7000e532,ring,0-400km,158,0.465793271197302
us7000e532|ring|0-400km,us7000e532,ring,0-400km,159,0.6926653317270344
us7000e532|ring|0-400km,us7000e532,ring,0-400km,160,0.5886095821128338
us7000e532|ring|0-400km,us7000e532,ring,0-400km,161,0.6872538556643139
us7000e532|ring|0-400km,us7000e532,ring,0-400km,162,0.5553750818800369
us7000e532|ring|0-400km,us7000e532,ring,0-400km,163,0.6961222830279498
us7000e532|ring|0-400km,us7000e532,ring,0-400km,164,0.7329675554597594
us7000e532|ring|0-400km,us7000e532,ring,0-400km,165,0.7361349584998673
us7000e532|ring|0-400km,us7000e532,ring,0-400km,166,0.57700705918658
us7000e532|ring|0-400km,us7000e532,ring,0-400km,167,0.5214300731517372
us7000e532|ring|0-400km,us7000e532,ring,0-400km,168,0.7518061948060383
us7000e532|ring|0-400km,us7000e532,ring,0-400km,169,0.6337056933787822
us7000e532|ring|0-400km,us7000e532,ring,0-400km,170,0.5934751906227628
us7000e532|ring|0-400km,us7000e532,ring,0-400km,171,0.6833698536567225
us7000e532|ring|0-400km,us7000e532,ring,0-400km,172,0.5607311508946337
us7000e532|ring|0-400km,us7000e532,ring,0-400km,173,0.710180254758956
us7000e532|ring|0-400km,us7000e532,ring,0-400km,174,0.7229531840612589
us7000e532|ring|0-400km,us7000e532,ring,0-400km,175,0.7228432499867542
us7000e532|ring|0-400km,us7000e532,ring,0-400km,176,0.6510108689063222
us7000e532|ring|0-400km,us7000e532,ring,0-400km,177,0.5585063283053547
us7000e532|ring|0-400km,us7000e532,ring,0-400km,178,0.8122504721162501
us7000e532|ring|0-400km,us7000e532,ring,0-400km,179,0.2
us7000e532|ring|0-400km,us7000e532,ring,0-400km,180,0.7198421554903194
us7000e532|ring|0-400km,us7000e532,ring,0-400km,181,0.6620502553181293
us7000e532|ring|0-400km,us7000e532,ring,0-400km,182,0.6275862693436396
us7000e532|ring|0-400km,us7000e532,ring,0-400km,183,0.5582727022487441
us7000e532|ring|0-400km,us7000e532,ring,0-400km,184,0.6873005143124011
us7000e532|ring|0-400km,us7000e532,ring,0-400km,185,0.6978669788505686
us7000e532|ring|0-400km,us7000e532,ring,0-400km,186,0.5932908509240669
us7000e532|ring|0-400km,us7000e532,ring,0-400km,187,0.6216145285406889
us7000e532|ring|0-400km,us7000e532,ring,0-400km,188,0.6746012975394057
us7000e532|ring|0-400km,us7000e532,ring,0-400km,189,0.5743525046719722
us7000e532|ring|0-400km,us7000e532,ring,0-400km,190,0.5253476299680258
us7000e532|ring|0-400km,us7000e532,ring,0-400km,191,0.7401385948729068
us7000e532|ring|0-400km,us7000e532,ring,0-400km,192,0.5245077736511663
us7000e532|ring|0-400km,us7000e532,ring,0-400km,193,0.5956613651577243
us7000e532|ring|0-400km,us7000e532,ring,0-400km,194,0.7438215905428832
us7000e532|ring|0-400km,us7000e532,ring,0-400km,195,0.7353644135105178
us7000e532|ring|0-400km,us7000e532,ring,0-400km,196,0.5580005199809517
us7000e532|ring|0-400km,us7000e532,ring,0-400km,197,0.652071860705235
us7000e532|ring|0-400km,us7000e532,ring,0-400km,198,0.778010810746283
us7000e532|ring|0-400km,us7000e532,ring,0-400km,199,0.5422423279005558
us7000i59t|mainshock|all,us7000i59t,mainshock,all,0,0.2
us7000i59t|mainshock|all,us7000i59t,mainshock,all,1,0.28634403224089766
us7000i59t|mainshock|all,us7000i59t,mainshock,all,2,0.37095019980694527
us7000i59t|mainshock|all,us7000i59t,mainshock,all,3,0.32026448664614454
us7000i59t|mainshock|all,us7000i59t,mainshock,all,4,0.3751459492264
us7000i59t|mainshock|all,us7000i59t,mainshock,all,5,0.2165650732023092
us7000i59t|mainshock|all,us7000i59t,mainshock,all,6,0.2
us7000i59t|mainshock|all,us7000i59t,mainshock,all,7,0.36092619197317866
us7000i59t|mainshock|all,us7000i59t,mainshock,all,8,0.2
us7000i59t|mainshock|all,us7000i59t,mainshock,all,9,0.26489884294854515
us7000i59t|mainshock|all,us7000i59t,mainshock,all,10,0.2003203635862647
us7000i59t|mainshock|all,us7000i59t,mainshock,all,11,0.2
us7000i59t|mainshock|all,us7000i59t,mainshock,all,12,0.227402237774214
us7000i59t|mainshock|all,us7000i59t,mainshock,all,13,0.2
us7000i59t|mainshock|all,us7000i59t,mainshock,all,14,0.3137167824192203
us7000i59t|mainshock|all,us7000i59t,mainshock,all,15,0.2
us7000i59t|mainshock|all,us7000i59t,mainshock,all,16,0.2
us7000i59t|mainshock|all,us7000i59t,mainshock,all,17,0.3383751525141469
us7000i59t|mainshock|all,us7000i59t,mainshock,all,18,0.25812807609519356
us7000i59t|mainshock|all,us7000i59t,mainshock,all,19,0.23884683168891574
us7000i59t|mainshock|all,us7000i59t,mainshock,all,20,0.29002233516373127
us7000i59t|mainshock|all,us7000i59t,mainshock,all,21,0.2490999062340381
us7000i59t|mainshock|all,us7000i59t,mainshock,all,22,0.34634803524946406
us7000i59t|mainshock|all,us7000i59t,mainshock,all,23,0.2591278308308519
us7000i59t|mainshock|all,us7000i59t,mainshock,all,24,0.3645285595260388
us7000i59t|mainshock|all,us7000i59t,mainshock,all,25,0.3810674522166971
us7000i59t|mainshock|all,us7000i59t,mainshock,all,26,0.41082823355566545
us7000i59t|mainshock|all,us7000i59t,mainshock,all,27,0.2
us7000i59t|mainshock|all,us7000i59t,mainshock,all,28,0.2850742243395215
us7000i59t|mainshock|all,us7000i59t,mainshock,all,29,0.3268285305152836
us7000i59t|mainshock|all,us7000i59t,mainshock,all,30,0.30118836977635033
us7000i59t|mainshock|all,us7000i59t,mainshock,all,31,0.292611865164212
us7000i59t|mainshock|all,us7000i59t,mainshock,all,32,0.3731722278664286
us7000i59t|mainshock|all,us7000i59t,mainshock,all,33,0.4315075950234474
us7000i59t|mainshock|all,us7000i59t,mainshock,all,34,0.5275004886715808
us7000i59t|mainshock|all,us7000i59t,mainshock,all,35,0.2
us7000i59t|mainshock|all,us7000i59t,mainshock,all,36,0.2
us7000i59t|mainshock|all,us7000i59t,mainshock,all,37,0.20880073431272134
us7000i59t|mainshock|all,us7000i59t,mainshock,all,38,0.43394464076421607
us7000i59t|mainshock|all,us7000i59t,mainshock,all,39,0.2
us7000i59t|mainshock|all,us7000i59t,mainshock,all,40,0.328151229368398
us7000i59t|mainshock|all,us7000i59t,mainshock,all,41,0.2
us7000i59t|mainshock|all,us7000i59t,mainshock,all,42,0.27715337938469503
us7000i59t|mainshock|all,us7000i59t,mainshock,all,43,0.2
us7000i59t|mainshock|all,us7000i59t,mainshock,all,44,0.2
us7000i59t|mainshock|all,us7000i59t,mainshock,all,45,0.2
us7000i59t|mainshock|all,us7000i59t,mainshock,all,46,0.2
us7000i59t|mainshock|all,us7000i59t,mainshock,all,47,0.2
us7000i59t|mainshock|all,us7000i59t,mainshock,all,48,0.2
us7000i59t|mainshock|all,us7000i59t,mainshock,all,49,0.35046657889859195
us7000i59t|mainshock|all,us7000i59t,mainshock,all,50,0.3343729924667803
us7000i59t|mainshock|all,us7000i59t,mainshock,all,51,0.3664469805031157
us7000i59t|mainshock|all,us7000i59t,mainshock,all,52,0.2
us7000i59t|mainshock|all,us7000i59t,mainshock,all,53,0.2
us7000i59t|mainshock|all,us7000i59t,mainshock,all,54,0.378391901471439
us7000i59t|mainshock|all,us7000i59t,mainshock,all,55,0.5374271940798736
us7000i59t|mainshock|all,us7000i59t,mainshock,all,56,0.2
us7000i59t|mainshock|all,us7000i59t,mainshock,all,57,0.2
us7000i59t|mainshock|all,us7000i59t,mainshock,all,58,0.2
us7000i59t|mainshock|all,us7000i59t,mainshock,all,59,0.3249726619914926
us7000i59t|mainshock|all,us7000i59t,mainshock,all,60,0.37729469426194234
us7000i59t|mainshock|all,us7000i59t,mainshock,all,61,0.26791002013234777
us7000i59t|mainshock|all,us7000i59t,mainshock,all,62,0.35040893331888723
us7000i59t|mainshock|all,us7000i59t,mainshock,all,63,0.3607321377771556
us7000i59t|mainshock|all,us7000i59t,mainshock,all,64,0.35943130736999096
us7000i59t|mainshock|all,us7000i59t,mainshock,all,65,0.3222721617700438
us7000i59t|mainshock|all,us7000i59t,mainshock,all,66,0.26163630155221146
us7000i59t|mainshock|all,us7000i59t,mainshock,all,67,0.3325654877611382
us7000i59t|mainshock|all,us7000i59t,mainshock,all,68,0.2771141245811082
us7000i59t|mainshock|all,us7000i59t,mainshock,all,69,0.2828217537371591
us7000i59t|mainshock|all,us7000i59t,mainshock,all,70,0.2
us7000i59t|mainshock|all,us7000i59t,mainshock,all,71,0.2956774729687345
us7000i59t|mainshock|all,us7000i59t,mainshock,all,72,0.28882101304242286
us7000i59t|mainshock|all,us7000i59t,mainshock,all,73,0.4355423953015948
us7000i59t|mainshock|all,us7000i59t,mainshock,all,74,0.3820997238452203
us7000i59t|mainshock|all,us7000i59t,mainshock,all,75,0.3253917984248035
us7000i59t|mainshock|all,us7000i59t,mainshock,all,76,0.2
us7000i59t|mainshock|all,us7000i59t,mainshock,all,77,0.3166691328385474
us7000i59t|mainshock|all,us7000i59t,mainshock,all,78,0.28753970800033796
us7000i59t|mainshock|all,us7000i59t,mainshock,all,79,0.4849871359972866
us7000i59t|mainshock|all,us7000i59t,mainshock,all,80,0.3474796419326568
us7000i59t|mainshock|all,us7000i59t,mainshock,all,81,0.2
us7000i59t|mainshock|all,us7000i59t,mainshock,all,82,0.29223788540522705
us7000i59t|mainshock|all,us7000i59t,mainshock,all,83,0.2158030449872059
us7000i59t|mainshock|all,us7000i59t,mainshock,all,84,0.35388111915508436
us7000i59t|mainshock|all,us7000i59t,mainshock,all,85,0.2
us7000i59t|mainshock|all,us7000i59t,mainshock,all,86,0.2171727551797728
us7000i59t|mainshock|all,us7000i59t,mainshock,all,87,0.4214452089859292
us7000i59t|mainshock|all,us7000i59t,mainshock,all,88,0.25561983344873834
us7000i59t|mainshock|all,us7000i59t,mainshock,all,89,0.2767845660387934
us7000i59t|mainshock|all,us7000i59t,mainshock,all,90,0.2
us7000i59t|mainshock|all,us7000i59t,mainshock,all,91,0.3017760330199828
us7000i59t|mainshock|all,us7000i59t,mainshock,all,92,0.2
us7000i59t|mainshock|all,us7000i59t,mainshock,all,93,0.2
us7000i59t|mainshock|all,us7000i59t,mainshock,all,94,0.3688054360539892
us7000i59t|mainshock|all,us7000i59t,mainshock,all,95,0.2244502076205408
us7000i59t|mainshock|all,us7000i59t,mainshock,all,96,0.31955456509361485
us7000i59t|mainshock|all,us7000i59t,mainshock,all,97,0.4700128787620892
us7000i59t|mainshock|all,us7000i59t,mainshock,all,98,0.3008566253184993
us7000i59t|mainshock|all,us7000i59t,mainshock,all,99,0.2
us7000i59t|mainshock|all,us7000i59t,mainshock,all,100,0.24071035459460483
us7000i59t|mainshock|all,us7000i59t,mainshock,all,101,0.3564665153830811
us7000i59t|mainshock|all,us7000i59t,mainshock,all,102,0.2
us7000i59t|mainshock|all,us7000i59t,mainshock,all,103,0.3156059737714404
us7000i59t|mainshock|all,us7000i59t,mainshock,all,104,0.26024835303055477
us7000i59t|mainshock|all,us7000i59t,mainshock,all,105,0.28973270262940765
us7000i59t|mainshock|all,us7000i59t,mainshock,all,106,0.2713353097427031
us7000i59t|mainshock|all,us7000i59t,mainshock,all,107,0.41252571840852986
us7000i59t|mainshock|all,us7000i59t,mainshock,all,108,0.2890276547252162
us7000i59t|mainshock|all,us7000i59t,mainshock,all,109,0.20989243186516243
us7000i59t|mainshock|all,us7000i59t,mainshock,all,110,0.5111389832715793
us7000i59t|mainshock|all,us7000i59t,mainshock,all,111,0.22917303743629586
us7000i59t|mainshock|all,us7000i59t,mainshock,all,112,0.4210811039791315
us7000i59t|mainshock|all,us7000i59t,mainshock,all,113,0.2754786853333882
us7000i59t|mainshock|all,us7000i59t,mainshock,all,114,0.21349913612508808
us7000i59t|mainshock|all,us7000i59t,mainshock,all,115,0.36716033711334756
us7000i59t|mainshock|all,us7000i59t,mainshock,all,116,0.36957322353537825
us7000i59t|mainshock|all,us7000i59t,mainshock,all,117,0.3408202139008085
us7000i59t|mainshock|all,us7000i59t,mainshock,all,118,0.2686902425044079
us7000i59t|mainshock|all,us7000i59t,mainshock,all,119,0.2
us7000i59t|mainshock|all,us7000i59t,mainshock,all,120,0.46639453999495756
us7000i59t|mainshock|all,us7000i59t,mainshock,all,121,0.3359385358561736
us7000i59t|mainshock|all,us7000i59t,mainshock,all,122,0.3123023840614686
us7000i59t|mainshock|all,us7000i59t,mainshock,all,123,0.27373213842584027
us7000i59t|mainshock|all,us7000i59t,mainshock,all,124,0.2
us7000i59t|mainshock|all,us7000i59t,mainshock,all,125,0.2808665019906986
us7000i59t|mainshock|all,us7000i59t,mainshock,all,126,0.2
us7000i59t|mainshock|all,us7000i59t,mainshock,all,127,0.3921139729316851
us7000i59t|mainshock|all,us7000i59t,mainshock,all,128,0.44674578908779117
us7000i59t|mainshock|all,us7000i59t,mainshock,all,129,0.2
us7000i59t|mainshock|all,us7000i59t,mainshock,all,130,0.2
us7000i59t|mainshock|all,us7000i59t,mainshock,all,131,0.25208646638062715
us7000i59t|mainshock|all,us7000i59t,mainshock,all,132,0.31791465074780634
us7000i59t|mainshock|all,us7000i59t,mainshock,all,133,0.2
us7000i59t|mainshock|all,us7000i59t,mainshock,all,134,0.2474330321125513
us7000i59t|mainshock|all,us7000i59t,mainshock,all,135,0.435202810663842
us7000i59t|mainshock|all,us7000i59t,mainshock,all,136,0.2782816129382545
us7000i59t|mainshock|all,us7000i59t,mainshock,all,137,0.32950203386440347
us7000i59t|mainshock|all,us7000i59t,mainshock,all,138,0.2
us7000i59t|mainshock|all,us7000i59t,mainshock,all,139,0.3368036565141656
us7000i59t|mainshock|all,us7000i59t,mainshock,all,140,0.2
us7000i59t|mainshock|all,us7000i59t,mainshock,all,141,0.2
us7000i59t|mainshock|all,us7000i59t,mainshock,all,142,0.21592219043562255
us7000i59t|mainshock|all,us7000i59t,mainshock,all,143,0.36698646219397557
us7000i59t|mainshock|all,us7000i59t,mainshock,all,144,0.2448440478295331
us7000i59t|mainshock|all,us7000i59t,mainshock,all,145,0.316011899222273
us7000i59t|mainshock|all,us7000i59t,mainshock,all,146,0.2
us7000i59t|mainshock|all,us7000i59t,mainshock,all,147,0.2
us7000i59t|mainshock|all,us7000i59t,mainshock,all,148,0.23260999667386129
us7000i59t|mainshock|all,us7000i59t,mainshock,all,149,0.366273313754417
us7000i59t|mainshock|all,us7000i59t,mainshock,all,150,0.37092695681345006
us7000i59t|mainshock|all,us7000i59t,mainshock,all,151,0.4528649521984417
us7000i59t|mainshock|all,us7000i59t,mainshock,all,152,0.22860015809844597
us7000i59t|mainshock|all,us7000i59t,mainshock,all,153,0.3698998590723914
us7000i59t|mainshock|all,us7000i59t,mainshock,all,154,0.38897683977121117
us7000i59t|mainshock|all,us7000i59t,mainshock,all,155,0.31250743634047995
us7000i59t|mainshock|all,us7000i59t,mainshock,all,156,0.36443251998898835
us7000i59t|mainshock|all,us7000i59t,mainshock,all,157,0.29207229194312617
us7000i59t|mainshock|all,us7000i59t,mainshock,all,158,0.34330952451829067
us7000i59t|mainshock|all,us7000i59t,mainshock,all,159,0.27443395550011146
us7000i59t|mainshock|all,us7000i59t,mainshock,all,160,0.47356707937299997
us7000i59t|mainshock|all,us7000i59t,mainshock,all,161,0.3814294207218101
us7000i59t|mainshock|all,us7000i59t,mainshock,all,162,0.38984799859210095
us7000i59t|mainshock|all,us7000i59t,mainshock,all,163,0.3929501475475235
us7000i59t|mainshock|all,us7000i59t,mainshock,all,164,0.4093159773981695
us7000i59t|mainshock|all,us7000i59t,mainshock,all,165,0.2
us7000i59t|mainshock|all,us7000i59t,mainshock,all,166,0.3333830644770449
us7000i59t|mainshock|all,us7000i59t,mainshock,all,167,0.39820519583020564
us7000i59t|mainshock|all,us7000i59t,mainshock,all,168,0.3149760396696218
us7000i59t|mainshock|all,us7000i59t,mainshock,all,169,0.21925301632415153
us7000i59t|mainshock|all,us7000i59t,mainshock,all,170,0.3222864886487064
us7000i59t|mainshock|all,us7000i59t,mainshock,all,171,0.241829745161253
us7000i59t|mainshock|all,us7000i59t,mainshock,all,172,0.3995963569672661
us7000i59t|mainshock|all,us7000i59t,mainshock,all,173,0.3346289529694828
us7000i59t|mainshock|all,us7000i59t,mainshock,all,174,0.2912816649996633
us7000i59t|mainshock|all,us7000i59t,mainshock,all,175,0.2500114749333746
us7000i59t|mainshock|all,us7000i59t,mainshock,all,176,0.27069931522161317
us7000i59t|mainshock|all,us7000i59t,mainshock,all,177,0.36079139755146833
us7000i59t|mainshock|all,us7000i59t,mainshock,all,178,0.2
us7000i59t|mainshock|all,us7000i59t,mainshock,all,179,0.35739623673293364
us7000i59t|mainshock|all,us7000i59t,mainshock,all,180,0.3586020601035337
us7000i59t|mainshock|all,us7000i59t,mainshock,all,181,0.3532847262531378
us7000i59t|mainshock|all,us7000i59t,mainshock,all,182,0.20199242037892812
us7000i59t|mainshock|all,us7000i59t,mainshock,all,183,0.3755728486487844
us7000i59t|mainshock|all,us7000i59t,mainshock,all,184,0.20271470010128245
us7000i59t|mainshock|all,us7000i59t,mainshock,all,185,0.363926145974792
us7000i59t|mainshock|all,us7000i59t,mainshock,all,186,0.42058062706544935
us7000i59t|mainshock|all,us7000i59t,mainshock,all,187,0.3758638202819159
us7000i59t|mainshock|all,us7000i59t,mainshock,all,188,0.22424186560352025
us7000i59t|mainshock|all,us7000i59t,mainshock,all,189,0.3105184986576281
us7000i59t|mainshock|all,us7000i59t,mainshock,all,190,0.2
us7000i59t|mainshock|all,us7000i59t,mainshock,all,191,0.3105483118631117
us7000i59t|mainshock|all,us7000i59t,mainshock,all,192,0.21216308135565784
us7000i59t|mainshock|all,us7000i59t,mainshock,all,193,0.2971070340355358
us7000i59t|mainshock|all,us7000i59t,mainshock,all,194,0.24741653635768934
us7000i59t|mainshock|all,us7000i59t,mainshock,all,195,0.3432349308111346
us7000i59t|mainshock|all,us7000i59t,mainshock,all,196,0.300177226271893
us7000i59t|mainshock|all,us7000i59t,mainshock,all,197,0.3378094770919097
us7000i59t|mainshock|all,us7000i59t,mainshock,all,198,0.3612269739504894
us7000i59t|mainshock|all,us7000i59t,mainshock,all,199,0.2
us7000i59t|depth|all_depth,us7000i59t,depth,all_depth,0,0.2
us7000i59t|depth|all_depth,us7000i59t,depth,all_depth,1,0.2709368284073745
us7000i59t|depth|all_depth,us7000i59t,depth,all_depth,2,0.22656975282036868
us7000i59t|depth|all_depth,us7000i59t,depth,all_depth,3,0.2386166803490469
us7000i59t|depth|all_depth,us7000i59t,depth,all_depth,4,0.4073304086070506
us7000i59t|depth|all_depth,us7000i59t,depth,all_depth,5,0.28836779853871264
us7000i59t|depth|all_depth,us7000i59t,depth,all_depth,6,0.27043427525536967
us7000i59t|depth|all_depth,us7000i59t,depth,all_depth,7,0.38133068717701046
us7000i59t|depth|all_depth,us7000i59t,depth,all_depth,8,0.2671220408331793
us7000i59t|depth|all_depth,us7000i59t,depth,all_depth,9,0.3946012690179022
us7000i59t|depth|all_depth,us7000i59t,depth,all_depth,10,0.2
us7000i59t|depth|all_depth,us7000i59t,depth,all_depth,11,0.20502265876926748
us7000i59t|depth|all_depth,us7000i59t,depth,all_depth,12,0.2908081924168364
us7000i59t|depth|all_depth,us7000i59t,depth,all_depth,13,0.20387345366707946
us7000i59t|depth|all_depth,us7000i59t,depth,all_depth,14,0.2
us7000i59t|depth|all_depth,us7000i59t,depth,all_depth,15,0.46397451686827546
us7000i59t|depth|all_depth,us7000i59t,depth,all_depth,16,0.33981522385128354
us7000i59t|depth|all_depth,us7000i59t,depth,all_depth,17,0.2
us7000i59t|depth|all_depth,us7000i59t,depth,all_depth,18,0.2
us7000i59t|depth|all_depth,us7000i59t,depth,all_depth,19,0.3783319550532007
us7000i59t|depth|all_depth,us7000i59t,depth,all_depth,20,0.3328955349421062
us7000i59t|depth|all_depth,us7000i59t,depth,all_depth,21,0.4009510085965688
us7000i59t|depth|all_depth,us7000i59t,depth,all_depth,22,0.41720294945782277
us7000i59t|depth|all_depth,us7000i59t,depth,all_depth,23,0.3730147927333903
us7000i59t|depth|all_depth,us7000i59t,depth,all_depth,24,0.2
us7000i59t|depth|all_depth,us7000i59t,depth,all_depth,25,0.304178095372172
us7000i59t|depth|all_depth,us7000i59t,depth,all_depth,26,0.4032793133912393
us7000i59t|depth|all_depth,us7000i59t,depth,all_depth,27,0.21999699965952654
us7000i59t|depth|all_depth,us7000i59t,depth,all_depth,28,0.23717831710957013
us7000i59t|depth|all_depth,us7000i59t,depth,all_depth,29,0.3935376495974863
us7000i59t|depth|all_depth,us7000i59t,depth,all_depth,30,0.24762202123698074
us7000i59t|depth|all_depth,us7000i59t,depth,all_depth,31,0.3132839080587604
us7000i59t|depth|all_depth,us7000i59t,depth,all_depth,32,0.5359120789976612
us7000i59t|depth|all_depth,us7000i59t,depth,all_depth,33,0.3379311653587873
us7000i59t|depth|all_depth,us7000i59t,depth,all_depth,34,0.4446092407071287
us7000i59t|depth|all_depth,us7000i59t,depth,all_depth,35,0.2
us7000i59t|depth|all_depth,us7000i59t,depth,all_depth,36,0.2
us7000i59t|depth|all_depth,us7000i59t,depth,all_depth,37,0.32961308011320134
us7000i59t|depth|all_depth,us7000i59t,depth,all_depth,38,0.25010533842960836
us7000i59t|depth|all_depth,us7000i59t,depth,all_depth,39,0.2
us7000i59t|depth|all_depth,us7000i59t,depth,all_depth,40,0.45609791379341497
us7000i59t|depth|all_depth,us7000i59t,depth,all_depth,41,0.33169647450643147
us7000i59t|depth|all_depth,us7000i59t,depth,all_depth,42,0.3981386953605783
us7000i59t|depth|all_depth,us7000i59t,depth,all_depth,43,0.2855464919620864
us7000i59t|depth|all_depth,us7000i59t,depth,all_depth,44,0.2
us7000i59t|depth|all_depth,us7000i59t,depth,all_depth,45,0.3972049720010009
us7000i59t|depth|all_depth,us7000i59t,depth,all_depth,46,0.3919027326075295
us7000i59t|depth|all_depth,us7000i59t,depth,all_depth,47,0.4680038625896963
us7000i59t|depth|all_depth,us7000i59t,depth,all_depth,48,0.3991123628905304
us7000i59t|depth|all_depth,us7000i59t,depth,all_depth,49,0.3160005841510191
us7000i59t|depth|all_depth,us7000i59t,depth,all_depth,50,0.3200955257730229
us7000i59t|depth|all_depth,us7000i59t,depth,all_depth,51,0.22163152543654946
us7000i59t|depth|all_depth,us7000i59t,depth,all_depth,52,0.33343417306837975
us7000i59t|depth|all_depth,us7000i59t,depth,all_depth,53,0.2987837914272483
us7000i59t|depth|all_depth,us7000i59t,depth,all_depth,54,0.38871993551247097
us7000i59t|depth|all_depth,us7000i59t,depth,all_depth,55,0.25042658175198956
us7000i59t|depth|all_depth,us7000i59t,depth,all_depth,56,0.4099453011356806
us7000i59t|depth|all_depth,us7000i59t,depth,all_depth,57,0.37923058961748596
us7000i59t|depth|all_depth,us7000i59t,depth,all_depth,58,0.2951120441412511
us7000i59t|depth|all_depth,us7000i59t,depth,all_depth,59,0.268493445039246
us7000i59t|depth|all_depth,us7000i59t,depth,all_depth,60,0.2
us7000i59t|depth|all_depth,us7000i59t,depth,all_depth,61,0.3967588509223644
us7000i59t|depth|all_depth,us7000i59t,depth,all_depth,62,0.25691376186258424
us7000i59t|depth|all_depth,us7000i59t,depth,all_depth,63,0.2
us7000i59t|depth|all_depth,us7000i59t,depth,all_depth,64,0.4286885666607315
us7000i59t|depth|all_depth,us7000i59t,depth,all_depth,65,0.4218904862572737
us7000i59t|depth|all_depth,us7000i59t,depth,all_depth,66,0.39597645305646406
us7000i59t|depth|all_depth,us7000i59t,depth,all_depth,67,0.29201305633737357
us7000i59t|depth|all_depth,us7000i59t,depth,all_depth,68,0.2
us7000i59t|depth|all_depth,us7000i59t,depth,all_depth,69,0.2
us7000i59t|depth|all_depth,us7000i59t,depth,all_depth,70,0.2
us7000i59t|depth|all_depth,us7000i59t,depth,all_depth,71,0.2569456813519435
us7000i59t|depth|all_depth,us7000i59t,depth,all_depth,72,0.3992438182549085
us7000i59t|depth|all_depth,us7000i59t,depth,all_depth,73,0.32187931465623687
us7000i59t|depth|all_depth,us7000i59t,depth,all_depth,74,0.40486146740383727
us7000i59t|depth|all_depth,us7000i59t,depth,all_depth,75,0.44167839072649684
us7000i59t|depth|all_depth,us7000i59t,depth,all_depth,76,0.2
us7000i59t|depth|all_depth,us7000i59t,depth,all_depth,77,0.31440505828398807
us7000i59t|depth|all_depth,us7000i59t,depth,all_depth,78,0.2668758030959252
us7000i59t|depth|all_depth,us7000i59t,depth,all_depth,79,0.30530697305948423
us7000i59t|depth|all_depth,us7000i59t,depth,all_depth,80,0.39317287634332226
us7000i59t|depth|all_depth,us7000i59t,depth,all_depth,81,0.2
us7000i59t|depth|all_depth,us7000i59t,depth,all_depth,82,0.44123285000790247
us7000i59t|depth|all_depth,us7000i59t,depth,all_depth,83,0.3239325704303619
us7000i59t|depth|all_depth,us7000i59t,depth,all_depth,84,0.21570331166383525
us7000i59t|depth|all_depth,us7000i59t,depth,all_depth,85,0.35252808901749855
us7000i59t|depth|all_depth,us7000i59t,depth,all_depth,86,0.2347481051967396
us7000i59t|depth|all_depth,us7000i59t,depth,all_depth,87,0.2714507922483344
us7000i59t|depth|all_depth,us7000i59t,depth,all_depth,88,0.31832146194502275
us7000i59t|depth|all_depth,us7000i59t,depth,all_depth,89,0.3254495638496966
us7000i59t|depth|all_depth,us7000i59t,depth,all_depth,90,0.32791262989256625
us7000i59t|depth|all_depth,us7000i59t,depth,all_depth,91,0.355515952596898
us7000i59t|depth|all_depth,us7000i59t,depth,all_depth,92,0.34232694805974895
us7000i59t|depth|all_depth,us7000i59t,depth,all_depth,93,0.2826982919171793
us7000i59t|depth|all_depth,us7000i59t,depth,all_depth,94,0.3695529044835065
us7000i59t|depth|all_depth,us7000i59t,depth,all_depth,95,0.3751179812825491
us7000i59t|depth|all_depth,us7000i59t,depth,all_depth,96,0.25616697651072445
us7000i59t|depth|all_depth,us7000i59t,depth,all_depth,97,0.20612774322349214
us7000i59t|depth|all_depth,us7000i59t,depth,all_depth,98,0.5379864107427456
us7000i59t|depth|all_depth,us7000i59t,depth,all_depth,99,0.35311614250162726
us7000i59t|depth|all_depth,us7000i59t,depth,all_depth,100,0.41965075754423853
us7000i59t|depth|all_depth,us7000i59t,depth,all_depth,101,0.2
us7000i59t|depth|all_depth,us7000i59t,depth,all_depth,102,0.28875074967036085
us7000i59t|depth|all_depth,us7000i59t,depth,all_depth,103,0.2
us7000i59t|depth|all_depth,us7000i59t,depth,all_depth,104,0.2720002017524176
us7000i59t|depth|all_depth,us7000i59t,depth,all_depth,105,0.506467837824999
us7000i59t|depth|all_depth,us7000i59t,depth,all_depth,106,0.27349325639482625
us7000i59t|depth|all_depth,us7000i59t,depth,all_depth,107,0.31490941029656977
us7000i59t|depth|all_depth,us7000i59t,depth,all_depth,108,0.23636670208852306
us7000i59t|depth|all_depth,us7000i59t,depth,all_depth,109,0.4884119406634344
us7000i59t|depth|all_depth,us7000i59t,depth,all_depth,110,0.4258983973857086
us7000i59t|depth|all_depth,us7000i59t,depth,all_depth,111,0.3556816346575411
us7000i59t|depth|all_depth,us7000i59t,depth,all_depth,112,0.29854760097554484
us7000i59t|depth|all_depth,us7000i59t,depth,all_depth,113,0.29908768264288876
us7000i59t|depth|all_depth,us7000i59t,depth,all_depth,114,0.2663343856218605
us7000i59t|depth|all_depth,us7000i59t,depth,all_depth,115,0.26723979849438845
us7000i59t|depth|all_depth,us7000i59t,depth,all_depth,116,0.2529892090214567
us7000i59t|depth|all_depth,us7000i59t,depth,all_depth,117,0.49110411963261896
us7000i59t|depth|all_depth,us7000i59t,depth,all_depth,118,0.45013970314249746
us7000i59t|depth|all_depth,us7000i59t,depth,all_depth,119,0.23005844143451853
us7000i59t|depth|all_depth,us7000i59t,depth,all_depth,120,0.4524724084237922
us7000i59t|depth|all_depth,us7000i59t,depth,all_depth,121,0.2
us7000i59t|depth|all_depth,us7000i59t,depth,all_depth,122,0.2522571335200452
us7000i59t|depth|all_depth,us7000i59t,depth,all_depth,123,0.400450035513577
us7000i59t|depth|all_depth,us7000i59t,depth,all_depth,124,0.38293940709604646
us7000i59t|depth|all_depth,us7000i59t,depth,all_depth,125,0.23883429602433595
us7000i59t|depth|all_depth,us7000i59t,depth,all_depth,126,0.3070659352785465
us7000i59t|depth|all_depth,us7000i59t,depth,all_depth,127,0.2
us7000i59t|depth|all_depth,us7000i59t,depth,all_depth,128,0.2660198163246743
us7000i59t|depth|all_depth,us7000i59t,depth,all_depth,129,0.2
us7000i59t|depth|all_depth,us7000i59t,depth,all_depth,130,0.3204619586831593
us7000i59t|depth|all_depth,us7000i59t,depth,all_depth,131,0.4068704343594246
us7000i59t|depth|all_depth,us7000i59t,depth,all_depth,132,0.3612015021558528
us7000i59t|depth|all_depth,us7000i59t,depth,all_depth,133,0.2511312571660632
us7000i59t|depth|all_depth,us7000i59t,depth,all_depth,134,0.25625141937699997
us7000i59t|depth|all_depth,us7000i59t,depth,all_depth,135,0.2
us7000i59t|depth|all_depth,us7000i59t,depth,all_depth,136,0.3155142029366225
us7000i59t|depth|all_depth,us7000i59t,depth,all_depth,137,0.4634878285759876
us7000i59t|depth|all_depth,us7000i59t,depth,all_depth,138,0.2068698662445254
us7000i59t|depth|all_depth,us7000i59t,depth,all_depth,139,0.2
us7000i59t|depth|all_depth,us7000i59t,depth,all_depth,140,0.4521508377826894
us7000i59t|depth|all_depth,us7000i59t,depth,all_depth,141,0.2
us7000i59t|depth|all_depth,us7000i59t,depth,all_depth,142,0.40262076788853285
us7000i59t|depth|all_depth,us7000i59t,depth,all_depth,143,0.27463358824840867
us7000i59t|depth|all_depth,us7000i59t,depth,all_depth,144,0.315652339480872
us7000i59t|depth|all_depth,us7000i59t,depth,all_depth,145,0.2
us7000i59t|depth|all_depth,us7000i59t,depth,all_depth,146,0.2
us7000i59t|depth|all_depth,us7000i59t,depth,all_depth,147,0.2
us7000i59t|depth|all_depth,us7000i59t,depth,all_depth,148,0.2
us7000i59t|depth|all_depth,us7000i59t,depth,all_depth,149,0.40510787051362107
us7000i59t|depth|all_depth,us7000i59t,depth,all_depth,150,0.4389932270517092
us7000i59t|depth|all_depth,us7000i59t,depth,all_depth,151,0.2966305767340615
us7000i59t|depth|all_depth,us7000i59t,depth,all_depth,152,0.2
us7000i59t|depth|all_depth,us7000i59t,depth,all_depth,153,0.33780132445402655
us7000i59t|depth|all_depth,us7000i59t,depth,all_depth,154,0.2965633074480731
us7000i59t|depth|all_depth,us7000i59t,depth,all_depth,155,0.30329920326542426
us7000i59t|depth|all_depth,us7000i59t,depth,all_depth,156,0.3951845098721688
us7000i59t|depth|all_depth,us7000i59t,depth,all_depth,157,0.2177567656400617
us7000i59t|depth|all_depth,us7000i59t,depth,all_depth,158,0.36996917203155294
us7000i59t|depth|all_depth,us7000i59t,depth,all_depth,159,0.4480912743493173
us7000i59t|depth|all_depth,us7000i59t,depth,all_depth,160,0.25224933093188834
us7000i59t|depth|all_depth,us7000i59t,depth,all_depth,161,0.35073969507388
us7000i59t|depth|all_depth,us7000i59t,depth,all_depth,162,0.36304352226963815
us7000i59t|depth|all_depth,us7000i59t,depth,all_depth,163,0.4058033035303061
us7000i59t|depth|all_depth,us7000i59t,depth,all_depth,164,0.47157420078507717
us7000i59t|depth|all_depth,us7000i59t,depth,all_depth,165,0.33635959959932316
us7000i59t|depth|all_depth,us7000i59t,depth,all_depth,166,0.2
us7000i59t|depth|all_depth,us7000i59t,depth,all_depth,167,0.2
us7000i59t|depth|all_depth,us7000i59t,depth,all_depth,168,0.34595994050872425
us7000i59t|depth|all_depth,us7000i59t,depth,all_depth,169,0.2
us7000i59t|depth|all_depth,us7000i59t,depth,all_depth,170,0.39428146371606054
us7000i59t|depth|all_depth,us7000i59t,depth,all_depth,171,0.33230571556487004
us7000i59t|depth|all_depth,us7000i59t,depth,all_depth,172,0.2
us7000i59t|depth|all_depth,us7000i59t,depth,all_depth,173,0.22035371794121855
us7000i59t|depth|all_depth,us7000i59t,depth,all_depth,174,0.2504692843568729
us7000i59t|depth|all_depth,us7000i59t,depth,all_depth,175,0.28098827899224343
us7000i59t|depth|all_depth,us7000i59t,depth,all_depth,176,0.2914327405038779
us7000i59t|depth|all_depth,us7000i59t,depth,all_depth,177,0.31578938856988786
us7000i59t|depth|all_depth,us7000i59t,depth,all_depth,178,0.2910030736256789
us7000i59t|depth|all_depth,us7000i59t,depth,all_depth,179,0.2
us7000i59t|depth|all_depth,us7000i59t,depth,all_depth,180,0.3620213744446197
us7000i59t|depth|all_depth,us7000i59t,depth,all_depth,181,0.29369424245583126
us7000i59t|depth|all_depth,us7000i59t,depth,all_depth,182,0.2
us7000i59t|depth|all_depth,us7000i59t,depth,all_depth,183,0.3683608380714632
us7000i59t|depth|all_depth,us7000i59t,depth,all_depth,184,0.3284982286487518
us7000i59t|depth|all_depth,us7000i59t,depth,all_depth,185,0.3034868726463267
us7000i59t|depth|all_depth,us7000i59t,depth,all_depth,186,0.2
us7000i59t|depth|all_depth,us7000i59t,depth,all_depth,187,0.23905780846894237
us7000i59t|depth|all_depth,us7000i59t,depth,all_depth,188,0.20251712242059147
us7000i59t|depth|all_depth,us7000i59t,depth,all_depth,189,0.3233380410217759
us7000i59t|depth|all_depth,us7000i59t,depth,all_depth,190,0.29756777859865746
us7000i59t|depth|all_depth,us7000i59t,depth,all_depth,191,0.325829639508138
us7000i59t|depth|all_depth,us7000i59t,depth,all_depth,192,0.27222275418561664
us7000i59t|depth|all_depth,us7000i59t,depth,all_depth,193,0.2
us7000i59t|depth|all_depth,us7000i59t,depth,all_depth,194,0.40731904707971955
us7000i59t|depth|all_depth,us7000i59t,depth,all_depth,195,0.32333713542656595
us7000i59t|depth|all_depth,us7000i59t,depth,all_depth,196,0.25706482881174864
us7000i59t|depth|all_depth,us7000i59t,depth,all_depth,197,0.3564781042672072
us7000i59t|depth|all_depth,us7000i59t,depth,all_depth,198,0.2
us7000i59t|depth|all_depth,us7000i59t,depth,all_depth,199,0.2
us7000i59t|region|East_of_ms,us7000i59t,region,East_of_ms,0,0.514321261987534
us7000i59t|region|East_of_ms,us7000i59t,region,East_of_ms,1,0.2
us7000i59t|region|East_of_ms,us7000i59t,region,East_of_ms,2,0.2
us7000i59t|region|East_of_ms,us7000i59t,region,East_of_ms,3,0.24858460451607514
us7000i59t|region|East_of_ms,us7000i59t,region,East_of_ms,4,0.2
us7000i59t|region|East_of_ms,us7000i59t,region,East_of_ms,5,0.28678033932817837
us7000i59t|region|East_of_ms,us7000i59t,region,East_of_ms,6,0.3310776848997072
us7000i59t|region|East_of_ms,us7000i59t,region,East_of_ms,7,0.2
us7000i59t|region|East_of_ms,us7000i59t,region,East_of_ms,8,0.20816725177736928
us7000i59t|region|East_of_ms,us7000i59t,region,East_of_ms,9,0.3562976503526004
us7000i59t|region|East_of_ms,us7000i59t,region,East_of_ms,10,0.23232677374848676
us7000i59t|region|East_of_ms,us7000i59t,region,East_of_ms,11,0.28214580366204106
us7000i59t|region|East_of_ms,us7000i59t,region,East_of_ms,12,0.2
us7000i59t|region|East_of_ms,us7000i59t,region,East_of_ms,13,0.2
us7000i59t|region|East_of_ms,us7000i59t,region,East_of_ms,14,0.47663765559880855
us7000i59t|region|East_of_ms,us7000i59t,region,East_of_ms,15,0.3699885287355064
us7000i59t|region|East_of_ms,us7000i59t,region,East_of_ms,16,0.2
us7000i59t|region|East_of_ms,us7000i59t,region,East_of_ms,17,0.2
us7000i59t|region|East_of_ms,us7000i59t,region,East_of_ms,18,0.41147716624470226
us7000i59t|region|East_of_ms,us7000i59t,region,East_of_ms,19,0.5034515030905896
us7000i59t|region|East_of_ms,us7000i59t,region,East_of_ms,20,0.20926360755915793
us7000i59t|region|East_of_ms,us7000i59t,region,East_of_ms,21,0.40551050756588564
us7000i59t|region|East_of_ms,us7000i59t,region,East_of_ms,22,0.2
us7000i59t|region|East_of_ms,us7000i59t,region,East_of_ms,23,0.42920862737420096
us7000i59t|region|East_of_ms,us7000i59t,region,East_of_ms,24,0.2
us7000i59t|region|East_of_ms,us7000i59t,region,East_of_ms,25,0.3078434419198086
us7000i59t|region|East_of_ms,us7000i59t,region,East_of_ms,26,0.2
us7000i59t|region|East_of_ms,us7000i59t,region,East_of_ms,27,0.36050815523745716
us7000i59t|region|East_of_ms,us7000i59t,region,East_of_ms,28,0.27122058602180793
us7000i59t|region|East_of_ms,us7000i59t,region,East_of_ms,29,0.3017444928393692
us7000i59t|region|East_of_ms,us7000i59t,region,East_of_ms,30,0.22267858161663717
us7000i59t|region|East_of_ms,us7000i59t,region,East_of_ms,31,0.2
us7000i59t|region|East_of_ms,us7000i59t,region,East_of_ms,32,0.27704543391845265
us7000i59t|region|East_of_ms,us7000i59t,region,East_of_ms,33,0.3590181336617853
us7000i59t|region|East_of_ms,us7000i59t,region,East_of_ms,34,0.2563714865497767
us7000i59t|region|East_of_ms,us7000i59t,region,East_of_ms,35,0.4231229322062137
us7000i59t|region|East_of_ms,us7000i59t,region,East_of_ms,36,0.2
us7000i59t|region|East_of_ms,us7000i59t,region,East_of_ms,37,0.22003955905395087
us7000i59t|region|East_of_ms,us7000i59t,region,East_of_ms,38,0.36055393121060075
us7000i59t|region|East_of_ms,us7000i59t,region,East_of_ms,39,0.2
us7000i59t|region|East_of_ms,us7000i59t,region,East_of_ms,40,0.2041754578589295
us7000i59t|region|East_of_ms,us7000i59t,region,East_of_ms,41,0.6813787599996289
us7000i59t|region|East_of_ms,us7000i59t,region,East_of_ms,42,0.2
us7000i59t|region|East_of_ms,us7000i59t,region,East_of_ms,43,0.2
us7000i59t|region|East_of_ms,us7000i59t,region,East_of_ms,44,0.4246633477316469
us7000i59t|region|East_of_ms,us7000i59t,region,East_of_ms,45,0.2
us7000i59t|region|East_of_ms,us7000i59t,region,East_of_ms,46,0.3809537681000163
us7000i59t|region|East_of_ms,us7000i59t,region,East_of_ms,47,0.2
us7000i59t|region|East_of_ms,us7000i59t,region,East_of_ms,48,0.2
us7000i59t|region|East_of_ms,us7000i59t,region,East_of_ms,49,0.3278132472809879
us7000i59t|region|East_of_ms,us7000i59t,region,East_of_ms,50,0.26771491451570617
us7000i59t|region|East_of_ms,us7000i59t,region,East_of_ms,51,0.4720993421620426
us7000i59t|region|East_of_ms,us7000i59t,region,East_of_ms,52,0.2
us7000i59t|region|East_of_ms,us7000i59t,region,East_of_ms,53,0.2
us7000i59t|region|East_of_ms,us7000i59t,region,East_of_ms,54,0.3093468508527068
us7000i59t|region|East_of_ms,us7000i59t,region,East_of_ms,55,0.2
us7000i59t|region|East_of_ms,us7000i59t,region,East_of_ms,56,0.2
us7000i59t|region|East_of_ms,us7000i59t,region,East_of_ms,57,0.2
us7000i59t|region|East_of_ms,us7000i59t,region,East_of_ms,58,0.27572445378271565
us7000i59t|region|East_of_ms,us7000i59t,region,East_of_ms,59,0.3157083788101072
us7000i59t|region|East_of_ms,us7000i59t,region,East_of_ms,60,0.49243449553818114
us7000i59t|region|East_of_ms,us7000i59t,region,East_of_ms,61,0.34253774406706294
us7000i59t|region|East_of_ms,us7000i59t,region,East_of_ms,62,0.49987541568299054
us7000i59t|region|East_of_ms,us7000i59t,region,East_of_ms,63,0.2540266917855418
us7000i59t|region|East_of_ms,us7000i59t,region,East_of_ms,64,0.23107133372868055
us7000i59t|region|East_of_ms,us7000i59t,region,East_of_ms,65,0.2
us7000i59t|region|East_of_ms,us7000i59t,region,East_of_ms,66,0.2
us7000i59t|region|East_of_ms,us7000i59t,region,East_of_ms,67,0.2069677032582684
us7000i59t|region|East_of_ms,us7000i59t,region,East_of_ms,68,0.2
us7000i59t|region|East_of_ms,us7000i59t,region,East_of_ms,69,0.2
us7000i59t|region|East_of_ms,us7000i59t,region,East_of_ms,70,0.4139854401992912
us7000i59t|region|East_of_ms,us7000i59t,region,East_of_ms,71,0.3532831740229592
us7000i59t|region|East_of_ms,us7000i59t,region,East_of_ms,72,0.5004015418128631
us7000i59t|region|East_of_ms,us7000i59t,region,East_of_ms,73,0.2
us7000i59t|region|East_of_ms,us7000i59t,region,East_of_ms,74,0.28691972667312987
us7000i59t|region|East_of_ms,us7000i59t,region,East_of_ms,75,0.27228142016489815
us7000i59t|region|East_of_ms,us7000i59t,region,East_of_ms,76,0.2
us7000i59t|region|East_of_ms,us7000i59t,region,East_of_ms,77,0.320905779230989
us7000i59t|region|East_of_ms,us7000i59t,region,East_of_ms,78,0.2
us7000i59t|region|East_of_ms,us7000i59t,region,East_of_ms,79,0.34842507709184356
us7000i59t|region|East_of_ms,us7000i59t,region,East_of_ms,80,0.2
us7000i59t|region|East_of_ms,us7000i59t,region,East_of_ms,81,0.22913706418925883
us7000i59t|region|East_of_ms,us7000i59t,region,East_of_ms,82,0.35262276058387465
us7000i59t|region|East_of_ms,us7000i59t,region,East_of_ms,83,0.361964004594701
us7000i59t|region|East_of_ms,us7000i59t,region,East_of_ms,84,0.3891936769138819
us7000i59t|region|East_of_ms,us7000i59t,region,East_of_ms,85,0.27642311882360493
us7000i59t|region|East_of_ms,us7000i59t,region,East_of_ms,86,0.2
us7000i59t|region|East_of_ms,us7000i59t,region,East_of_ms,87,0.3796235759446999
us7000i59t|region|East_of_ms,us7000i59t,region,East_of_ms,88,0.28059273210691515
us7000i59t|region|East_of_ms,us7000i59t,region,East_of_ms,89,0.2
us7000i59t|region|East_of_ms,us7000i59t,region,East_of_ms,90,0.2
us7000i59t|region|East_of_ms,us7000i59t,region,East_of_ms,91,0.2
us7000i59t|region|East_of_ms,us7000i59t,region,East_of_ms,92,0.354751288397895
us7000i59t|region|East_of_ms,us7000i59t,region,East_of_ms,93,0.2
us7000i59t|region|East_of_ms,us7000i59t,region,East_of_ms,94,0.2
us7000i59t|region|East_of_ms,us7000i59t,region,East_of_ms,95,0.2530281786323727
us7000i59t|region|East_of_ms,us7000i59t,region,East_of_ms,96,0.2
us7000i59t|region|East_of_ms,us7000i59t,region,East_of_ms,97,0.2
us7000i59t|region|East_of_ms,us7000i59t,region,East_of_ms,98,0.24293228421140467
us7000i59t|region|East_of_ms,us7000i59t,region,East_of_ms,99,0.2
us7000i59t|region|East_of_ms,us7000i59t,region,East_of_ms,100,0.40189010626829397
us7000i59t|region|East_of_ms,us7000i59t,region,East_of_ms,101,0.46419516692004326
us7000i59t|region|East_of_ms,us7000i59t,region,East_of_ms,102,0.2
us7000i59t|region|East_of_ms,us7000i59t,region,East_of_ms,103,0.2
us7000i59t|region|East_of_ms,us7000i59t,region,East_of_ms,104,0.5607180946198215
us7000i59t|region|East_of_ms,us7000i59t,region,East_of_ms,105,0.2
us7000i59t|region|East_of_ms,us7000i59t,region,East_of_ms,106,0.22256782353057925
us7000i59t|region|East_of_ms,us7000i59t,region,East_of_ms,107,0.4695920255292976
us7000i59t|region|East_of_ms,us7000i59t,region,East_of_ms,108,0.2140594394173534
us7000i59t|region|East_of_ms,us7000i59t,region,East_of_ms,109,0.28272578756794153
us7000i59t|region|East_of_ms,us7000i59t,region,East_of_ms,110,0.25670805301455285
us7000i59t|region|East_of_ms,us7000i59t,region,East_of_ms,111,0.45281413867411047
us7000i59t|region|East_of_ms,us7000i59t,region,East_of_ms,112,0.2292539870158274
us7000i59t|region|East_of_ms,us7000i59t,region,East_of_ms,113,0.25979154840055513
us7000i59t|region|East_of_ms,us7000i59t,region,East_of_ms,114,0.22333999724339254
us7000i59t|region|East_of_ms,us7000i59t,region,East_of_ms,115,0.3864447148639458
us7000i59t|region|East_of_ms,us7000i59t,region,East_of_ms,116,0.283519177199469
us7000i59t|region|East_of_ms,us7000i59t,region,East_of_ms,117,0.5036589277167203
us7000i59t|region|East_of_ms,us7000i59t,region,East_of_ms,118,0.2
us7000i59t|region|East_of_ms,us7000i59t,region,East_of_ms,119,0.2
us7000i59t|region|East_of_ms,us7000i59t,region,East_of_ms,120,0.32333428422842786
us7000i59t|region|East_of_ms,us7000i59t,region,East_of_ms,121,0.27802101517041206
us7000i59t|region|East_of_ms,us7000i59t,region,East_of_ms,122,0.2
us7000i59t|region|East_of_ms,us7000i59t,region,East_of_ms,123,0.2
us7000i59t|region|East_of_ms,us7000i59t,region,East_of_ms,124,0.2814739863490179
us7000i59t|region|East_of_ms,us7000i59t,region,East_of_ms,125,0.4704026065945105
us7000i59t|region|East_of_ms,us7000i59t,region,East_of_ms,126,0.2294388606162766
us7000i59t|region|East_of_ms,us7000i59t,region,East_of_ms,127,0.2
us7000i59t|region|East_of_ms,us7000i59t,region,East_of_ms,128,0.37919645592479734
us7000i59t|region|East_of_ms,us7000i59t,region,East_of_ms,129,0.4100673529584821
us7000i59t|region|East_of_ms,us7000i59t,region,East_of_ms,130,0.5561050253471171
us7000i59t|region|East_of_ms,us7000i59t,region,East_of_ms,131,0.29430513829207505
us7000i59t|region|East_of_ms,us7000i59t,region,East_of_ms,132,0.2
us7000i59t|region|East_of_ms,us7000i59t,region,East_of_ms,133,0.33493854413497864
us7000i59t|region|East_of_ms,us7000i59t,region,East_of_ms,134,0.48811958293758695
us7000i59t|region|East_of_ms,us7000i59t,region,East_of_ms,135,0.34884228219957397
us7000i59t|region|East_of_ms,us7000i59t,region,East_of_ms,136,0.22133194526247482
us7000i59t|region|East_of_ms,us7000i59t,region,East_of_ms,137,0.3873183756781666
us7000i59t|region|East_of_ms,us7000i59t,region,East_of_ms,138,0.4616247260139297
us7000i59t|region|East_of_ms,us7000i59t,region,East_of_ms,139,0.3104960771465181
us7000i59t|region|East_of_ms,us7000i59t,region,East_of_ms,140,0.2
us7000i59t|region|East_of_ms,us7000i59t,region,East_of_ms,141,0.2
us7000i59t|region|East_of_ms,us7000i59t,region,East_of_ms,142,0.4241638307536585
us7000i59t|region|East_of_ms,us7000i59t,region,East_of_ms,143,0.3642590518515619
us7000i59t|region|East_of_ms,us7000i59t,region,East_of_ms,144,0.20551582267478619
us7000i59t|region|East_of_ms,us7000i59t,region,East_of_ms,145,0.400484701491962
us7000i59t|region|East_of_ms,us7000i59t,region,East_of_ms,146,0.37530959581607737
us7000i59t|region|East_of_ms,us7000i59t,region,East_of_ms,147,0.2
us7000i59t|region|East_of_ms,us7000i59t,region,East_of_ms,148,0.43344611698078206
us7000i59t|region|East_of_ms,us7000i59t,region,East_of_ms,149,0.2
us7000i59t|region|East_of_ms,us7000i59t,region,East_of_ms,150,0.35907107178970005
us7000i59t|region|East_of_ms,us7000i59t,region,East_of_ms,151,0.4387423196967516
us7000i59t|region|East_of_ms,us7000i59t,region,East_of_ms,152,0.4497183010670934
us7000i59t|region|East_of_ms,us7000i59t,region,East_of_ms,153,0.396428323860354
us7000i59t|region|East_of_ms,us7000i59t,region,East_of_ms,154,0.2
us7000i59t|region|East_of_ms,us7000i59t,region,East_of_ms,155,0.28480373360259253
us7000i59t|region|East_of_ms,us7000i59t,region,East_of_ms,156,0.2
us7000i59t|region|East_of_ms,us7000i59t,region,East_of_ms,157,0.2684450257547647
us7000i59t|region|East_of_ms,us7000i59t,region,East_of_ms,158,0.2
us7000i59t|region|East_of_ms,us7000i59t,region,East_of_ms,159,0.2
us7000i59t|region|East_of_ms,us7000i59t,region,East_of_ms,160,0.30471575300586917
us7000i59t|region|East_of_ms,us7000i59t,region,East_of_ms,161,0.2
us7000i59t|region|East_of_ms,us7000i59t,region,East_of_ms,162,0.4135911289640054
us7000i59t|region|East_of_ms,us7000i59t,region,East_of_ms,163,0.21459787008688086
us7000i59t|region|East_of_ms,us7000i59t,region,East_of_ms,164,0.43428971595632626
us7000i59t|region|East_of_ms,us7000i59t,region,East_of_ms,165,0.2
us7000i59t|region|East_of_ms,us7000i59t,region,East_of_ms,166,0.2
us7000i59t|region|East_of_ms,us7000i59t,region,East_of_ms,167,0.37761517767037833
us7000i59t|region|East_of_ms,us7000i59t,region,East_of_ms,168,0.5754793275453485
us7000i59t|region|East_of_ms,us7000i59t,region,East_of_ms,169,0.47652575155721405
us7000i59t|region|East_of_ms,us7000i59t,region,East_of_ms,170,0.2
us7000i59t|region|East_of_ms,us7000i59t,region,East_of_ms,171,0.33027064210422896
us7000i59t|region|East_of_ms,us7000i59t,region,East_of_ms,172,0.2789989703892615
us7000i59t|region|East_of_ms,us7000i59t,region,East_of_ms,173,0.32530259341264656
us7000i59t|region|East_of_ms,us7000i59t,region,East_of_ms,174,0.2964726031575815
us7000i59t|region|East_of_ms,us7000i59t,region,East_of_ms,175,0.2
us7000i59t|region|East_of_ms,us7000i59t,region,East_of_ms,176,0.2
us7000i59t|region|East_of_ms,us7000i59t,region,East_of_ms,177,0.2
us7000i59t|region|East_of_ms,us7000i59t,region,East_of_ms,178,0.2
us7000i59t|region|East_of_ms,us7000i59t,region,East_of_ms,179,0.2
us7000i59t|region|East_of_ms,us7000i59t,region,East_of_ms,180,0.44103305301762835
us7000i59t|region|East_of_ms,us7000i59t,region,East_of_ms,181,0.2
us7000i59t|region|East_of_ms,us7000i59t,region,East_of_ms,182,0.26831580877435596
us7000i59t|region|East_of_ms,us7000i59t,region,East_of_ms,183,0.2
us7000i59t|region|East_of_ms,us7000i59t,region,East_of_ms,184,0.4646940350370999
us7000i59t|region|East_of_ms,us7000i59t,region,East_of_ms,185,0.2
us7000i59t|region|East_of_ms,us7000i59t,region,East_of_ms,186,0.2
us7000i59t|region|East_of_ms,us7000i59t,region,East_of_ms,187,0.24430957310066892
us7000i59t|region|East_of_ms,us7000i59t,region,East_of_ms,188,0.25369736122079667
us7000i59t|region|East_of_ms,us7000i59t,region,East_of_ms,189,0.2
us7000i59t|region|East_of_ms,us7000i59t,region,East_of_ms,190,0.3634375297098212
us7000i59t|region|East_of_ms,us7000i59t,region,East_of_ms,191,0.36909617153481256
us7000i59t|region|East_of_ms,us7000i59t,region,East_of_ms,192,0.2
us7000i59t|region|East_of_ms,us7000i59t,region,East_of_ms,193,0.2
us7000i59t|region|East_of_ms,us7000i59t,region,East_of_ms,194,0.36591696071743124
us7000i59t|region|East_of_ms,us7000i59t,region,East_of_ms,195,0.2
us7000i59t|region|East_of_ms,us7000i59t,region,East_of_ms,196,0.2
us7000i59t|region|East_of_ms,us7000i59t,region,East_of_ms,197,0.2
us7000i59t|region|East_of_ms,us7000i59t,region,East_of_ms,198,0.26614995069722225
us7000i59t|region|East_of_ms,us7000i59t,region,East_of_ms,199,0.3362147210500177
us7000i59t|region|South_of_ms,us7000i59t,region,South_of_ms,0,0.26852355433196035
us7000i59t|region|South_of_ms,us7000i59t,region,South_of_ms,1,0.2703591703763837
us7000i59t|region|South_of_ms,us7000i59t,region,South_of_ms,2,0.4045613280196202
us7000i59t|region|South_of_ms,us7000i59t,region,South_of_ms,3,0.2
us7000i59t|region|South_of_ms,us7000i59t,region,South_of_ms,4,0.32236268203800983
us7000i59t|region|South_of_ms,us7000i59t,region,South_of_ms,5,0.4593465751832081
us7000i59t|region|South_of_ms,us7000i59t,region,South_of_ms,6,0.2220374384917622
us7000i59t|region|South_of_ms,us7000i59t,region,South_of_ms,7,0.2
us7000i59t|region|South_of_ms,us7000i59t,region,South_of_ms,8,0.23747407259793263
us7000i59t|region|South_of_ms,us7000i59t,region,South_of_ms,9,0.2
us7000i59t|region|South_of_ms,us7000i59t,region,South_of_ms,10,0.2
us7000i59t|region|South_of_ms,us7000i59t,region,South_of_ms,11,0.2
us7000i59t|region|South_of_ms,us7000i59t,region,South_of_ms,12,0.2
us7000i59t|region|South_of_ms,us7000i59t,region,South_of_ms,13,0.31200009706252185
us7000i59t|region|South_of_ms,us7000i59t,region,South_of_ms,14,0.2
us7000i59t|region|South_of_ms,us7000i59t,region,South_of_ms,15,0.22566362189800146
us7000i59t|region|South_of_ms,us7000i59t,region,South_of_ms,16,0.3279867408057007
us7000i59t|region|South_of_ms,us7000i59t,region,South_of_ms,17,0.2
us7000i59t|region|South_of_ms,us7000i59t,region,South_of_ms,18,0.2
us7000i59t|region|South_of_ms,us7000i59t,region,South_of_ms,19,0.21736782632252383
us7000i59t|region|South_of_ms,us7000i59t,region,South_of_ms,20,0.2
us7000i59t|region|South_of_ms,us7000i59t,region,South_of_ms,21,0.29941084740821217
us7000i59t|region|South_of_ms,us7000i59t,region,South_of_ms,22,0.2
us7000i59t|region|South_of_ms,us7000i59t,region,South_of_ms,23,0.2
us7000i59t|region|South_of_ms,us7000i59t,region,South_of_ms,24,0.3506812122380988
us7000i59t|region|South_of_ms,us7000i59t,region,South_of_ms,25,0.2
us7000i59t|region|South_of_ms,us7000i59t,region,South_of_ms,26,0.26481103002265965
us7000i59t|region|South_of_ms,us7000i59t,region,South_of_ms,27,0.2
us7000i59t|region|South_of_ms,us7000i59t,region,South_of_ms,28,0.2
us7000i59t|region|South_of_ms,us7000i59t,region,South_of_ms,29,0.22873297276451013
us7000i59t|region|South_of_ms,us7000i59t,region,South_of_ms,30,0.2
us7000i59t|region|South_of_ms,us7000i59t,region,South_of_ms,31,0.2
us7000i59t|region|South_of_ms,us7000i59t,region,South_of_ms,32,0.2
us7000i59t|region|South_of_ms,us7000i59t,region,South_of_ms,33,0.26937649863396085
us7000i59t|region|South_of_ms,us7000i59t,region,South_of_ms,34,0.2
us7000i59t|region|South_of_ms,us7000i59t,region,South_of_ms,35,0.2
us7000i59t|region|South_of_ms,us7000i59t,region,South_of_ms,36,0.4251914411180155
us7000i59t|region|South_of_ms,us7000i59t,region,South_of_ms,37,0.2
us7000i59t|region|South_of_ms,us7000i59t,region,South_of_ms,38,0.2566177391315701
us7000i59t|region|South_of_ms,us7000i59t,region,South_of_ms,39,0.2
us7000i59t|region|South_of_ms,us7000i59t,region,South_of_ms,40,0.2
us7000i59t|region|South_of_ms,us7000i59t,region,South_of_ms,41,0.2
us7000i59t|region|South_of_ms,us7000i59t,region,South_of_ms,42,0.2
us7000i59t|region|South_of_ms,us7000i59t,region,South_of_ms,43,0.2
us7000i59t|region|South_of_ms,us7000i59t,region,South_of_ms,44,0.2
us7000i59t|region|South_of_ms,us7000i59t,region,South_of_ms,45,0.3801397244994374
us7000i59t|region|South_of_ms,us7000i59t,region,South_of_ms,46,0.2
us7000i59t|region|South_of_ms,us7000i59t,region,South_of_ms,47,0.2
us7000i59t|region|South_of_ms,us7000i59t,region,South_of_ms,48,0.2
us7000i59t|region|South_of_ms,us7000i59t,region,South_of_ms,49,0.2
us7000i59t|region|South_of_ms,us7000i59t,region,South_of_ms,50,0.2
us7000i59t|region|South_of_ms,us7000i59t,region,South_of_ms,51,0.2
us7000i59t|region|South_of_ms,us7000i59t,region,South_of_ms,52,0.44113507028568216
us7000i59t|region|South_of_ms,us7000i59t,region,South_of_ms,53,0.28289348174370904
us7000i59t|region|South_of_ms,us7000i59t,region,South_of_ms,54,0.2
us7000i59t|region|South_of_ms,us7000i59t,region,South_of_ms,55,0.2
us7000i59t|region|South_of_ms,us7000i59t,region,South_of_ms,56,0.2
us7000i59t|region|South_of_ms,us7000i59t,region,South_of_ms,57,0.2
us7000i59t|region|South_of_ms,us7000i59t,region,South_of_ms,58,0.2
us7000i59t|region|South_of_ms,us7000i59t,region,South_of_ms,59,0.2
us7000i59t|region|South_of_ms,us7000i59t,region,South_of_ms,60,0.30593968121567877
us7000i59t|region|South_of_ms,us7000i59t,region,South_of_ms,61,0.2
us7000i59t|region|South_of_ms,us7000i59t,region,South_of_ms,62,0.2
us7000i59t|region|South_of_ms,us7000i59t,region,South_of_ms,63,0.2
us7000i59t|region|South_of_ms,us7000i59t,region,South_of_ms,64,0.42375533659913717
us7000i59t|region|South_of_ms,us7000i59t,region,South_of_ms,65,0.2
us7000i59t|region|South_of_ms,us7000i59t,region,South_of_ms,66,0.2
us7000i59t|region|South_of_ms,us7000i59t,region,South_of_ms,67,0.21626426143927535
us7000i59t|region|South_of_ms,us7000i59t,region,South_of_ms,68,0.21705578273214945
us7000i59t|region|South_of_ms,us7000i59t,region,South_of_ms,69,0.20299561707309458
us7000i59t|region|South_of_ms,us7000i59t,region,South_of_ms,70,0.2
us7000i59t|region|South_of_ms,us7000i59t,region,South_of_ms,71,0.29451486573844265
us7000i59t|region|South_of_ms,us7000i59t,region,South_of_ms,72,0.2
us7000i59t|region|South_of_ms,us7000i59t,region,South_of_ms,73,0.44713611102301537
us7000i59t|region|South_of_ms,us7000i59t,region,South_of_ms,74,0.3988253478147077
us7000i59t|region|South_of_ms,us7000i59t,region,South_of_ms,75,0.2457534266258058
us7000i59t|region|South_of_ms,us7000i59t,region,South_of_ms,76,0.2139130744035786
us7000i59t|region|South_of_ms,us7000i59t,region,South_of_ms,77,0.2
us7000i59t|region|South_of_ms,us7000i59t,region,South_of_ms,78,0.2
us7000i59t|region|South_of_ms,us7000i59t,region,South_of_ms,79,0.2
us7000i59t|region|South_of_ms,us7000i59t,region,South_of_ms,80,0.2
us7000i59t|region|South_of_ms,us7000i59t,region,South_of_ms,81,0.33370696141054973
us7000i59t|region|South_of_ms,us7000i59t,region,South_of_ms,82,0.4220366903765654
us7000i59t|region|South_of_ms,us7000i59t,region,South_of_ms,83,0.2
us7000i59t|region|South_of_ms,us7000i59t,region,South_of_ms,84,0.3239470901027674
us7000i59t|region|South_of_ms,us7000i59t,region,South_of_ms,85,0.3169008668180168
us7000i59t|region|South_of_ms,us7000i59t,region,South_of_ms,86,0.4303014699044
us7000i59t|region|South_of_ms,us7000i59t,region,South_of_ms,87,0.4212119899229523
us7000i59t|region|South_of_ms,us7000i59t,region,South_of_ms,88,0.23429577112451283
us7000i59t|region|South_of_ms,us7000i59t,region,South_of_ms,89,0.2
us7000i59t|region|South_of_ms,us7000i59t,region,South_of_ms,90,0.2
us7000i59t|region|South_of_ms,us7000i59t,region,South_of_ms,91,0.2
us7000i59t|region|South_of_ms,us7000i59t,region,South_of_ms,92,0.2
us7000i59t|region|South_of_ms,us7000i59t,region,South_of_ms,93,0.2
us7000i59t|region|South_of_ms,us7000i59t,region,South_of_ms,94,0.2
us7000i59t|region|South_of_ms,us7000i59t,region,South_of_ms,95,0.2
us7000i59t|region|South_of_ms,us7000i59t,region,South_of_ms,96,0.2
us7000i59t|region|South_of_ms,us7000i59t,region,South_of_ms,97,0.2
us7000i59t|region|South_of_ms,us7000i59t,region,South_of_ms,98,0.20239979195245197
us7000i59t|region|South_of_ms,us7000i59t,region,South_of_ms,99,0.2
us7000i59t|region|South_of_ms,us7000i59t,region,South_of_ms,100,0.370097084505505
us7000i59t|region|South_of_ms,us7000i59t,region,South_of_ms,101,0.21976059631970313
us7000i59t|region|South_of_ms,us7000i59t,region,South_of_ms,102,0.2
us7000i59t|region|South_of_ms,us7000i59t,region,South_of_ms,103,0.2
us7000i59t|region|South_of_ms,us7000i59t,region,South_of_ms,104,0.4009549681935616
us7000i59t|region|South_of_ms,us7000i59t,region,South_of_ms,105,0.2
us7000i59t|region|South_of_ms,us7000i59t,region,South_of_ms,106,0.2
us7000i59t|region|South_of_ms,us7000i59t,region,South_of_ms,107,0.2
us7000i59t|region|South_of_ms,us7000i59t,region,South_of_ms,108,0.2887716606973503
us7000i59t|region|South_of_ms,us7000i59t,region,South_of_ms,109,0.2
us7000i59t|region|South_of_ms,us7000i59t,region,South_of_ms,110,0.25638395187240776
us7000i59t|region|South_of_ms,us7000i59t,region,South_of_ms,111,0.2
us7000i59t|region|South_of_ms,us7000i59t,region,South_of_ms,112,0.2
us7000i59t|region|South_of_ms,us7000i59t,region,South_of_ms,113,0.2
us7000i59t|region|South_of_ms,us7000i59t,region,South_of_ms,114,0.2
us7000i59t|region|South_of_ms,us7000i59t,region,South_of_ms,115,0.2
us7000i59t|region|South_of_ms,us7000i59t,region,South_of_ms,116,0.2
us7000i59t|region|South_of_ms,us7000i59t,region,South_of_ms,117,0.2
us7000i59t|region|South_of_ms,us7000i59t,region,South_of_ms,118,0.3125728325093128
us7000i59t|region|South_of_ms,us7000i59t,region,South_of_ms,119,0.39530885324772774
us7000i59t|region|South_of_ms,us7000i59t,region,South_of_ms,120,0.21837667923476262
us7000i59t|region|South_of_ms,us7000i59t,region,South_of_ms,121,0.32998519276505794
us7000i59t|region|South_of_ms,us7000i59t,region,South_of_ms,122,0.4307719219529726
us7000i59t|region|South_of_ms,us7000i59t,region,South_of_ms,123,0.21706223224960394
us7000i59t|region|South_of_ms,us7000i59t,region,South_of_ms,124,0.2
us7000i59t|region|South_of_ms,us7000i59t,region,South_of_ms,125,0.2
us7000i59t|region|South_of_ms,us7000i59t,region,South_of_ms,126,0.32828612654682754
us7000i59t|region|South_of_ms,us7000i59t,region,South_of_ms,127,0.41752194771388024
us7000i59t|region|South_of_ms,us7000i59t,region,South_of_ms,128,0.3664934953352295
us7000i59t|region|South_of_ms,us7000i59t,region,South_of_ms,129,0.37746581856747585
us7000i59t|region|South_of_ms,us7000i59t,region,South_of_ms,130,0.3028454191981693
us7000i59t|region|South_of_ms,us7000i59t,region,South_of_ms,131,0.3169566631131994
us7000i59t|region|South_of_ms,us7000i59t,region,South_of_ms,132,0.2
us7000i59t|region|South_of_ms,us7000i59t,region,South_of_ms,133,0.2
us7000i59t|region|South_of_ms,us7000i59t,region,South_of_ms,134,0.3511300118501821
us7000i59t|region|South_of_ms,us7000i59t,region,South_of_ms,135,0.2
us7000i59t|region|South_of_ms,us7000i59t,region,South_of_ms,136,0.2
us7000i59t|region|South_of_ms,us7000i59t,region,South_of_ms,137,0.2
us7000i59t|region|South_of_ms,us7000i59t,region,South_of_ms,138,0.4036492052244226
us7000i59t|region|South_of_ms,us7000i59t,region,South_of_ms,139,0.2
us7000i59t|region|South_of_ms,us7000i59t,region,South_of_ms,140,0.3348325247583225
us7000i59t|region|South_of_ms,us7000i59t,region,South_of_ms,141,0.2
us7000i59t|region|South_of_ms,us7000i59t,region,South_of_ms,142,0.2553323852208884
us7000i59t|region|South_of_ms,us7000i59t,region,South_of_ms,143,0.2
us7000i59t|region|South_of_ms,us7000i59t,region,South_of_ms,144,0.2
us7000i59t|region|South_of_ms,us7000i59t,region,South_of_ms,145,0.2
us7000i59t|region|South_of_ms,us7000i59t,region,South_of_ms,146,0.2
us7000i59t|region|South_of_ms,us7000i59t,region,South_of_ms,147,0.2
us7000i59t|region|South_of_ms,us7000i59t,region,South_of_ms,148,0.42470235204191287
us7000i59t|region|South_of_ms,us7000i59t,region,South_of_ms,149,0.21309572817609115
us7000i59t|region|South_of_ms,us7000i59t,region,South_of_ms,150,0.2
us7000i59t|region|South_of_ms,us7000i59t,region,South_of_ms,151,0.2
us7000i59t|region|South_of_ms,us7000i59t,region,South_of_ms,152,0.3688656706656273
us7000i59t|region|South_of_ms,us7000i59t,region,South_of_ms,153,0.2
us7000i59t|region|South_of_ms,us7000i59t,region,South_of_ms,154,0.2
us7000i59t|region|South_of_ms,us7000i59t,region,South_of_ms,155,0.35180378729914175
us7000i59t|region|South_of_ms,us7000i59t,region,South_of_ms,156,0.2
us7000i59t|region|South_of_ms,us7000i59t,region,South_of_ms,157,0.43269143135109106
us7000i59t|region|South_of_ms,us7000i59t,region,South_of_ms,158,0.2
us7000i59t|region|South_of_ms,us7000i59t,region,South_of_ms,159,0.2
us7000i59t|region|South_of_ms,us7000i59t,region,South_of_ms,160,0.2
us7000i59t|region|South_of_ms,us7000i59t,region,South_of_ms,161,0.28355661171241064
us7000i59t|region|South_of_ms,us7000i59t,region,South_of_ms,162,0.2
us7000i59t|region|South_of_ms,us7000i59t,region,South_of_ms,163,0.2
us7000i59t|region|South_of_ms,us7000i59t,region,South_of_ms,164,0.2
us7000i59t|region|South_of_ms,us7000i59t,region,South_of_ms,165,0.2164274745917763
us7000i59t|region|South_of_ms,us7000i59t,region,South_of_ms,166,0.2
us7000i59t|region|South_of_ms,us7000i59t,region,South_of_ms,167,0.24582058627115969
us7000i59t|region|South_of_ms,us7000i59t,region,South_of_ms,168,0.2
us7000i59t|region|South_of_ms,us7000i59t,region,South_of_ms,169,0.29581392034634774
us7000i59t|region|South_of_ms,us7000i59t,region,South_of_ms,170,0.2
us7000i59t|region|South_of_ms,us7000i59t,region,South_of_ms,171,0.37570739412045023
us7000i59t|region|South_of_ms,us7000i59t,region,South_of_ms,172,0.2
us7000i59t|region|South_of_ms,us7000i59t,region,South_of_ms,173,0.3259105466942342
us7000i59t|region|South_of_ms,us7000i59t,region,South_of_ms,174,0.29582980740227643
us7000i59t|region|South_of_ms,us7000i59t,region,South_of_ms,175,0.2
us7000i59t|region|South_of_ms,us7000i59t,region,South_of_ms,176,0.2
us7000i59t|region|South_of_ms,us7000i59t,region,South_of_ms,177,0.2
us7000i59t|region|South_of_ms,us7000i59t,region,South_of_ms,178,0.28404577428750133
us7000i59t|region|South_of_ms,us7000i59t,region,South_of_ms,179,0.2
us7000i59t|region|South_of_ms,us7000i59t,region,South_of_ms,180,0.3242776449047106
us7000i59t|region|South_of_ms,us7000i59t,region,South_of_ms,181,0.27881479124646963
us7000i59t|region|South_of_ms,us7000i59t,region,South_of_ms,182,0.2340548020853438
us7000i59t|region|South_of_ms,us7000i59t,region,South_of_ms,183,0.2
us7000i59t|region|South_of_ms,us7000i59t,region,South_of_ms,184,0.225565559265059
us7000i59t|region|South_of_ms,us7000i59t,region,South_of_ms,185,0.3311972021594889
us7000i59t|region|South_of_ms,us7000i59t,region,South_of_ms,186,0.2
us7000i59t|region|South_of_ms,us7000i59t,region,South_of_ms,187,0.340978723357973
us7000i59t|region|South_of_ms,us7000i59t,region,South_of_ms,188,0.48067893087845504
us7000i59t|region|South_of_ms,us7000i59t,region,South_of_ms,189,0.29189887623428207
us7000i59t|region|South_of_ms,us7000i59t,region,South_of_ms,190,0.3291046210451034
us7000i59t|region|South_of_ms,us7000i59t,region,South_of_ms,191,0.2834375465707728
us7000i59t|region|South_of_ms,us7000i59t,region,South_of_ms,192,0.2
us7000i59t|region|South_of_ms,us7000i59t,region,South_of_ms,193,0.3186870950637574
us7000i59t|region|South_of_ms,us7000i59t,region,South_of_ms,194,0.2
us7000i59t|region|South_of_ms,us7000i59t,region,South_of_ms,195,0.3397374818930926
us7000i59t|region|South_of_ms,us7000i59t,region,South_of_ms,196,0.6020754133697888
us7000i59t|region|South_of_ms,us7000i59t,region,South_of_ms,197,0.4282631279803961
us7000i59t|region|South_of_ms,us7000i59t,region,South_of_ms,198,0.239783581119233
us7000i59t|region|South_of_ms,us7000i59t,region,South_of_ms,199,0.2
us7000i59t|ring|0-400km,us7000i59t,ring,0-400km,0,0.27401053412953835
us7000i59t|ring|0-400km,us7000i59t,ring,0-400km,1,0.4187574795228303
us7000i59t|ring|0-400km,us7000i59t,ring,0-400km,2,0.3805999644410523
us7000i59t|ring|0-400km,us7000i59t,ring,0-400km,3,0.46192340693198164
us7000i59t|ring|0-400km,us7000i59t,ring,0-400km,4,0.2
us7000i59t|ring|0-400km,us7000i59t,ring,0-400km,5,0.3598650971876522
us7000i59t|ring|0-400km,us7000i59t,ring,0-400km,6,0.2842066851631388
us7000i59t|ring|0-400km,us7000i59t,ring,0-400km,7,0.21082945346839724
us7000i59t|ring|0-400km,us7000i59t,ring,0-400km,8,0.42660439375026304
us7000i59t|ring|0-400km,us7000i59t,ring,0-400km,9,0.26010071306142724
us7000i59t|ring|0-400km,us7000i59t,ring,0-400km,10,0.3284733865931163
us7000i59t|ring|0-400km,us7000i59t,ring,0-400km,11,0.42576712880089707
us7000i59t|ring|0-400km,us7000i59t,ring,0-400km,12,0.2
us7000i59t|ring|0-400km,us7000i59t,ring,0-400km,13,0.4090992941766897
us7000i59t|ring|0-400km,us7000i59t,ring,0-400km,14,0.33339004124669924
us7000i59t|ring|0-400km,us7000i59t,ring,0-400km,15,0.2917226095320643
us7000i59t|ring|0-400km,us7000i59t,ring,0-400km,16,0.256616690830957
us7000i59t|ring|0-400km,us7000i59t,ring,0-400km,17,0.2
us7000i59t|ring|0-400km,us7000i59t,ring,0-400km,18,0.2
us7000i59t|ring|0-400km,us7000i59t,ring,0-400km,19,0.3434435612828188
us7000i59t|ring|0-400km,us7000i59t,ring,0-400km,20,0.2
us7000i59t|ring|0-400km,us7000i59t,ring,0-400km,21,0.47991706654079114
us7000i59t|ring|0-400km,us7000i59t,ring,0-400km,22,0.4054829019512299
us7000i59t|ring|0-400km,us7000i59t,ring,0-400km,23,0.34571420038970896
us7000i59t|ring|0-400km,us7000i59t,ring,0-400km,24,0.4824700968295636
us7000i59t|ring|0-400km,us7000i59t,ring,0-400km,25,0.5338058571216012
us7000i59t|ring|0-400km,us7000i59t,ring,0-400km,26,0.28048501551473837
us7000i59t|ring|0-400km,us7000i59t,ring,0-400km,27,0.25586602390716784
us7000i59t|ring|0-400km,us7000i59t,ring,0-400km,28,0.3024001422845426
us7000i59t|ring|0-400km,us7000i59t,ring,0-400km,29,0.2496823123058962
us7000i59t|ring|0-400km,us7000i59t,ring,0-400km,30,0.3395363114421865
us7000i59t|ring|0-400km,us7000i59t,ring,0-400km,31,0.28637305271446367
us7000i59t|ring|0-400km,us7000i59t,ring,0-400km,32,0.4136832004759111
us7000i59t|ring|0-400km,us7000i59t,ring,0-400km,33,0.31151872906634376
us7000i59t|ring|0-400km,us7000i59t,ring,0-400km,34,0.40768608745584317
us7000i59t|ring|0-400km,us7000i59t,ring,0-400km,35,0.4437634162877259
us7000i59t|ring|0-400km,us7000i59t,ring,0-400km,36,0.23026659743888242
us7000i59t|ring|0-400km,us7000i59t,ring,0-400km,37,0.2528543114153764
us7000i59t|ring|0-400km,us7000i59t,ring,0-400km,38,0.2
us7000i59t|ring|0-400km,us7000i59t,ring,0-400km,39,0.30452355552954413
us7000i59t|ring|0-400km,us7000i59t,ring,0-400km,40,0.2
us7000i59t|ring|0-400km,us7000i59t,ring,0-400km,41,0.426869474988195
us7000i59t|ring|0-400km,us7000i59t,ring,0-400km,42,0.2779308680615218
us7000i59t|ring|0-400km,us7000i59t,ring,0-400km,43,0.221654884121216
us7000i59t|ring|0-400km,us7000i59t,ring,0-400km,44,0.2354012766501044
us7000i59t|ring|0-400km,us7000i59t,ring,0-400km,45,0.4092903617358105
us7000i59t|ring|0-400km,us7000i59t,ring,0-400km,46,0.22042107387647825
us7000i59t|ring|0-400km,us7000i59t,ring,0-400km,47,0.25796107154780906
us7000i59t|ring|0-400km,us7000i59t,ring,0-400km,48,0.30337248524040983
us7000i59t|ring|0-400km,us7000i59t,ring,0-400km,49,0.2
us7000i59t|ring|0-400km,us7000i59t,ring,0-400km,50,0.37341173125258986
us7000i59t|ring|0-400km,us7000i59t,ring,0-400km,51,0.32254455214533156
us7000i59t|ring|0-400km,us7000i59t,ring,0-400km,52,0.20174219179665276
us7000i59t|ring|0-400km,us7000i59t,ring,0-400km,53,0.46341817459043844
us7000i59t|ring|0-400km,us7000i59t,ring,0-400km,54,0.436771429073219
us7000i59t|ring|0-400km,us7000i59t,ring,0-400km,55,0.2919061642576426
us7000i59t|ring|0-400km,us7000i59t,ring,0-400km,56,0.311045411042602
us7000i59t|ring|0-400km,us7000i59t,ring,0-400km,57,0.2
us7000i59t|ring|0-400km,us7000i59t,ring,0-400km,58,0.2898234495973082
us7000i59t|ring|0-400km,us7000i59t,ring,0-400km,59,0.43715251954858814
us7000i59t|ring|0-400km,us7000i59t,ring,0-400km,60,0.29112513353681974
us7000i59t|ring|0-400km,us7000i59t,ring,0-400km,61,0.27039081326772835
us7000i59t|ring|0-400km,us7000i59t,ring,0-400km,62,0.40338743737136584
us7000i59t|ring|0-400km,us7000i59t,ring,0-400km,63,0.2
us7000i59t|ring|0-400km,us7000i59t,ring,0-400km,64,0.23972850680289032
us7000i59t|ring|0-400km,us7000i59t,ring,0-400km,65,0.45906225801818
us7000i59t|ring|0-400km,us7000i59t,ring,0-400km,66,0.31486980230288447
us7000i59t|ring|0-400km,us7000i59t,ring,0-400km,67,0.29383720411868447
us7000i59t|ring|0-400km,us7000i59t,ring,0-400km,68,0.2
us7000i59t|ring|0-400km,us7000i59t,ring,0-400km,69,0.2527341826408129
us7000i59t|ring|0-400km,us7000i59t,ring,0-400km,70,0.2643885119894469
us7000i59t|ring|0-400km,us7000i59t,ring,0-400km,71,0.2
us7000i59t|ring|0-400km,us7000i59t,ring,0-400km,72,0.4164920984693021
us7000i59t|ring|0-400km,us7000i59t,ring,0-400km,73,0.38898074228682944
us7000i59t|ring|0-400km,us7000i59t,ring,0-400km,74,0.48240139924846137
us7000i59t|ring|0-400km,us7000i59t,ring,0-400km,75,0.3029446923119355
us7000i59t|ring|0-400km,us7000i59t,ring,0-400km,76,0.2
us7000i59t|ring|0-400km,us7000i59t,ring,0-400km,77,0.42392640114358554
us7000i59t|ring|0-400km,us7000i59t,ring,0-400km,78,0.25705500306165724
us7000i59t|ring|0-400km,us7000i59t,ring,0-400km,79,0.5172268889662338
us7000i59t|ring|0-400km,us7000i59t,ring,0-400km,80,0.2
us7000i59t|ring|0-400km,us7000i59t,ring,0-400km,81,0.27031380835557084
us7000i59t|ring|0-400km,us7000i59t,ring,0-400km,82,0.2044549601450627
us7000i59t|ring|0-400km,us7000i59t,ring,0-400km,83,0.2
us7000i59t|ring|0-400km,us7000i59t,ring,0-400km,84,0.4439437381676375
us7000i59t|ring|0-400km,us7000i59t,ring,0-400km,85,0.2
us7000i59t|ring|0-400km,us7000i59t,ring,0-400km,86,0.4368527048059494
us7000i59t|ring|0-400km,us7000i59t,ring,0-400km,87,0.2
us7000i59t|ring|0-400km,us7000i59t,ring,0-400km,88,0.30605535963706193
us7000i59t|ring|0-400km,us7000i59t,ring,0-400km,89,0.29000335144079065
us7000i59t|ring|0-400km,us7000i59t,ring,0-400km,90,0.24235162694599038
us7000i59t|ring|0-400km,us7000i59t,ring,0-400km,91,0.30207246423175055
us7000i59t|ring|0-400km,us7000i59t,ring,0-400km,92,0.28280050988275696
us7000i59t|ring|0-400km,us7000i59t,ring,0-400km,93,0.3770141511617029
us7000i59t|ring|0-400km,us7000i59t,ring,0-400km,94,0.40299487418354385
us7000i59t|ring|0-400km,us7000i59t,ring,0-400km,95,0.3798619279303434
us7000i59t|ring|0-400km,us7000i59t,ring,0-400km,96,0.2
us7000i59t|ring|0-400km,us7000i59t,ring,0-400km,97,0.2518800882053593
us7000i59t|ring|0-400km,us7000i59t,ring,0-400km,98,0.25544282226074777
us7000i59t|ring|0-400km,us7000i59t,ring,0-400km,99,0.3012264744775759
us7000i59t|ring|0-400km,us7000i59t,ring,0-400km,100,0.2911355629254274
us7000i59t|ring|0-400km,us7000i59t,ring,0-400km,101,0.3426376782498862
us7000i59t|ring|0-400km,us7000i59t,ring,0-400km,102,0.2
us7000i59t|ring|0-400km,us7000i59t,ring,0-400km,103,0.2
us7000i59t|ring|0-400km,us7000i59t,ring,0-400km,104,0.30039880010168213
us7000i59t|ring|0-400km,us7000i59t,ring,0-400km,105,0.22379120505038627
us7000i59t|ring|0-400km,us7000i59t,ring,0-400km,106,0.2
us7000i59t|ring|0-400km,us7000i59t,ring,0-400km,107,0.4119690034325439
us7000i59t|ring|0-400km,us7000i59t,ring,0-400km,108,0.40163752086939675
us7000i59t|ring|0-400km,us7000i59t,ring,0-400km,109,0.3639236895843195
us7000i59t|ring|0-400km,us7000i59t,ring,0-400km,110,0.2
us7000i59t|ring|0-400km,us7000i59t,ring,0-400km,111,0.4899189653249955
us7000i59t|ring|0-400km,us7000i59t,ring,0-400km,112,0.3653225145621391
us7000i59t|ring|0-400km,us7000i59t,ring,0-400km,113,0.2
us7000i59t|ring|0-400km,us7000i59t,ring,0-400km,114,0.2588155453801332
us7000i59t|ring|0-400km,us7000i59t,ring,0-400km,115,0.4446215646241675
us7000i59t|ring|0-400km,us7000i59t,ring,0-400km,116,0.30619518456448874
us7000i59t|ring|0-400km,us7000i59t,ring,0-400km,117,0.40656024150873976
us7000i59t|ring|0-400km,us7000i59t,ring,0-400km,118,0.34542765318773627
us7000i59t|ring|0-400km,us7000i59t,ring,0-400km,119,0.35014219936884666
us7000i59t|ring|0-400km,us7000i59t,ring,0-400km,120,0.2
us7000i59t|ring|0-400km,us7000i59t,ring,0-400km,121,0.2
us7000i59t|ring|0-400km,us7000i59t,ring,0-400km,122,0.28841223679954253
us7000i59t|ring|0-400km,us7000i59t,ring,0-400km,123,0.24570036919177893
us7000i59t|ring|0-400km,us7000i59t,ring,0-400km,124,0.2892763997906856
us7000i59t|ring|0-400km,us7000i59t,ring,0-400km,125,0.38112123090577227
us7000i59t|ring|0-400km,us7000i59t,ring,0-400km,126,0.40110848113584585
us7000i59t|ring|0-400km,us7000i59t,ring,0-400km,127,0.21113042726184644
us7000i59t|ring|0-400km,us7000i59t,ring,0-400km,128,0.3615296947999992
us7000i59t|ring|0-400km,us7000i59t,ring,0-400km,129,0.37896199344148157
us7000i59t|ring|0-400km,us7000i59t,ring,0-400km,130,0.2931071988265345
us7000i59t|ring|0-400km,us7000i59t,ring,0-400km,131,0.31400449197925995
us7000i59t|ring|0-400km,us7000i59t,ring,0-400km,132,0.369944951121279
us7000i59t|ring|0-400km,us7000i59t,ring,0-400km,133,0.505710581144357
us7000i59t|ring|0-400km,us7000i59t,ring,0-400km,134,0.3613001946620246
us7000i59t|ring|0-400km,us7000i59t,ring,0-400km,135,0.2
us7000i59t|ring|0-400km,us7000i59t,ring,0-400km,136,0.33488194369311153
us7000i59t|ring|0-400km,us7000i59t,ring,0-400km,137,0.2153414787381013
us7000i59t|ring|0-400km,us7000i59t,ring,0-400km,138,0.21550800827097194
us7000i59t|ring|0-400km,us7000i59t,ring,0-400km,139,0.2801390875920089
us7000i59t|ring|0-400km,us7000i59t,ring,0-400km,140,0.263405923390682
us7000i59t|ring|0-400km,us7000i59t,ring,0-400km,141,0.32941960743865845
us7000i59t|ring|0-400km,us7000i59t,ring,0-400km,142,0.3309558370484128
us7000i59t|ring|0-400km,us7000i59t,ring,0-400km,143,0.2012669549360814
us7000i59t|ring|0-400km,us7000i59t,ring,0-400km,144,0.3351387558723302
us7000i59t|ring|0-400km,us7000i59t,ring,0-400km,145,0.3494382293444
us7000i59t|ring|0-400km,us7000i59t,ring,0-400km,146,0.2
us7000i59t|ring|0-400km,us7000i59t,ring,0-400km,147,0.3010077162570225
us7000i59t|ring|0-400km,us7000i59t,ring,0-400km,148,0.3201922917815362
us7000i59t|ring|0-400km,us7000i59t,ring,0-400km,149,0.2
us7000i59t|ring|0-400km,us7000i59t,ring,0-400km,150,0.2
us7000i59t|ring|0-400km,us7000i59t,ring,0-400km,151,0.2
us7000i59t|ring|0-400km,us7000i59t,ring,0-400km,152,0.34208479535070974
us7000i59t|ring|0-400km,us7000i59t,ring,0-400km,153,0.2
us7000i59t|ring|0-400km,us7000i59t,ring,0-400km,154,0.2691243303869549
us7000i59t|ring|0-400km,us7000i59t,ring,0-400km,155,0.28023682512066495
us7000i59t|ring|0-400km,us7000i59t,ring,0-400km,156,0.28364368711349996
us7000i59t|ring|0-400km,us7000i59t,ring,0-400km,157,0.3968126753748961
us7000i59t|ring|0-400km,us7000i59t,ring,0-400km,158,0.2478909934737024
us7000i59t|ring|0-400km,us7000i59t,ring,0-400km,159,0.20120409011507032
us7000i59t|ring|0-400km,us7000i59t,ring,0-400km,160,0.2
us7000i59t|ring|0-400km,us7000i59t,ring,0-400km,161,0.2
us7000i59t|ring|0-400km,us7000i59t,ring,0-400km,162,0.25727417782493583
us7000i59t|ring|0-400km,us7000i59t,ring,0-400km,163,0.2
us7000i59t|ring|0-400km,us7000i59t,ring,0-400km,164,0.3212179904579253
us7000i59t|ring|0-400km,us7000i59t,ring,0-400km,165,0.24846487285915078
us7000i59t|ring|0-400km,us7000i59t,ring,0-400km,166,0.3672618107923185
us7000i59t|ring|0-400km,us7000i59t,ring,0-400km,167,0.24743501524094882
us7000i59t|ring|0-400km,us7000i59t,ring,0-400km,168,0.32336002418725546
us7000i59t|ring|0-400km,us7000i59t,ring,0-400km,169,0.2
us7000i59t|ring|0-400km,us7000i59t,ring,0-400km,170,0.2
us7000i59t|ring|0-400km,us7000i59t,ring,0-400km,171,0.3609973869518005
us7000i59t|ring|0-400km,us7000i59t,ring,0-400km,172,0.3600255891890073
us7000i59t|ring|0-400km,us7000i59t,ring,0-400km,173,0.47525709009045974
us7000i59t|ring|0-400km,us7000i59t,ring,0-400km,174,0.2
us7000i59t|ring|0-400km,us7000i59t,ring,0-400km,175,0.26647832658423876
us7000i59t|ring|0-400km,us7000i59t,ring,0-400km,176,0.346109735953856
us7000i59t|ring|0-400km,us7000i59t,ring,0-400km,177,0.3181704955661054
us7000i59t|ring|0-400km,us7000i59t,ring,0-400km,178,0.3118915341586832
us7000i59t|ring|0-400km,us7000i59t,ring,0-400km,179,0.4156143651895522
us7000i59t|ring|0-400km,us7000i59t,ring,0-400km,180,0.2
us7000i59t|ring|0-400km,us7000i59t,ring,0-400km,181,0.2
us7000i59t|ring|0-400km,us7000i59t,ring,0-400km,182,0.31972816056244324
us7000i59t|ring|0-400km,us7000i59t,ring,0-400km,183,0.39208147505371693
us7000i59t|ring|0-400km,us7000i59t,ring,0-400km,184,0.2
us7000i59t|ring|0-400km,us7000i59t,ring,0-400km,185,0.27609190637796305
us7000i59t|ring|0-400km,us7000i59t,ring,0-400km,186,0.23412463558259267
us7000i59t|ring|0-400km,us7000i59t,ring,0-400km,187,0.2
us7000i59t|ring|0-400km,us7000i59t,ring,0-400km,188,0.4260973509122532
us7000i59t|ring|0-400km,us7000i59t,ring,0-400km,189,0.34980902491371035
us7000i59t|ring|0-400km,us7000i59t,ring,0-400km,190,0.2
us7000i59t|ring|0-400km,us7000i59t,ring,0-400km,191,0.345389100573458
us7000i59t|ring|0-400km,us7000i59t,ring,0-400km,192,0.2524341824973348
us7000i59t|ring|0-400km,us7000i59t,ring,0-400km,193,0.39123058970164987
us7000i59t|ring|0-400km,us7000i59t,ring,0-400km,194,0.24146853410625022
us7000i59t|ring|0-400km,us7000i59t,ring,0-400km,195,0.40721485217328496
us7000i59t|ring|0-400km,us7000i59t,ring,0-400km,196,0.2
us7000i59t|ring|0-400km,us7000i59t,ring,0-400km,197,0.29225391709691656
us7000i59t|ring|0-400km,us7000i59t,ring,0-400km,198,0.31227147378517317
us7000i59t|ring|0-400km,us7000i59t,ring,0-400km,199,0.22010799703067352
usb000gcdd|mainshock|all,usb000gcdd,mainshock,all,0,0.955241349785386
usb000gcdd|mainshock|all,usb000gcdd,mainshock,all,1,0.9913501723851108
usb000gcdd|mainshock|all,usb000gcdd,mainshock,all,2,0.88078034476259
usb000gcdd|mainshock|all,usb000gcdd,mainshock,all,3,0.8903294555934064
usb000gcdd|mainshock|all,usb000gcdd,mainshock,all,4,0.9303253054365201
usb000gcdd|mainshock|all,usb000gcdd,mainshock,all,5,1.000311282334589
usb000gcdd|mainshock|all,usb000gcdd,mainshock,all,6,0.9326494371569898
usb000gcdd|mainshock|all,usb000gcdd,mainshock,all,7,0.9536538472908063
usb000gcdd|mainshock|all,usb000gcdd,mainshock,all,8,0.9272214267484995
usb000gcdd|mainshock|all,usb000gcdd,mainshock,all,9,0.9020684158715864
usb000gcdd|mainshock|all,usb000gcdd,mainshock,all,10,0.9033328013708027
usb000gcdd|mainshock|all,usb000gcdd,mainshock,all,11,0.981653143602291
usb000gcdd|mainshock|all,usb000gcdd,mainshock,all,12,0.9147306391699156
usb000gcdd|mainshock|all,usb000gcdd,mainshock,all,13,0.9295889612138392
usb000gcdd|mainshock|all,usb000gcdd,mainshock,all,14,0.9494428370470237
usb000gcdd|mainshock|all,usb000gcdd,mainshock,all,15,0.8997457987529681
usb000gcdd|mainshock|all,usb000gcdd,mainshock,all,16,0.9801429473913306
usb000gcdd|mainshock|all,usb000gcdd,mainshock,all,17,0.980004614850857
usb000gcdd|mainshock|all,usb000gcdd,mainshock,all,18,1.0271765362172374
usb000gcdd|mainshock|all,usb000gcdd,mainshock,all,19,1.0048080649077538
usb000gcdd|mainshock|all,usb000gcdd,mainshock,all,20,1.0060807585280103
usb000gcdd|mainshock|all,usb000gcdd,mainshock,all,21,0.9034873636793036
usb000gcdd|mainshock|all,usb000gcdd,mainshock,all,22,0.9524917424135613
usb000gcdd|mainshock|all,usb000gcdd,mainshock,all,23,0.8910338163426588
usb000gcdd|mainshock|all,usb000gcdd,mainshock,all,24,0.8350264343712761
usb000gcdd|mainshock|all,usb000gcdd,mainshock,all,25,0.8627178482725371
usb000gcdd|mainshock|all,usb000gcdd,mainshock,all,26,0.9379139771359514
usb000gcdd|mainshock|all,usb000gcdd,mainshock,all,27,0.92041705675234
usb000gcdd|mainshock|all,usb000gcdd,mainshock,all,28,0.8729131844249636
usb000gcdd|mainshock|all,usb000gcdd,mainshock,all,29,0.9797314303116718
usb000gcdd|mainshock|all,usb000gcdd,mainshock,all,30,0.8693220763993892
usb000gcdd|mainshock|all,usb000gcdd,mainshock,all,31,0.8230925475513324
usb000gcdd|mainshock|all,usb000gcdd,mainshock,all,32,0.9641250011269294
usb000gcdd|mainshock|all,usb000gcdd,mainshock,all,33,0.9499721857895499
usb000gcdd|mainshock|all,usb000gcdd,mainshock,all,34,0.8691374061978251
usb000gcdd|mainshock|all,usb000gcdd,mainshock,all,35,0.8799666998365292
usb000gcdd|mainshock|all,usb000gcdd,mainshock,all,36,0.9402192271247556
usb000gcdd|mainshock|all,usb000gcdd,mainshock,all,37,0.8621785186481306
usb000gcdd|mainshock|all,usb000gcdd,mainshock,all,38,0.8963156494010467
usb000gcdd|mainshock|all,usb000gcdd,mainshock,all,39,0.9791416840213989
usb000gcdd|mainshock|all,usb000gcdd,mainshock,all,40,0.9499875211598241
usb000gcdd|mainshock|all,usb000gcdd,mainshock,all,41,0.9405008458694148
usb000gcdd|mainshock|all,usb000gcdd,mainshock,all,42,0.8863021173669415
usb000gcdd|mainshock|all,usb000gcdd,mainshock,all,43,1.0674780376511497
usb000gcdd|mainshock|all,usb000gcdd,mainshock,all,44,0.9868008177569694
usb000gcdd|mainshock|all,usb000gcdd,mainshock,all,45,0.9141102199230048
usb000gcdd|mainshock|all,usb000gcdd,mainshock,all,46,0.9191494421408257
usb000gcdd|mainshock|all,usb000gcdd,mainshock,all,47,0.9249483837233655
usb000gcdd|mainshock|all,usb000gcdd,mainshock,all,48,0.8553089260479217
usb000gcdd|mainshock|all,usb000gcdd,mainshock,all,49,0.9322363486012512
usb000gcdd|mainshock|all,usb000gcdd,mainshock,all,50,0.8886748713109638
usb000gcdd|mainshock|all,usb000gcdd,mainshock,all,51,0.9855749218365314
usb000gcdd|mainshock|all,usb000gcdd,mainshock,all,52,0.949248319094784
usb000gcdd|mainshock|all,usb000gcdd,mainshock,all,53,0.9589356921311487
usb000gcdd|mainshock|all,usb000gcdd,mainshock,all,54,0.86288064188769
usb000gcdd|mainshock|all,usb000gcdd,mainshock,all,55,0.8272423227609637
usb000gcdd|mainshock|all,usb000gcdd,mainshock,all,56,0.9238567868215777
usb000gcdd|mainshock|all,usb000gcdd,mainshock,all,57,0.9323709036904544
usb000gcdd|mainshock|all,usb000gcdd,mainshock,all,58,0.9338537201335992
usb000gcdd|mainshock|all,usb000gcdd,mainshock,all,59,0.9681526617327906
usb000gcdd|mainshock|all,usb000gcdd,mainshock,all,60,0.9057571227653443
usb000gcdd|mainshock|all,usb000gcdd,mainshock,all,61,0.9463613965392841
usb000gcdd|mainshock|all,usb000gcdd,mainshock,all,62,0.8906655988648475
usb000gcdd|mainshock|all,usb000gcdd,mainshock,all,63,0.8934894131615618
usb000gcdd|mainshock|all,usb000gcdd,mainshock,all,64,0.8864299325541309
usb000gcdd|mainshock|all,usb000gcdd,mainshock,all,65,0.9276500615025356
usb000gcdd|mainshock|all,usb000gcdd,mainshock,all,66,1.019956422755651
usb000gcdd|mainshock|all,usb000gcdd,mainshock,all,67,0.8700169109875722
usb000gcdd|mainshock|all,usb000gcdd,mainshock,all,68,0.9718742738331072
usb000gcdd|mainshock|all,usb000gcdd,mainshock,all,69,0.9242629847542247
usb000gcdd|mainshock|all,usb000gcdd,mainshock,all,70,0.9950282512824874
usb000gcdd|mainshock|all,usb000gcdd,mainshock,all,71,0.897733863461434
usb000gcdd|mainshock|all,usb000gcdd,mainshock,all,72,1.0897788540382995
usb000gcdd|mainshock|all,usb000gcdd,mainshock,all,73,0.9424868650593219
usb000gcdd|mainshock|all,usb000gcdd,mainshock,all,74,0.999040245105532
usb000gcdd|mainshock|all,usb000gcdd,mainshock,all,75,0.9123010126689334
usb000gcdd|mainshock|all,usb000gcdd,mainshock,all,76,0.9742756765712449
usb000gcdd|mainshock|all,usb000gcdd,mainshock,all,77,0.9434977853739369
usb000gcdd|mainshock|all,usb000gcdd,mainshock,all,78,0.8852111365352063
usb000gcdd|mainshock|all,usb000gcdd,mainshock,all,79,0.8895461181370742
usb000gcdd|mainshock|all,usb000gcdd,mainshock,all,80,0.8814715357165258
usb000gcdd|mainshock|all,usb000gcdd,mainshock,all,81,0.8827322993291219
usb000gcdd|mainshock|all,usb000gcdd,mainshock,all,82,1.051237288095771
usb000gcdd|mainshock|all,usb000gcdd,mainshock,all,83,0.9094572565379574
usb000gcdd|mainshock|all,usb000gcdd,mainshock,all,84,0.9046217520757363
usb000gcdd|mainshock|all,usb000gcdd,mainshock,all,85,0.9167025504207151
usb000gcdd|mainshock|all,usb000gcdd,mainshock,all,86,0.8309050683964231
usb000gcdd|mainshock|all,usb000gcdd,mainshock,all,87,0.9251597840673731
usb000gcdd|mainshock|all,usb000gcdd,mainshock,all,88,0.9115941995650095
usb000gcdd|mainshock|all,usb000gcdd,mainshock,all,89,0.9282389079324014
usb000gcdd|mainshock|all,usb000gcdd,mainshock,all,90,1.0278964881343846
usb000gcdd|mainshock|all,usb000gcdd,mainshock,all,91,0.9773771206020058
usb000gcdd|mainshock|all,usb000gcdd,mainshock,all,92,0.8598993459924302
usb000gcdd|mainshock|all,usb000gcdd,mainshock,all,93,0.9992138661633945
usb000gcdd|mainshock|all,usb000gcdd,mainshock,all,94,0.9237797946501984
usb000gcdd|mainshock|all,usb000gcdd,mainshock,all,95,0.9047793763799827
usb000gcdd|mainshock|all,usb000gcdd,mainshock,all,96,1.0603487108366783
usb000gcdd|mainshock|all,usb000gcdd,mainshock,all,97,0.8799762365428716
usb000gcdd|mainshock|all,usb000gcdd,mainshock,all,98,0.9310616884935905
usb000gcdd|mainshock|all,usb000gcdd,mainshock,all,99,0.8932611568336265
usb000gcdd|mainshock|all,usb000gcdd,mainshock,all,100,0.8877222158222872
usb000gcdd|mainshock|all,usb000gcdd,mainshock,all,101,0.986239836919914
usb000gcdd|mainshock|all,usb000gcdd,mainshock,all,102,0.9300759280521248
usb000gcdd|mainshock|all,usb000gcdd,mainshock,all,103,0.9212709926139644
usb000gcdd|mainshock|all,usb000gcdd,mainshock,all,104,0.9699913467906202
usb000gcdd|mainshock|all,usb000gcdd,mainshock,all,105,0.9319007723650481
usb000gcdd|mainshock|all,usb000gcdd,mainshock,all,106,0.9170531619406631
usb000gcdd|mainshock|all,usb000gcdd,mainshock,all,107,0.8101169295311073
usb000gcdd|mainshock|all,usb000gcdd,mainshock,all,108,0.9194784626482801
usb000gcdd|mainshock|all,usb000gcdd,mainshock,all,109,0.8969483889064858
usb000gcdd|mainshock|all,usb000gcdd,mainshock,all,110,0.8593316186868202
usb000gcdd|mainshock|all,usb000gcdd,mainshock,all,111,0.9765271939101116
usb000gcdd|mainshock|all,usb000gcdd,mainshock,all,112,0.98119870606109
usb000gcdd|mainshock|all,usb000gcdd,mainshock,all,113,0.9319982667541601
usb000gcdd|mainshock|all,usb000gcdd,mainshock,all,114,0.9396579666464916
usb000gcdd|mainshock|all,usb000gcdd,mainshock,all,115,0.963646602296264
usb000gcdd|mainshock|all,usb000gcdd,mainshock,all,116,0.9770772760298182
usb000gcdd|mainshock|all,usb000gcdd,mainshock,all,117,0.934448844502227
usb000gcdd|mainshock|all,usb000gcdd,mainshock,all,118,0.9539484141106584
usb000gcdd|mainshock|all,usb000gcdd,mainshock,all,119,0.9197186125129562
usb000gcdd|mainshock|all,usb000gcdd,mainshock,all,120,0.9240971577206402
usb000gcdd|mainshock|all,usb000gcdd,mainshock,all,121,0.8773900835690571
usb000gcdd|mainshock|all,usb000gcdd,mainshock,all,122,0.964389819243238
usb000gcdd|mainshock|all,usb000gcdd,mainshock,all,123,1.041177865252276
usb000gcdd|mainshock|all,usb000gcdd,mainshock,all,124,0.962235087419848
usb000gcdd|mainshock|all,usb000gcdd,mainshock,all,125,0.879170675511297
usb000gcdd|mainshock|all,usb000gcdd,mainshock,all,126,0.9334611379359742
usb000gcdd|mainshock|all,usb000gcdd,mainshock,all,127,0.9472828164254622
usb000gcdd|mainshock|all,usb000gcdd,mainshock,all,128,0.9401220043368931
usb000gcdd|mainshock|all,usb000gcdd,mainshock,all,129,0.9690559718081697
usb000gcdd|mainshock|all,usb000gcdd,mainshock,all,130,0.9495886711428158
usb000gcdd|mainshock|all,usb000gcdd,mainshock,all,131,0.8893139890614297
usb000gcdd|mainshock|all,usb000gcdd,mainshock,all,132,0.9691894271168792
usb000gcdd|mainshock|all,usb000gcdd,mainshock,all,133,0.9631030774632843
usb000gcdd|mainshock|all,usb000gcdd,mainshock,all,134,0.9146275275093332
usb000gcdd|mainshock|all,usb000gcdd,mainshock,all,135,0.901528609885871
usb000gcdd|mainshock|all,usb000gcdd,mainshock,all,136,1.00167896224927
usb000gcdd|mainshock|all,usb000gcdd,mainshock,all,137,0.9107099807428831
usb000gcdd|mainshock|all,usb000gcdd,mainshock,all,138,0.8230099084561616
usb000gcdd|mainshock|all,usb000gcdd,mainshock,all,139,0.8680309710685953
usb000gcdd|mainshock|all,usb000gcdd,mainshock,all,140,0.9618394707938756
usb000gcdd|mainshock|all,usb000gcdd,mainshock,all,141,0.8680166239494767
usb000gcdd|mainshock|all,usb000gcdd,mainshock,all,142,0.8105476947412432
usb000gcdd|mainshock|all,usb000gcdd,mainshock,all,143,0.9036743640441324
usb000gcdd|mainshock|all,usb000gcdd,mainshock,all,144,0.9417283425880274
usb000gcdd|mainshock|all,usb000gcdd,mainshock,all,145,0.966018760108995
usb000gcdd|mainshock|all,usb000gcdd,mainshock,all,146,0.9309550712753625
usb000gcdd|mainshock|all,usb000gcdd,mainshock,all,147,0.8474202621325522
usb000gcdd|mainshock|all,usb000gcdd,mainshock,all,148,0.9454881878921553
usb000gcdd|mainshock|all,usb000gcdd,mainshock,all,149,0.9589648623988355
usb000gcdd|mainshock|all,usb000gcdd,mainshock,all,150,0.972431138714058
usb000gcdd|mainshock|all,usb000gcdd,mainshock,all,151,0.9685793069859769
usb000gcdd|mainshock|all,usb000gcdd,mainshock,all,152,0.9761311723877976
usb000gcdd|mainshock|all,usb000gcdd,mainshock,all,153,0.9365377887866838
usb000gcdd|mainshock|all,usb000gcdd,mainshock,all,154,0.9325166597724426
usb000gcdd|mainshock|all,usb000gcdd,mainshock,all,155,0.9397660511685209
usb000gcdd|mainshock|all,usb000gcdd,mainshock,all,156,0.9681932678355282
usb000gcdd|mainshock|all,usb000gcdd,mainshock,all,157,0.8793700157910049
usb000gcdd|mainshock|all,usb000gcdd,mainshock,all,158,0.9488043534215415
usb000gcdd|mainshock|all,usb000gcdd,mainshock,all,159,0.962887429301455
usb000gcdd|mainshock|all,usb000gcdd,mainshock,all,160,0.9184248014505764
usb000gcdd|mainshock|all,usb000gcdd,mainshock,all,161,0.9663896119445552
usb000gcdd|mainshock|all,usb000gcdd,mainshock,all,162,0.8782052435897015
usb000gcdd|mainshock|all,usb000gcdd,mainshock,all,163,0.8782942916337453
usb000gcdd|mainshock|all,usb000gcdd,mainshock,all,164,0.9227047586854047
usb000gcdd|mainshock|all,usb000gcdd,mainshock,all,165,1.0558313118783027
usb000gcdd|mainshock|all,usb000gcdd,mainshock,all,166,0.9489187698607545
usb000gcdd|mainshock|all,usb000gcdd,mainshock,all,167,0.9581708139902716
usb000gcdd|mainshock|all,usb000gcdd,mainshock,all,168,0.960806313532721
usb000gcdd|mainshock|all,usb000gcdd,mainshock,all,169,0.8258977811261008
usb000gcdd|mainshock|all,usb000gcdd,mainshock,all,170,0.9387740958891114
usb000gcdd|mainshock|all,usb000gcdd,mainshock,all,171,0.9068694451280789
usb000gcdd|mainshock|all,usb000gcdd,mainshock,all,172,0.871618172078489
usb000gcdd|mainshock|all,usb000gcdd,mainshock,all,173,0.83133972848753
usb000gcdd|mainshock|all,usb000gcdd,mainshock,all,174,1.0275042100997782
usb000gcdd|mainshock|all,usb000gcdd,mainshock,all,175,0.9877652970058387
usb000gcdd|mainshock|all,usb000gcdd,mainshock,all,176,0.8557214979721235
usb000gcdd|mainshock|all,usb000gcdd,mainshock,all,177,0.9779521049429998
usb000gcdd|mainshock|all,usb000gcdd,mainshock,all,178,0.9467639505952095
usb000gcdd|mainshock|all,usb000gcdd,mainshock,all,179,0.9245510988015652
usb000gcdd|mainshock|all,usb000gcdd,mainshock,all,180,0.9056328130581939
usb000gcdd|mainshock|all,usb000gcdd,mainshock,all,181,0.9493582759063206
usb000gcdd|mainshock|all,usb000gcdd,mainshock,all,182,0.9254933798554207
usb000gcdd|mainshock|all,usb000gcdd,mainshock,all,183,0.8781730808543741
usb000gcdd|mainshock|all,usb000gcdd,mainshock,all,184,0.9596154582618481
usb000gcdd|mainshock|all,usb000gcdd,mainshock,all,185,0.8261382824642775
usb000gcdd|mainshock|all,usb000gcdd,mainshock,all,186,0.8875068686365075
usb000gcdd|mainshock|all,usb000gcdd,mainshock,all,187,0.9113435218212526
usb000gcdd|mainshock|all,usb000gcdd,mainshock,all,188,0.9153256203130798
usb000gcdd|mainshock|all,usb000gcdd,mainshock,all,189,0.9423128011971821
usb000gcdd|mainshock|all,usb000gcdd,mainshock,all,190,0.9303375038150309
usb000gcdd|mainshock|all,usb000gcdd,mainshock,all,191,1.0363137550511086
usb000gcdd|mainshock|all,usb000gcdd,mainshock,all,192,0.9758005185848552
usb000gcdd|mainshock|all,usb000gcdd,mainshock,all,193,0.8504218046269921
usb000gcdd|mainshock|all,usb000gcdd,mainshock,all,194,0.857623667809464
usb000gcdd|mainshock|all,usb000gcdd,mainshock,all,195,0.8662195115536263
usb000gcdd|mainshock|all,usb000gcdd,mainshock,all,196,0.9057888143327298
usb000gcdd|mainshock|all,usb000gcdd,mainshock,all,197,1.0164522433132723
usb000gcdd|mainshock|all,usb000gcdd,mainshock,all,198,0.9075686259945271
usb000gcdd|mainshock|all,usb000gcdd,mainshock,all,199,0.9486252567033823
usb000gcdd|depth|all_depth,usb000gcdd,depth,all_depth,0,0.9851752110756534
usb000gcdd|depth|all_depth,usb000gcdd,depth,all_depth,1,0.8833164453300422
usb000gcdd|depth|all_depth,usb000gcdd,depth,all_depth,2,0.9397323288892808
usb000gcdd|depth|all_depth,usb000gcdd,depth,all_depth,3,0.9586928300251865
usb000gcdd|depth|all_depth,usb000gcdd,depth,all_depth,4,0.9121115487272227
usb000gcdd|depth|all_depth,usb000gcdd,depth,all_depth,5,0.9597140526129931
usb000gcdd|depth|all_depth,usb000gcdd,depth,all_depth,6,0.8515409444787477
usb000gcdd|depth|all_depth,usb000gcdd,depth,all_depth,7,0.9365370615089552
usb000gcdd|depth|all_depth,usb000gcdd,depth,all_depth,8,0.8891701542699934
usb000gcdd|depth|all_depth,usb000gcdd,depth,all_depth,9,0.9290222681434515
usb000gcdd|depth|all_depth,usb000gcdd,depth,all_depth,10,0.9499535829177299
usb000gcdd|depth|all_depth,usb000gcdd,depth,all_depth,11,0.9520836428408239
usb000gcdd|depth|all_depth,usb000gcdd,depth,all_depth,12,0.9962294155948526
usb000gcdd|depth|all_depth,usb000gcdd,depth,all_depth,13,1.0402331351957834
usb000gcdd|depth|all_depth,usb000gcdd,depth,all_depth,14,0.9138974078344125
usb000gcdd|depth|all_depth,usb000gcdd,depth,all_depth,15,0.9425443724879707
usb000gcdd|depth|all_depth,usb000gcdd,depth,all_depth,16,0.9065995489575811
usb000gcdd|depth|all_depth,usb000gcdd,depth,all_depth,17,0.8959196742122789
usb000gcdd|depth|all_depth,usb000gcdd,depth,all_depth,18,0.994099586753948
usb000gcdd|depth|all_depth,usb000gcdd,depth,all_depth,19,0.8864628447467614
usb000gcdd|depth|all_depth,usb000gcdd,depth,all_depth,20,0.9604374297992434
usb000gcdd|depth|all_depth,usb000gcdd,depth,all_depth,21,1.0049261011263224
usb000gcdd|depth|all_depth,usb000gcdd,depth,all_depth,22,0.8926622160391864
usb000gcdd|depth|all_depth,usb000gcdd,depth,all_depth,23,0.9597043614470562
usb000gcdd|depth|all_depth,usb000gcdd,depth,all_depth,24,0.9424239353285981
usb000gcdd|depth|all_depth,usb000gcdd,depth,all_depth,25,0.9332932835719786
usb000gcdd|depth|all_depth,usb000gcdd,depth,all_depth,26,0.985768970101606
usb000gcdd|depth|all_depth,usb000gcdd,depth,all_depth,27,1.0192050747102268
usb000gcdd|depth|all_depth,usb000gcdd,depth,all_depth,28,0.983813723921586
usb000gcdd|depth|all_depth,usb000gcdd,depth,all_depth,29,0.946043926541712
usb000gcdd|depth|all_depth,usb000gcdd,depth,all_depth,30,0.8723890026469397
usb000gcdd|depth|all_depth,usb000gcdd,depth,all_depth,31,0.921172395880183
usb000gcdd|depth|all_depth,usb000gcdd,depth,all_depth,32,0.9147775288824825
usb000gcdd|depth|all_depth,usb000gcdd,depth,all_depth,33,1.019486509089702
usb000gcdd|depth|all_depth,usb000gcdd,depth,all_depth,34,0.9666934798779875
usb000gcdd|depth|all_depth,usb000gcdd,depth,all_depth,35,1.0446732844945938
usb000gcdd|depth|all_depth,usb000gcdd,depth,all_depth,36,0.93955177412836
usb000gcdd|depth|all_depth,usb000gcdd,depth,all_depth,37,0.9063293591776937
usb000gcdd|depth|all_depth,usb000gcdd,depth,all_depth,38,0.878208900348217
usb000gcdd|depth|all_depth,usb000gcdd,depth,all_depth,39,0.9259485142701067
usb000gcdd|depth|all_depth,usb000gcdd,depth,all_depth,40,0.9992685026845074
usb000gcdd|depth|all_depth,usb000gcdd,depth,all_depth,41,0.9521509330675854
usb000gcdd|depth|all_depth,usb000gcdd,depth,all_depth,42,1.0399338913527802
usb000gcdd|depth|all_depth,usb000gcdd,depth,all_depth,43,0.8652303111869938
usb000gcdd|depth|all_depth,usb000gcdd,depth,all_depth,44,0.9935569736791382
usb000gcdd|depth|all_depth,usb000gcdd,depth,all_depth,45,0.933737906842886
usb000gcdd|depth|all_depth,usb000gcdd,depth,all_depth,46,0.7961663252647821
usb000gcdd|depth|all_depth,usb000gcdd,depth,all_depth,47,0.880470719690758
usb000gcdd|depth|all_depth,usb000gcdd,depth,all_depth,48,1.0037747110911885
usb000gcdd|depth|all_depth,usb000gcdd,depth,all_depth,49,1.0403262087988023
usb000gcdd|depth|all_depth,usb000gcdd,depth,all_depth,50,0.8621080495794949
usb000gcdd|depth|all_depth,usb000gcdd,depth,all_depth,51,0.8593648654772559
usb000gcdd|depth|all_depth,usb000gcdd,depth,all_depth,52,0.8972156148493609
usb000gcdd|depth|all_depth,usb000gcdd,depth,all_depth,53,0.9378855155614784
usb000gcdd|depth|all_depth,usb000gcdd,depth,all_depth,54,0.9790772419115277
usb000gcdd|depth|all_depth,usb000gcdd,depth,all_depth,55,0.8874955601406268
usb000gcdd|depth|all_depth,usb000gcdd,depth,all_depth,56,0.8548215105904665
usb000gcdd|depth|all_depth,usb000gcdd,depth,all_depth,57,0.8813415531387353
usb000gcdd|depth|all_depth,usb000gcdd,depth,all_depth,58,0.9215383463280475
usb000gcdd|depth|all_depth,usb000gcdd,depth,all_depth,59,1.1158308616805224
usb000gcdd|depth|all_depth,usb000gcdd,depth,all_depth,60,0.9641186380220592
usb000gcdd|depth|all_depth,usb000gcdd,depth,all_depth,61,0.8987942470237532
usb000gcdd|depth|all_depth,usb000gcdd,depth,all_depth,62,0.9443378881294872
usb000gcdd|depth|all_depth,usb000gcdd,depth,all_depth,63,0.935065117137914
usb000gcdd|depth|all_depth,usb000gcdd,depth,all_depth,64,0.9613402476001931
usb000gcdd|depth|all_depth,usb000gcdd,depth,all_depth,65,1.0032165548442147
usb000gcdd|depth|all_depth,usb000gcdd,depth,all_depth,66,0.9202272947241954
usb000gcdd|depth|all_depth,usb000gcdd,depth,all_depth,67,0.9842953383306425
usb000gcdd|depth|all_depth,usb000gcdd,depth,all_depth,68,0.9075417024702563
usb000gcdd|depth|all_depth,usb000gcdd,depth,all_depth,69,0.9884778988540053
usb000gcdd|depth|all_depth,usb000gcdd,depth,all_depth,70,0.9428031840392873
usb000gcdd|depth|all_depth,usb000gcdd,depth,all_depth,71,0.8630357322823059
usb000gcdd|depth|all_depth,usb000gcdd,depth,all_depth,72,0.8660224068120063
usb000gcdd|depth|all_depth,usb000gcdd,depth,all_depth,73,1.0096824703995053
usb000gcdd|depth|all_depth,usb000gcdd,depth,all_depth,74,0.8479394807937923
usb000gcdd|depth|all_depth,usb000gcdd,depth,all_depth,75,1.0015401359462637
usb000gcdd|depth|all_depth,usb000gcdd,depth,all_depth,76,0.983879463743158
usb000gcdd|depth|all_depth,usb000gcdd,depth,all_depth,77,0.9633569803725326
usb000gcdd|depth|all_depth,usb000gcdd,depth,all_depth,78,0.9382913030384528
usb000gcdd|depth|all_depth,usb000gcdd,depth,all_depth,79,0.8619751448543685
usb000gcdd|depth|all_depth,usb000gcdd,depth,all_depth,80,0.944045420228303
usb000gcdd|depth|all_depth,usb000gcdd,depth,all_depth,81,0.8855011186959681
usb000gcdd|depth|all_depth,usb000gcdd,depth,all_depth,82,0.9280260727174856
usb000gcdd|depth|all_depth,usb000gcdd,depth,all_depth,83,0.8566624103096623
usb000gcdd|depth|all_depth,usb000gcdd,depth,all_depth,84,0.9231544952797698
usb000gcdd|depth|all_depth,usb000gcdd,depth,all_depth,85,0.8712092001761605
usb000gcdd|depth|all_depth,usb000gcdd,depth,all_depth,86,0.8781937990018632
usb000gcdd|depth|all_depth,usb000gcdd,depth,all_depth,87,0.9560192083292279
usb000gcdd|depth|all_depth,usb000gcdd,depth,all_depth,88,0.989125573283991
usb000gcdd|depth|all_depth,usb000gcdd,depth,all_depth,89,0.9550233255254437
usb000gcdd|depth|all_depth,usb000gcdd,depth,all_depth,90,1.0036202248746475
usb000gcdd|depth|all_depth,usb000gcdd,depth,all_depth,91,0.9213402087626427
usb000gcdd|depth|all_depth,usb000gcdd,depth,all_depth,92,0.90053833642127
usb000gcdd|depth|all_depth,usb000gcdd,depth,all_depth,93,0.9036187879206757
usb000gcdd|depth|all_depth,usb000gcdd,depth,all_depth,94,0.9393320809838072
usb000gcdd|depth|all_depth,usb000gcdd,depth,all_depth,95,0.950689558874778
usb000gcdd|depth|all_depth,usb000gcdd,depth,all_depth,96,0.9455989315781974
usb000gcdd|depth|all_depth,usb000gcdd,depth,all_depth,97,0.9050394140721643
usb000gcdd|depth|all_depth,usb000gcdd,depth,all_depth,98,0.9517533294047231
usb000gcdd|depth|all_depth,usb000gcdd,depth,all_depth,99,0.9870031870817538
usb000gcdd|depth|all_depth,usb000gcdd,depth,all_depth,100,0.9579844187020401
usb000gcdd|depth|all_depth,usb000gcdd,depth,all_depth,101,0.9842231868872828
usb000gcdd|depth|all_depth,usb000gcdd,depth,all_depth,102,0.8665831636093766
usb000gcdd|depth|all_depth,usb000gcdd,depth,all_depth,103,0.9014677524603598
usb000gcdd|depth|all_depth,usb000gcdd,depth,all_depth,104,0.9155360099634033
usb000gcdd|depth|all_depth,usb000gcdd,depth,all_depth,105,0.8660904027267817
usb000gcdd|depth|all_depth,usb000gcdd,depth,all_depth,106,0.9304609282807965
usb000gcdd|depth|all_depth,usb000gcdd,depth,all_depth,107,0.9362681016856537
usb000gcdd|depth|all_depth,usb000gcdd,depth,all_depth,108,0.9658215747224745
usb000gcdd|depth|all_depth,usb000gcdd,depth,all_depth,109,1.0327733723265449
usb000gcdd|depth|all_depth,usb000gcdd,depth,all_depth,110,0.922440879212611
usb000gcdd|depth|all_depth,usb000gcdd,depth,all_depth,111,0.9117354457101251
usb000gcdd|depth|all_depth,usb000gcdd,depth,all_depth,112,0.9254677518060225
usb000gcdd|depth|all_depth,usb000gcdd,depth,all_depth,113,0.8843216179345711
usb000gcdd|depth|all_depth,usb000gcdd,depth,all_depth,114,0.8917140028138459
usb000gcdd|depth|all_depth,usb000gcdd,depth,all_depth,115,1.0367683255879003
usb000gcdd|depth|all_depth,usb000gcdd,depth,all_depth,116,0.915808283588219
usb000gcdd|depth|all_depth,usb000gcdd,depth,all_depth,117,0.9753444626665534
usb000gcdd|depth|all_depth,usb000gcdd,depth,all_depth,118,0.8520341657109781
usb000gcdd|depth|all_depth,usb000gcdd,depth,all_depth,119,0.9282818202543078
usb000gcdd|depth|all_depth,usb000gcdd,depth,all_depth,120,0.8803884212763603
usb000gcdd|depth|all_depth,usb000gcdd,depth,all_depth,121,0.8518276594850427
usb000gcdd|depth|all_depth,usb000gcdd,depth,all_depth,122,0.944516737014815
usb000gcdd|depth|all_depth,usb000gcdd,depth,all_depth,123,0.9153778136333124
usb000gcdd|depth|all_depth,usb000gcdd,depth,all_depth,124,0.8937120567956957
usb000gcdd|depth|all_depth,usb000gcdd,depth,all_depth,125,0.9155149335987282
usb000gcdd|depth|all_depth,usb000gcdd,depth,all_depth,126,0.9338648756824603
usb000gcdd|depth|all_depth,usb000gcdd,depth,all_depth,127,0.9080603243224373
usb000gcdd|depth|all_depth,usb000gcdd,depth,all_depth,128,0.8993156416473957
usb000gcdd|depth|all_depth,usb000gcdd,depth,all_depth,129,0.8875199104786491
usb000gcdd|depth|all_depth,usb000gcdd,depth,all_depth,130,0.8730871333009406
usb000gcdd|depth|all_depth,usb000gcdd,depth,all_depth,131,0.9558659740806406
usb000gcdd|depth|all_depth,usb000gcdd,depth,all_depth,132,0.991989027232812
usb000gcdd|depth|all_depth,usb000gcdd,depth,all_depth,133,0.8866084666653966
usb000gcdd|depth|all_depth,usb000gcdd,depth,all_depth,134,0.9637597866553336
usb000gcdd|depth|all_depth,usb000gcdd,depth,all_depth,135,0.9374247823257688
usb000gcdd|depth|all_depth,usb000gcdd,depth,all_depth,136,0.9914424159132155
usb000gcdd|depth|all_depth,usb000gcdd,depth,all_depth,137,0.8786203687628165
usb000gcdd|depth|all_depth,usb000gcdd,depth,all_depth,138,0.9347143904478212
usb000gcdd|depth|all_depth,usb000gcdd,depth,all_depth,139,0.9872182564927465
usb000gcdd|depth|all_depth,usb000gcdd,depth,all_depth,140,0.9399371340131079
usb000gcdd|depth|all_depth,usb000gcdd,depth,all_depth,141,0.8682961981210289
usb000gcdd|depth|all_depth,usb000gcdd,depth,all_depth,142,0.9216160822466662
usb000gcdd|depth|all_depth,usb000gcdd,depth,all_depth,143,0.9656023738250553
usb000gcdd|depth|all_depth,usb000gcdd,depth,all_depth,144,0.9146380456332913
usb000gcdd|depth|all_depth,usb000gcdd,depth,all_depth,145,0.9077781782277327
usb000gcdd|depth|all_depth,usb000gcdd,depth,all_depth,146,0.9437255794135928
usb000gcdd|depth|all_depth,usb000gcdd,depth,all_depth,147,0.8800732189689324
usb000gcdd|depth|all_depth,usb000gcdd,depth,all_depth,148,0.9753622619190329
usb000gcdd|depth|all_depth,usb000gcdd,depth,all_depth,149,0.9885954498816946
usb000gcdd|depth|all_depth,usb000gcdd,depth,all_depth,150,0.9584899784117487
usb000gcdd|depth|all_depth,usb000gcdd,depth,all_depth,151,0.9776822304754597
usb000gcdd|depth|all_depth,usb000gcdd,depth,all_depth,152,0.9066031030672175
usb000gcdd|depth|all_depth,usb000gcdd,depth,all_depth,153,0.9365760784834276
usb000gcdd|depth|all_depth,usb000gcdd,depth,all_depth,154,0.9459970140036724
usb000gcdd|depth|all_depth,usb000gcdd,depth,all_depth,155,0.8602880644309618
usb000gcdd|depth|all_depth,usb000gcdd,depth,all_depth,156,0.8067134749817595
usb000gcdd|depth|all_depth,usb000gcdd,depth,all_depth,157,0.941712900533882
usb000gcdd|depth|all_depth,usb000gcdd,depth,all_depth,158,0.9804987580308075
usb000gcdd|depth|all_depth,usb000gcdd,depth,all_depth,159,0.9720949737030091
usb000gcdd|depth|all_depth,usb000gcdd,depth,all_depth,160,0.9663415239431649
usb000gcdd|depth|all_depth,usb000gcdd,depth,all_depth,161,1.0431831878085804
usb000gcdd|depth|all_depth,usb000gcdd,depth,all_depth,162,0.9667390710998338
usb000gcdd|depth|all_depth,usb000gcdd,depth,all_depth,163,0.8977357787090926
usb000gcdd|depth|all_depth,usb000gcdd,depth,all_depth,164,0.9456048679999465
usb000gcdd|depth|all_depth,usb000gcdd,depth,all_depth,165,0.9068306720961181
usb000gcdd|depth|all_depth,usb000gcdd,depth,all_depth,166,0.9340971236818678
usb000gcdd|depth|all_depth,usb000gcdd,depth,all_depth,167,0.9555530923318352
usb000gcdd|depth|all_depth,usb000gcdd,depth,all_depth,168,0.9233468503350958
usb000gcdd|depth|all_depth,usb000gcdd,depth,all_depth,169,0.9521766719702357
usb000gcdd|depth|all_depth,usb000gcdd,depth,all_depth,170,0.9005785673997553
usb000gcdd|depth|all_depth,usb000gcdd,depth,all_depth,171,0.9724676954467842
usb000gcdd|depth|all_depth,usb000gcdd,depth,all_depth,172,0.9197519911883395
usb000gcdd|depth|all_depth,usb000gcdd,depth,all_depth,173,0.8997310216656522
usb000gcdd|depth|all_depth,usb000gcdd,depth,all_depth,174,0.9086182044523621
usb000gcdd|depth|all_depth,usb000gcdd,depth,all_depth,175,1.0550353503500731
usb000gcdd|depth|all_depth,usb000gcdd,depth,all_depth,176,0.8453716559657881
usb000gcdd|depth|all_depth,usb000gcdd,depth,all_depth,177,0.9963556547620673
usb000gcdd|depth|all_depth,usb000gcdd,depth,all_depth,178,0.9770952208400863
usb000gcdd|depth|all_depth,usb000gcdd,depth,all_depth,179,0.94661651355333
usb000gcdd|depth|all_depth,usb000gcdd,depth,all_depth,180,0.8612772708017405
usb000gcdd|depth|all_depth,usb000gcdd,depth,all_depth,181,0.9854214979262479
usb000gcdd|depth|all_depth,usb000gcdd,depth,all_depth,182,0.8576434488587698
usb000gcdd|depth|all_depth,usb000gcdd,depth,all_depth,183,0.9097399595703417
usb000gcdd|depth|all_depth,usb000gcdd,depth,all_depth,184,0.9389501749993436
usb000gcdd|depth|all_depth,usb000gcdd,depth,all_depth,185,0.9408638215303099
usb000gcdd|depth|all_depth,usb000gcdd,depth,all_depth,186,0.9507112920131143
usb000gcdd|depth|all_depth,usb000gcdd,depth,all_depth,187,0.9831267779654025
usb000gcdd|depth|all_depth,usb000gcdd,depth,all_depth,188,0.8791809195683041
usb000gcdd|depth|all_depth,usb000gcdd,depth,all_depth,189,0.933384916892627
usb000gcdd|depth|all_depth,usb000gcdd,depth,all_depth,190,1.0001231606724255
usb000gcdd|depth|all_depth,usb000gcdd,depth,all_depth,191,0.9152665942733033
usb000gcdd|depth|all_depth,usb000gcdd,depth,all_depth,192,1.0234159415139703
usb000gcdd|depth|all_depth,usb000gcdd,depth,all_depth,193,0.8670002476726084
usb000gcdd|depth|all_depth,usb000gcdd,depth,all_depth,194,0.9775055683466959
usb000gcdd|depth|all_depth,usb000gcdd,depth,all_depth,195,0.9314270818365026
usb000gcdd|depth|all_depth,usb000gcdd,depth,all_depth,196,0.9213713219773864
usb000gcdd|depth|all_depth,usb000gcdd,depth,all_depth,197,0.9556769289618204
usb000gcdd|depth|all_depth,usb000gcdd,depth,all_depth,198,0.8050489270996783
usb000gcdd|depth|all_depth,usb000gcdd,depth,all_depth,199,0.9225917704886049
usb000gcdd|depth|6.3-10km,usb000gcdd,depth,6.3-10km,0,1.1067898109476701
usb000gcdd|depth|6.3-10km,usb000gcdd,depth,6.3-10km,1,1.038212997217325
usb000gcdd|depth|6.3-10km,usb000gcdd,depth,6.3-10km,2,1.3233220291517498
usb000gcdd|depth|6.3-10km,usb000gcdd,depth,6.3-10km,3,1.1408203362820635
usb000gcdd|depth|6.3-10km,usb000gcdd,depth,6.3-10km,4,1.0895785320465674
usb000gcdd|depth|6.3-10km,usb000gcdd,depth,6.3-10km,5,1.329697397756487
usb000gcdd|depth|6.3-10km,usb000gcdd,depth,6.3-10km,6,1.0996639258691654
usb000gcdd|depth|6.3-10km,usb000gcdd,depth,6.3-10km,7,1.075202903832783
usb000gcdd|depth|6.3-10km,usb000gcdd,depth,6.3-10km,8,1.041625789892595
usb000gcdd|depth|6.3-10km,usb000gcdd,depth,6.3-10km,9,1.2075868380241925
usb000gcdd|depth|6.3-10km,usb000gcdd,depth,6.3-10km,10,1.2809574864754407
usb000gcdd|depth|6.3-10km,usb000gcdd,depth,6.3-10km,11,1.2049957626737287
usb000gcdd|depth|6.3-10km,usb000gcdd,depth,6.3-10km,12,1.0183609558689015
usb000gcdd|depth|6.3-10km,usb000gcdd,depth,6.3-10km,13,1.4371211395779562
usb000gcdd|depth|6.3-10km,usb000gcdd,depth,6.3-10km,14,1.127236947308019
usb000gcdd|depth|6.3-10km,usb000gcdd,depth,6.3-10km,15,1.2214419832799925
usb000gcdd|depth|6.3-10km,usb000gcdd,depth,6.3-10km,16,1.2307777601699286
usb000gcdd|depth|6.3-10km,usb000gcdd,depth,6.3-10km,17,1.229958437327196
usb000gcdd|depth|6.3-10km,usb000gcdd,depth,6.3-10km,18,1.1357650515794737
usb000gcdd|depth|6.3-10km,usb000gcdd,depth,6.3-10km,19,1.175028442389837
usb000gcdd|depth|6.3-10km,usb000gcdd,depth,6.3-10km,20,1.3153584886280891
usb000gcdd|depth|6.3-10km,usb000gcdd,depth,6.3-10km,21,1.3231834517945489
usb000gcdd|depth|6.3-10km,usb000gcdd,depth,6.3-10km,22,1.0064061795603738
usb000gcdd|depth|6.3-10km,usb000gcdd,depth,6.3-10km,23,1.1270937571568218
usb000gcdd|depth|6.3-10km,usb000gcdd,depth,6.3-10km,24,1.2666693493136978
usb000gcdd|depth|6.3-10km,usb000gcdd,depth,6.3-10km,25,1.0888452390290797
usb000gcdd|depth|6.3-10km,usb000gcdd,depth,6.3-10km,26,1.1892961688589
usb000gcdd|depth|6.3-10km,usb000gcdd,depth,6.3-10km,27,1.2358570676953125
usb000gcdd|depth|6.3-10km,usb000gcdd,depth,6.3-10km,28,1.0865187436259505
usb000gcdd|depth|6.3-10km,usb000gcdd,depth,6.3-10km,29,1.283942469671558
usb000gcdd|depth|6.3-10km,usb000gcdd,depth,6.3-10km,30,1.399251885691374
usb000gcdd|depth|6.3-10km,usb000gcdd,depth,6.3-10km,31,1.1380569883189153
usb000gcdd|depth|6.3-10km,usb000gcdd,depth,6.3-10km,32,1.0727067127090348
usb000gcdd|depth|6.3-10km,usb000gcdd,depth,6.3-10km,33,1.2987956191358518
usb000gcdd|depth|6.3-10km,usb000gcdd,depth,6.3-10km,34,1.182748453394162
usb000gcdd|depth|6.3-10km,usb000gcdd,depth,6.3-10km,35,1.0838168422810646
usb000gcdd|depth|6.3-10km,usb000gcdd,depth,6.3-10km,36,1.2064337143550392
usb000gcdd|depth|6.3-10km,usb000gcdd,depth,6.3-10km,37,1.0921379062862862
usb000gcdd|depth|6.3-10km,usb000gcdd,depth,6.3-10km,38,1.1332882811851581
usb000gcdd|depth|6.3-10km,usb000gcdd,depth,6.3-10km,39,1.0777091250068889
usb000gcdd|depth|6.3-10km,usb000gcdd,depth,6.3-10km,40,1.2153720122133858
usb000gcdd|depth|6.3-10km,usb000gcdd,depth,6.3-10km,41,1.5057907841567089
usb000gcdd|depth|6.3-10km,usb000gcdd,depth,6.3-10km,42,1.1531691419142416
usb000gcdd|depth|6.3-10km,usb000gcdd,depth,6.3-10km,43,1.1809029082072864
usb000gcdd|depth|6.3-10km,usb000gcdd,depth,6.3-10km,44,0.9926434679771069
usb000gcdd|depth|6.3-10km,usb000gcdd,depth,6.3-10km,45,1.0600062929284846
usb000gcdd|depth|6.3-10km,usb000gcdd,depth,6.3-10km,46,1.0926265740434944
usb000gcdd|depth|6.3-10km,usb000gcdd,depth,6.3-10km,47,1.2601842363704236
usb000gcdd|depth|6.3-10km,usb000gcdd,depth,6.3-10km,48,1.4265257666893334
usb000gcdd|depth|6.3-10km,usb000gcdd,depth,6.3-10km,49,1.2372166135494111
usb000gcdd|depth|6.3-10km,usb000gcdd,depth,6.3-10km,50,1.2461718720315833
usb000gcdd|depth|6.3-10km,usb000gcdd,depth,6.3-10km,51,1.1755792196543409
usb000gcdd|depth|6.3-10km,usb000gcdd,depth,6.3-10km,52,1.2801730077706852
usb000gcdd|depth|6.3-10km,usb000gcdd,depth,6.3-10km,53,1.2647838023869884
usb000gcdd|depth|6.3-10km,usb000gcdd,depth,6.3-10km,54,1.1497335419239874
usb000gcdd|depth|6.3-10km,usb000gcdd,depth,6.3-10km,55,1.2128689512724624
usb000gcdd|depth|6.3-10km,usb000gcdd,depth,6.3-10km,56,1.2314671619408477
usb000gcdd|depth|6.3-10km,usb000gcdd,depth,6.3-10km,57,1.1914391353516613
usb000gcdd|depth|6.3-10km,usb000gcdd,depth,6.3-10km,58,1.2561093011949744
usb000gcdd|depth|6.3-10km,usb000gcdd,depth,6.3-10km,59,1.1077249481139928
usb000gcdd|depth|6.3-10km,usb000gcdd,depth,6.3-10km,60,1.2156313373990193
usb000gcdd|depth|6.3-10km,usb000gcdd,depth,6.3-10km,61,1.1755119139407406
usb000gcdd|depth|6.3-10km,usb000gcdd,depth,6.3-10km,62,1.143561733432955
usb000gcdd|depth|6.3-10km,usb000gcdd,depth,6.3-10km,63,1.30392624930121
usb000gcdd|depth|6.3-10km,usb000gcdd,depth,6.3-10km,64,1.1311701601461426
usb000gcdd|depth|6.3-10km,usb000gcdd,depth,6.3-10km,65,1.1830172458069577
usb000gcdd|depth|6.3-10km,usb000gcdd,depth,6.3-10km,66,1.264146872064964
usb000gcdd|depth|6.3-10km,usb000gcdd,depth,6.3-10km,67,1.2659488488385489
usb000gcdd|depth|6.3-10km,usb000gcdd,depth,6.3-10km,68,1.1122901282896844
usb000gcdd|depth|6.3-10km,usb000gcdd,depth,6.3-10km,69,1.1159817208861884
usb000gcdd|depth|6.3-10km,usb000gcdd,depth,6.3-10km,70,1.1958588177631106
usb000gcdd|depth|6.3-10km,usb000gcdd,depth,6.3-10km,71,1.126127964967476
usb000gcdd|depth|6.3-10km,usb000gcdd,depth,6.3-10km,72,1.2979901991745877
usb000gcdd|depth|6.3-10km,usb000gcdd,depth,6.3-10km,73,1.1522916537075494
usb000gcdd|depth|6.3-10km,usb000gcdd,depth,6.3-10km,74,1.1809569972917136
usb000gcdd|depth|6.3-10km,usb000gcdd,depth,6.3-10km,75,1.2148075473050528
usb000gcdd|depth|6.3-10km,usb000gcdd,depth,6.3-10km,76,1.230474760851325
usb000gcdd|depth|6.3-10km,usb000gcdd,depth,6.3-10km,77,1.4713831343579857
usb000gcdd|depth|6.3-10km,usb000gcdd,depth,6.3-10km,78,1.2012685203453637
usb000gcdd|depth|6.3-10km,usb000gcdd,depth,6.3-10km,79,1.1472274959767703
usb000gcdd|depth|6.3-10km,usb000gcdd,depth,6.3-10km,80,1.1169483374831464
usb000gcdd|depth|6.3-10km,usb000gcdd,depth,6.3-10km,81,1.0436020237736157
usb000gcdd|depth|6.3-10km,usb000gcdd,depth,6.3-10km,82,1.1531798092776635
usb000gcdd|depth|6.3-10km,usb000gcdd,depth,6.3-10km,83,1.3313467871591425
usb000gcdd|depth|6.3-10km,usb000gcdd,depth,6.3-10km,84,1.2712217484074884
usb000gcdd|depth|6.3-10km,usb000gcdd,depth,6.3-10km,85,1.2184130817552126
usb000gcdd|depth|6.3-10km,usb000gcdd,depth,6.3-10km,86,1.2337214884244394
usb000gcdd|depth|6.3-10km,usb000gcdd,depth,6.3-10km,87,1.2061417365881848
usb000gcdd|depth|6.3-10km,usb000gcdd,depth,6.3-10km,88,1.081077102339857
usb000gcdd|depth|6.3-10km,usb000gcdd,depth,6.3-10km,89,1.0873495345880548
usb000gcdd|depth|6.3-10km,usb000gcdd,depth,6.3-10km,90,1.2604793473783724
usb000gcdd|depth|6.3-10km,usb000gcdd,depth,6.3-10km,91,1.0295453377455823
usb000gcdd|depth|6.3-10km,usb000gcdd,depth,6.3-10km,92,1.1836137657730883
usb000gcdd|depth|6.3-10km,usb000gcdd,depth,6.3-10km,93,1.2352228606676294
usb000gcdd|depth|6.3-10km,usb000gcdd,depth,6.3-10km,94,1.199892601859228
usb000gcdd|depth|6.3-10km,usb000gcdd,depth,6.3-10km,95,1.1338310613895264
usb000gcdd|depth|6.3-10km,usb000gcdd,depth,6.3-10km,96,1.2680601299553325
usb000gcdd|depth|6.3-10km,usb000gcdd,depth,6.3-10km,97,1.2079430743803379
usb000gcdd|depth|6.3-10km,usb000gcdd,depth,6.3-10km,98,1.281142880725171
usb000gcdd|depth|6.3-10km,usb000gcdd,depth,6.3-10km,99,1.1366273722473774
usb000gcdd|depth|6.3-10km,usb000gcdd,depth,6.3-10km,100,1.1277066907745392
usb000gcdd|depth|6.3-10km,usb000gcdd,depth,6.3-10km,101,1.0929970530665407
usb000gcdd|depth|6.3-10km,usb000gcdd,depth,6.3-10km,102,1.143627889681134
usb000gcdd|depth|6.3-10km,usb000gcdd,depth,6.3-10km,103,1.0299907381433981
usb000gcdd|depth|6.3-10km,usb000gcdd,depth,6.3-10km,104,1.1003893010162955
usb000gcdd|depth|6.3-10km,usb000gcdd,depth,6.3-10km,105,1.1099484437440152
usb000gcdd|depth|6.3-10km,usb000gcdd,depth,6.3-10km,106,1.2612160972133555
usb000gcdd|depth|6.3-10km,usb000gcdd,depth,6.3-10km,107,1.2046782162227778
usb000gcdd|depth|6.3-10km,usb000gcdd,depth,6.3-10km,108,1.2144372339156102
usb000gcdd|depth|6.3-10km,usb000gcdd,depth,6.3-10km,109,1.1793586572704473
usb000gcdd|depth|6.3-10km,usb000gcdd,depth,6.3-10km,110,1.2282076171378622
usb000gcdd|depth|6.3-10km,usb000gcdd,depth,6.3-10km,111,1.1213787596449478
usb000gcdd|depth|6.3-10km,usb000gcdd,depth,6.3-10km,112,1.2839703939141083
usb000gcdd|depth|6.3-10km,usb000gcdd,depth,6.3-10km,113,1.2265563400920032
usb000gcdd|depth|6.3-10km,usb000gcdd,depth,6.3-10km,114,1.2669193204960971
usb000gcdd|depth|6.3-10km,usb000gcdd,depth,6.3-10km,115,1.2661831445942167
usb000gcdd|depth|6.3-10km,usb000gcdd,depth,6.3-10km,116,1.1343948705745184
usb000gcdd|depth|6.3-10km,usb000gcdd,depth,6.3-10km,117,1.1529184473303784
usb000gcdd|depth|6.3-10km,usb000gcdd,depth,6.3-10km,118,1.5154628328797746
usb000gcdd|depth|6.3-10km,usb000gcdd,depth,6.3-10km,119,1.3352120529247251
usb000gcdd|depth|6.3-10km,usb000gcdd,depth,6.3-10km,120,1.275593129463706
usb000gcdd|depth|6.3-10km,usb000gcdd,depth,6.3-10km,121,1.0562660116589928
usb000gcdd|depth|6.3-10km,usb000gcdd,depth,6.3-10km,122,1.275727429297617
usb000gcdd|depth|6.3-10km,usb000gcdd,depth,6.3-10km,123,1.2067692995383656
usb000gcdd|depth|6.3-10km,usb000gcdd,depth,6.3-10km,124,1.2205272455124465
usb000gcdd|depth|6.3-10km,usb000gcdd,depth,6.3-10km,125,1.2001260338262774
usb000gcdd|depth|6.3-10km,usb000gcdd,depth,6.3-10km,126,1.0703948232239784
usb000gcdd|depth|6.3-10km,usb000gcdd,depth,6.3-10km,127,1.4601901870792116
usb000gcdd|depth|6.3-10km,usb000gcdd,depth,6.3-10km,128,1.1725150241956626
usb000gcdd|depth|6.3-10km,usb000gcdd,depth,6.3-10km,129,1.3372291431071037
usb000gcdd|depth|6.3-10km,usb000gcdd,depth,6.3-10km,130,1.343898662700483
usb000gcdd|depth|6.3-10km,usb000gcdd,depth,6.3-10km,131,1.2556474072885466
usb000gcdd|depth|6.3-10km,usb000gcdd,depth,6.3-10km,132,1.162309654342839
usb000gcdd|depth|6.3-10km,usb000gcdd,depth,6.3-10km,133,1.0988916174378218
usb000gcdd|depth|6.3-10km,usb000gcdd,depth,6.3-10km,134,1.2765342808341278
usb000gcdd|depth|6.3-10km,usb000gcdd,depth,6.3-10km,135,1.3322073279966145
usb000gcdd|depth|6.3-10km,usb000gcdd,depth,6.3-10km,136,1.0408151144573021
usb000gcdd|depth|6.3-10km,usb000gcdd,depth,6.3-10km,137,1.1824807676284763
usb000gcdd|depth|6.3-10km,usb000gcdd,depth,6.3-10km,138,1.2840080606499193
usb000gcdd|depth|6.3-10km,usb000gcdd,depth,6.3-10km,139,1.0209889906762473
usb000gcdd|depth|6.3-10km,usb000gcdd,depth,6.3-10km,140,1.1062076340686575
usb000gcdd|depth|6.3-10km,usb000gcdd,depth,6.3-10km,141,1.0845526263461769
usb000gcdd|depth|6.3-10km,usb000gcdd,depth,6.3-10km,142,1.1692689660346907
usb000gcdd|depth|6.3-10km,usb000gcdd,depth,6.3-10km,143,1.0917624361924287
usb000gcdd|depth|6.3-10km,usb000gcdd,depth,6.3-10km,144,1.1529446412126882
usb000gcdd|depth|6.3-10km,usb000gcdd,depth,6.3-10km,145,1.221399487896739
usb000gcdd|depth|6.3-10km,usb000gcdd,depth,6.3-10km,146,1.207993550441164
usb000gcdd|depth|6.3-10km,usb000gcdd,depth,6.3-10km,147,1.112980648988336
usb000gcdd|depth|6.3-10km,usb000gcdd,depth,6.3-10km,148,1.2180420633148727
usb000gcdd|depth|6.3-10km,usb000gcdd,depth,6.3-10km,149,1.1739994456302856
usb000gcdd|depth|6.3-10km,usb000gcdd,depth,6.3-10km,150,1.1584309975612528
usb000gcdd|depth|6.3-10km,usb000gcdd,depth,6.3-10km,151,1.1303686109784064
usb000gcdd|depth|6.3-10km,usb000gcdd,depth,6.3-10km,152,1.3033507761890055
usb000gcdd|depth|6.3-10km,usb000gcdd,depth,6.3-10km,153,1.1486431801616863
usb000gcdd|depth|6.3-10km,usb000gcdd,depth,6.3-10km,154,1.2335391628989192
usb000gcdd|depth|6.3-10km,usb000gcdd,depth,6.3-10km,155,1.189883295530966
usb000gcdd|depth|6.3-10km,usb000gcdd,depth,6.3-10km,156,1.050564789740389
usb000gcdd|depth|6.3-10km,usb000gcdd,depth,6.3-10km,157,1.1198580020194637
usb000gcdd|depth|6.3-10km,usb000gcdd,depth,6.3-10km,158,1.183829555605957
usb000gcdd|depth|6.3-10km,usb000gcdd,depth,6.3-10km,159,1.232522809051688
usb000gcdd|depth|6.3-10km,usb000gcdd,depth,6.3-10km,160,1.1456336164335297
usb000gcdd|depth|6.3-10km,usb000gcdd,depth,6.3-10km,161,1.106251091451792
usb000gcdd|depth|6.3-10km,usb000gcdd,depth,6.3-10km,162,1.4111307169489038
usb000gcdd|depth|6.3-10km,usb000gcdd,depth,6.3-10km,163,1.2984104104305092
usb000gcdd|depth|6.3-10km,usb000gcdd,depth,6.3-10km,164,1.088773297382649
usb000gcdd|depth|6.3-10km,usb000gcdd,depth,6.3-10km,165,1.189154911483502
usb000gcdd|depth|6.3-10km,usb000gcdd,depth,6.3-10km,166,1.144562566159668
usb000gcdd|depth|6.3-10km,usb000gcdd,depth,6.3-10km,167,1.1847213802205112
usb000gcdd|depth|6.3-10km,usb000gcdd,depth,6.3-10km,168,1.2497020791000073
usb000gcdd|depth|6.3-10km,usb000gcdd,depth,6.3-10km,169,1.0663849944003994
usb000gcdd|depth|6.3-10km,usb000gcdd,depth,6.3-10km,170,1.2006048873314292
usb000gcdd|depth|6.3-10km,usb000gcdd,depth,6.3-10km,171,1.2853342463626534
usb000gcdd|depth|6.3-10km,usb000gcdd,depth,6.3-10km,172,1.0321973493845489
usb000gcdd|depth|6.3-10km,usb000gcdd,depth,6.3-10km,173,1.2765496783012078
usb000gcdd|depth|6.3-10km,usb000gcdd,depth,6.3-10km,174,1.1294555855589867
usb000gcdd|depth|6.3-10km,usb000gcdd,depth,6.3-10km,175,1.13245550298916
usb000gcdd|depth|6.3-10km,usb000gcdd,depth,6.3-10km,176,1.1657010621949337
usb000gcdd|depth|6.3-10km,usb000gcdd,depth,6.3-10km,177,1.0742718559166464
usb000gcdd|depth|6.3-10km,usb000gcdd,depth,6.3-10km,178,1.189376073894964
usb000gcdd|depth|6.3-10km,usb000gcdd,depth,6.3-10km,179,1.0913797220353598
usb000gcdd|depth|6.3-10km,usb000gcdd,depth,6.3-10km,180,1.1737410704428382
usb000gcdd|depth|6.3-10km,usb000gcdd,depth,6.3-10km,181,1.3348156286920896
usb000gcdd|depth|6.3-10km,usb000gcdd,depth,6.3-10km,182,1.0426757059006457
usb000gcdd|depth|6.3-10km,usb000gcdd,depth,6.3-10km,183,1.0911244453721594
usb000gcdd|depth|6.3-10km,usb000gcdd,depth,6.3-10km,184,1.1575294725630678
usb000gcdd|depth|6.3-10km,usb000gcdd,depth,6.3-10km,185,1.2639919282791994
usb000gcdd|depth|6.3-10km,usb000gcdd,depth,6.3-10km,186,1.0711140114136866
usb000gcdd|depth|6.3-10km,usb000gcdd,depth,6.3-10km,187,1.236607747937671
usb000gcdd|depth|6.3-10km,usb000gcdd,depth,6.3-10km,188,1.1746623480275358
usb000gcdd|depth|6.3-10km,usb000gcdd,depth,6.3-10km,189,1.2817421980082526
usb000gcdd|depth|6.3-10km,usb000gcdd,depth,6.3-10km,190,1.2939382099435601
usb000gcdd|depth|6.3-10km,usb000gcdd,depth,6.3-10km,191,1.1942294246806648
usb000gcdd|depth|6.3-10km,usb000gcdd,depth,6.3-10km,192,1.331829464142609
usb000gcdd|depth|6.3-10km,usb000gcdd,depth,6.3-10km,193,1.0042562474507595
usb000gcdd|depth|6.3-10km,usb000gcdd,depth,6.3-10km,194,1.1276763622293724
usb000gcdd|depth|6.3-10km,usb000gcdd,depth,6.3-10km,195,1.290966319009468
usb000gcdd|depth|6.3-10km,usb000gcdd,depth,6.3-10km,196,1.224657792985583
usb000gcdd|depth|6.3-10km,usb000gcdd,depth,6.3-10km,197,1.152013886378803
usb000gcdd|depth|6.3-10km,usb000gcdd,depth,6.3-10km,198,1.205462035395993
usb000gcdd|depth|6.3-10km,usb000gcdd,depth,6.3-10km,199,1.1746822124730965
usb000gcdd|depth|>=10km,usb000gcdd,depth,>=10km,0,0.6532478197751304
usb000gcdd|depth|>=10km,usb000gcdd,depth,>=10km,1,0.8816069714922874
usb000gcdd|depth|>=10km,usb000gcdd,depth,>=10km,2,0.8218044856366632
usb000gcdd|depth|>=10km,usb000gcdd,depth,>=10km,3,0.8240927716966523
usb000gcdd|depth|>=10km,usb000gcdd,depth,>=10km,4,0.8898392239921221
usb000gcdd|depth|>=10km,usb000gcdd,depth,>=10km,5,0.8815823897657644
usb000gcdd|depth|>=10km,usb000gcdd,depth,>=10km,6,0.7490707037382991
usb000gcdd|depth|>=10km,usb000gcdd,depth,>=10km,7,0.7386176977036865
usb000gcdd|depth|>=10km,usb000gcdd,depth,>=10km,8,0.8720702243307498
usb000gcdd|depth|>=10km,usb000gcdd,depth,>=10km,9,0.7166334608660025
usb000gcdd|depth|>=10km,usb000gcdd,depth,>=10km,10,0.930994769035411
usb000gcdd|depth|>=10km,usb000gcdd,depth,>=10km,11,0.8852483855840608
usb000gcdd|depth|>=10km,usb000gcdd,depth,>=10km,12,0.8270050363918253
usb000gcdd|depth|>=10km,usb000gcdd,depth,>=10km,13,0.6817463815408404
usb000gcdd|depth|>=10km,usb000gcdd,depth,>=10km,14,0.6201923594925216
usb000gcdd|depth|>=10km,usb000gcdd,depth,>=10km,15,0.7366978542554359
usb000gcdd|depth|>=10km,usb000gcdd,depth,>=10km,16,0.9055423257281997
usb000gcdd|depth|>=10km,usb000gcdd,depth,>=10km,17,0.6927527134839674
usb000gcdd|depth|>=10km,usb000gcdd,depth,>=10km,18,0.85374333585054
usb000gcdd|depth|>=10km,usb000gcdd,depth,>=10km,19,0.6978121124950989
usb000gcdd|depth|>=10km,usb000gcdd,depth,>=10km,20,0.6139883732205424
usb000gcdd|depth|>=10km,usb000gcdd,depth,>=10km,21,0.6693546998416335
usb000gcdd|depth|>=10km,usb000gcdd,depth,>=10km,22,0.6483846269100978
usb000gcdd|depth|>=10km,usb000gcdd,depth,>=10km,23,0.9046689525722548
usb000gcdd|depth|>=10km,usb000gcdd,depth,>=10km,24,0.47713844639917524
usb000gcdd|depth|>=10km,usb000gcdd,depth,>=10km,25,0.6915490514448204
usb000gcdd|depth|>=10km,usb000gcdd,depth,>=10km,26,0.7117963119225147
usb000gcdd|depth|>=10km,usb000gcdd,depth,>=10km,27,0.6444330631869751
usb000gcdd|depth|>=10km,usb000gcdd,depth,>=10km,28,0.576097857259003
usb000gcdd|depth|>=10km,usb000gcdd,depth,>=10km,29,0.9409942634638085
usb000gcdd|depth|>=10km,usb000gcdd,depth,>=10km,30,0.769933703082327
usb000gcdd|depth|>=10km,usb000gcdd,depth,>=10km,31,0.8408696348472552
usb000gcdd|depth|>=10km,usb000gcdd,depth,>=10km,32,0.8869205046606397
usb000gcdd|depth|>=10km,usb000gcdd,depth,>=10km,33,0.8497265865414514
usb000gcdd|depth|>=10km,usb000gcdd,depth,>=10km,34,0.7951517747553857
usb000gcdd|depth|>=10km,usb000gcdd,depth,>=10km,35,0.7527226883860252
usb000gcdd|depth|>=10km,usb000gcdd,depth,>=10km,36,0.7221800935680865
usb000gcdd|depth|>=10km,usb000gcdd,depth,>=10km,37,0.7070029557991113
usb000gcdd|depth|>=10km,usb000gcdd,depth,>=10km,38,0.6066702029651758
usb000gcdd|depth|>=10km,usb000gcdd,depth,>=10km,39,0.6604782003288237
usb000gcdd|depth|>=10km,usb000gcdd,depth,>=10km,40,0.7602583107037199
usb000gcdd|depth|>=10km,usb000gcdd,depth,>=10km,41,0.6783593813482764
usb000gcdd|depth|>=10km,usb000gcdd,depth,>=10km,42,0.7316456771626833
usb000gcdd|depth|>=10km,usb000gcdd,depth,>=10km,43,0.7195782033492747
usb000gcdd|depth|>=10km,usb000gcdd,depth,>=10km,44,0.807819727080232
usb000gcdd|depth|>=10km,usb000gcdd,depth,>=10km,45,0.7428746370467931
usb000gcdd|depth|>=10km,usb000gcdd,depth,>=10km,46,0.7224223218571418
usb000gcdd|depth|>=10km,usb000gcdd,depth,>=10km,47,0.6170843416833144
usb000gcdd|depth|>=10km,usb000gcdd,depth,>=10km,48,0.7984526126051059
usb000gcdd|depth|>=10km,usb000gcdd,depth,>=10km,49,0.6937647388532772
usb000gcdd|depth|>=10km,usb000gcdd,depth,>=10km,50,0.7835146260321183
usb000gcdd|depth|>=10km,usb000gcdd,depth,>=10km,51,0.7851290059834005
usb000gcdd|depth|>=10km,usb000gcdd,depth,>=10km,52,0.8321494609447667
usb000gcdd|depth|>=10km,usb000gcdd,depth,>=10km,53,0.7163187693354074
usb000gcdd|depth|>=10km,usb000gcdd,depth,>=10km,54,0.6871254311842208
usb000gcdd|depth|>=10km,usb000gcdd,depth,>=10km,55,0.7724599214203995
usb000gcdd|depth|>=10km,usb000gcdd,depth,>=10km,56,0.7525868427527688
usb000gcdd|depth|>=10km,usb000gcdd,depth,>=10km,57,0.7399797091318622
usb000gcdd|depth|>=10km,usb000gcdd,depth,>=10km,58,0.7804336663714863
usb000gcdd|depth|>=10km,usb000gcdd,depth,>=10km,59,0.6381976348127836
usb000gcdd|depth|>=10km,usb000gcdd,depth,>=10km,60,0.8206400920120385
usb000gcdd|depth|>=10km,usb000gcdd,depth,>=10km,61,0.693749572419651
usb000gcdd|depth|>=10km,usb000gcdd,depth,>=10km,62,0.739167512342833
usb000gcdd|depth|>=10km,usb000gcdd,depth,>=10km,63,0.6780843084647489
usb000gcdd|depth|>=10km,usb000gcdd,depth,>=10km,64,0.799049831683465
usb000gcdd|depth|>=10km,usb000gcdd,depth,>=10km,65,0.5882480349668054
usb000gcdd|depth|>=10km,usb000gcdd,depth,>=10km,66,0.6998754744637486
usb000gcdd|depth|>=10km,usb000gcdd,depth,>=10km,67,0.8481661736626007
usb000gcdd|depth|>=10km,usb000gcdd,depth,>=10km,68,0.8394655251211028
usb000gcdd|depth|>=10km,usb000gcdd,depth,>=10km,69,0.6333519424490195
usb000gcdd|depth|>=10km,usb000gcdd,depth,>=10km,70,0.705673858273399
usb000gcdd|depth|>=10km,usb000gcdd,depth,>=10km,71,0.924834059910473
usb000gcdd|depth|>=10km,usb000gcdd,depth,>=10km,72,0.777905854043911
usb000gcdd|depth|>=10km,usb000gcdd,depth,>=10km,73,0.8322839674193704
usb000gcdd|depth|>=10km,usb000gcdd,depth,>=10km,74,0.7102609847933546
usb000gcdd|depth|>=10km,usb000gcdd,depth,>=10km,75,0.7630063019420724
usb000gcdd|depth|>=10km,usb000gcdd,depth,>=10km,76,0.7894295756333839
usb000gcdd|depth|>=10km,usb000gcdd,depth,>=10km,77,0.7680041214070902
usb000gcdd|depth|>=10km,usb000gcdd,depth,>=10km,78,0.7052564080114605
usb000gcdd|depth|>=10km,usb000gcdd,depth,>=10km,79,0.6295629606594232
usb000gcdd|depth|>=10km,usb000gcdd,depth,>=10km,80,0.7475404165625934
usb000gcdd|depth|>=10km,usb000gcdd,depth,>=10km,81,0.7279330269052867
usb000gcdd|depth|>=10km,usb000gcdd,depth,>=10km,82,0.7193587608834305
usb000gcdd|depth|>=10km,usb000gcdd,depth,>=10km,83,0.603061745852214
usb000gcdd|depth|>=10km,usb000gcdd,depth,>=10km,84,0.8258268019382164
usb000gcdd|depth|>=10km,usb000gcdd,depth,>=10km,85,0.7735404754111201
usb000gcdd|depth|>=10km,usb000gcdd,depth,>=10km,86,0.7162583250779204
usb000gcdd|depth|>=10km,usb000gcdd,depth,>=10km,87,0.5159825161602165
usb000gcdd|depth|>=10km,usb000gcdd,depth,>=10km,88,0.934474032583586
usb000gcdd|depth|>=10km,usb000gcdd,depth,>=10km,89,0.6081397585964037
usb000gcdd|depth|>=10km,usb000gcdd,depth,>=10km,90,0.8504338732925912
usb000gcdd|depth|>=10km,usb000gcdd,depth,>=10km,91,0.7468946906384057
usb000gcdd|depth|>=10km,usb000gcdd,depth,>=10km,92,0.684485243382849
usb000gcdd|depth|>=10km,usb000gcdd,depth,>=10km,93,0.6945528083460523
usb000gcdd|depth|>=10km,usb000gcdd,depth,>=10km,94,0.6149506878527814
usb000gcdd|depth|>=10km,usb000gcdd,depth,>=10km,95,0.7959295715575568
usb000gcdd|depth|>=10km,usb000gcdd,depth,>=10km,96,0.6705706446505199
usb000gcdd|depth|>=10km,usb000gcdd,depth,>=10km,97,0.8135284615685383
usb000gcdd|depth|>=10km,usb000gcdd,depth,>=10km,98,0.7949039088496253
usb000gcdd|depth|>=10km,usb000gcdd,depth,>=10km,99,0.7913369504198484
usb000gcdd|depth|>=10km,usb000gcdd,depth,>=10km,100,0.6847336333435295
usb000gcdd|depth|>=10km,usb000gcdd,depth,>=10km,101,0.606027090359161
usb000gcdd|depth|>=10km,usb000gcdd,depth,>=10km,102,0.725096082069914
usb000gcdd|depth|>=10km,usb000gcdd,depth,>=10km,103,0.700671661536462
usb000gcdd|depth|>=10km,usb000gcdd,depth,>=10km,104,0.7105562210441092
usb000gcdd|depth|>=10km,usb000gcdd,depth,>=10km,105,0.8812151071848963
usb000gcdd|depth|>=10km,usb000gcdd,depth,>=10km,106,0.6334322336480854
usb000gcdd|depth|>=10km,usb000gcdd,depth,>=10km,107,0.712320218488266
usb000gcdd|depth|>=10km,usb000gcdd,depth,>=10km,108,0.9213669021610006
usb000gcdd|depth|>=10km,usb000gcdd,depth,>=10km,109,0.7390935635321071
usb000gcdd|depth|>=10km,usb000gcdd,depth,>=10km,110,0.6393839787236474
usb000gcdd|depth|>=10km,usb000gcdd,depth,>=10km,111,0.6690228708310839
usb000gcdd|depth|>=10km,usb000gcdd,depth,>=10km,112,0.6959850381214725
usb000gcdd|depth|>=10km,usb000gcdd,depth,>=10km,113,0.6840851412463138
usb000gcdd|depth|>=10km,usb000gcdd,depth,>=10km,114,0.6792303013562672
usb000gcdd|depth|>=10km,usb000gcdd,depth,>=10km,115,0.804090981870318
usb000gcdd|depth|>=10km,usb000gcdd,depth,>=10km,116,0.7472492083274842
usb000gcdd|depth|>=10km,usb000gcdd,depth,>=10km,117,0.6188626256548672
usb000gcdd|depth|>=10km,usb000gcdd,depth,>=10km,118,0.6842189460729645
usb000gcdd|depth|>=10km,usb000gcdd,depth,>=10km,119,0.790377137495809
usb000gcdd|depth|>=10km,usb000gcdd,depth,>=10km,120,0.631138502783405
usb000gcdd|depth|>=10km,usb000gcdd,depth,>=10km,121,0.7387250832362237
usb000gcdd|depth|>=10km,usb000gcdd,depth,>=10km,122,0.9122056455452885
usb000gcdd|depth|>=10km,usb000gcdd,depth,>=10km,123,0.747628398765774
usb000gcdd|depth|>=10km,usb000gcdd,depth,>=10km,124,0.6673249153661783
usb000gcdd|depth|>=10km,usb000gcdd,depth,>=10km,125,0.769808561320879
usb000gcdd|depth|>=10km,usb000gcdd,depth,>=10km,126,0.7609115436321615
usb000gcdd|depth|>=10km,usb000gcdd,depth,>=10km,127,0.4692976052934591
usb000gcdd|depth|>=10km,usb000gcdd,depth,>=10km,128,0.7306260770718636
usb000gcdd|depth|>=10km,usb000gcdd,depth,>=10km,129,0.8260103916789026
usb000gcdd|depth|>=10km,usb000gcdd,depth,>=10km,130,0.8197325513559893
usb000gcdd|depth|>=10km,usb000gcdd,depth,>=10km,131,0.6910737881721222
usb000gcdd|depth|>=10km,usb000gcdd,depth,>=10km,132,0.7367572332717844
usb000gcdd|depth|>=10km,usb000gcdd,depth,>=10km,133,0.8001189738923605
usb000gcdd|depth|>=10km,usb000gcdd,depth,>=10km,134,0.6850695765912994
usb000gcdd|depth|>=10km,usb000gcdd,depth,>=10km,135,0.8427530557249168
usb000gcdd|depth|>=10km,usb000gcdd,depth,>=10km,136,0.8791723963920546
usb000gcdd|depth|>=10km,usb000gcdd,depth,>=10km,137,0.7691069436734587
usb000gcdd|depth|>=10km,usb000gcdd,depth,>=10km,138,0.7715245911649449
usb000gcdd|depth|>=10km,usb000gcdd,depth,>=10km,139,0.842309570113773
usb000gcdd|depth|>=10km,usb000gcdd,depth,>=10km,140,0.82384997431873
usb000gcdd|depth|>=10km,usb000gcdd,depth,>=10km,141,0.6982020019090055
usb000gcdd|depth|>=10km,usb000gcdd,depth,>=10km,142,0.8193183859900531
usb000gcdd|depth|>=10km,usb000gcdd,depth,>=10km,143,0.7009721472568112
usb000gcdd|depth|>=10km,usb000gcdd,depth,>=10km,144,0.7823436849720763
usb000gcdd|depth|>=10km,usb000gcdd,depth,>=10km,145,0.6958638430102508
usb000gcdd|depth|>=10km,usb000gcdd,depth,>=10km,146,0.8192966975743502
usb000gcdd|depth|>=10km,usb000gcdd,depth,>=10km,147,0.7700171361041095
usb000gcdd|depth|>=10km,usb000gcdd,depth,>=10km,148,0.627743204009619
usb000gcdd|depth|>=10km,usb000gcdd,depth,>=10km,149,0.9440818113199148
usb000gcdd|depth|>=10km,usb000gcdd,depth,>=10km,150,0.9519224973749096
usb000gcdd|depth|>=10km,usb000gcdd,depth,>=10km,151,0.8818955902840485
usb000gcdd|depth|>=10km,usb000gcdd,depth,>=10km,152,0.7489877780028737
usb000gcdd|depth|>=10km,usb000gcdd,depth,>=10km,153,0.6490578510322357
usb000gcdd|depth|>=10km,usb000gcdd,depth,>=10km,154,0.6971358740963971
usb000gcdd|depth|>=10km,usb000gcdd,depth,>=10km,155,0.6338944075630275
usb000gcdd|depth|>=10km,usb000gcdd,depth,>=10km,156,0.8735284222264882
usb000gcdd|depth|>=10km,usb000gcdd,depth,>=10km,157,0.7877720617362692
usb000gcdd|depth|>=10km,usb000gcdd,depth,>=10km,158,0.7205003353521067
usb000gcdd|depth|>=10km,usb000gcdd,depth,>=10km,159,0.5885409455826234
usb000gcdd|depth|>=10km,usb000gcdd,depth,>=10km,160,0.8310166417101723
usb000gcdd|depth|>=10km,usb000gcdd,depth,>=10km,161,0.43645819887256315
usb000gcdd|depth|>=10km,usb000gcdd,depth,>=10km,162,0.778852763297813
usb000gcdd|depth|>=10km,usb000gcdd,depth,>=10km,163,0.710926866297668
usb000gcdd|depth|>=10km,usb000gcdd,depth,>=10km,164,0.7890513283740853
usb000gcdd|depth|>=10km,usb000gcdd,depth,>=10km,165,0.5495193410255051
usb000gcdd|depth|>=10km,usb000gcdd,depth,>=10km,166,1.026372280263886
usb000gcdd|depth|>=10km,usb000gcdd,depth,>=10km,167,0.7976552351871004
usb000gcdd|depth|>=10km,usb000gcdd,depth,>=10km,168,0.8305896199261311
usb000gcdd|depth|>=10km,usb000gcdd,depth,>=10km,169,0.7172839909344941
usb000gcdd|depth|>=10km,usb000gcdd,depth,>=10km,170,0.8858086781898796
usb000gcdd|depth|>=10km,usb000gcdd,depth,>=10km,171,0.7859905232697557
usb000gcdd|depth|>=10km,usb000gcdd,depth,>=10km,172,0.6220175156386647
usb000gcdd|depth|>=10km,usb000gcdd,depth,>=10km,173,0.7355526542613847
usb000gcdd|depth|>=10km,usb000gcdd,depth,>=10km,174,0.8622201424054486
usb000gcdd|depth|>=10km,usb000gcdd,depth,>=10km,175,0.6634815144013798
usb000gcdd|depth|>=10km,usb000gcdd,depth,>=10km,176,0.7035215685039722
usb000gcdd|depth|>=10km,usb000gcdd,depth,>=10km,177,0.6558816565353557
usb000gcdd|depth|>=10km,usb000gcdd,depth,>=10km,178,0.734565092780195
usb000gcdd|depth|>=10km,usb000gcdd,depth,>=10km,179,0.84513233955871
usb000gcdd|depth|>=10km,usb000gcdd,depth,>=10km,180,0.6319507023267581
usb000gcdd|depth|>=10km,usb000gcdd,depth,>=10km,181,0.576362191945657
usb000gcdd|depth|>=10km,usb000gcdd,depth,>=10km,182,0.7507499170584017
usb000gcdd|depth|>=10km,usb000gcdd,depth,>=10km,183,0.6915456689397699
usb000gcdd|depth|>=10km,usb000gcdd,depth,>=10km,184,0.7268689219066561
usb000gcdd|depth|>=10km,usb000gcdd,depth,>=10km,185,0.7229138696941626
usb000gcdd|depth|>=10km,usb000gcdd,depth,>=10km,186,0.8065966303706864
usb000gcdd|depth|>=10km,usb000gcdd,depth,>=10km,187,0.8368241022377293
usb000gcdd|depth|>=10km,usb000gcdd,depth,>=10km,188,0.7794902865879553
usb000gcdd|depth|>=10km,usb000gcdd,depth,>=10km,189,0.7626692618263102
usb000gcdd|depth|>=10km,usb000gcdd,depth,>=10km,190,0.5998124348077948
usb000gcdd|depth|>=10km,usb000gcdd,depth,>=10km,191,0.7646463991372499
usb000gcdd|depth|>=10km,usb000gcdd,depth,>=10km,192,0.589784939832711
usb000gcdd|depth|>=10km,usb000gcdd,depth,>=10km,193,0.6348136152322427
usb000gcdd|depth|>=10km,usb000gcdd,depth,>=10km,194,0.8738062539197229
usb000gcdd|depth|>=10km,usb000gcdd,depth,>=10km,195,0.7580648171212013
usb000gcdd|depth|>=10km,usb000gcdd,depth,>=10km,196,0.804054786267607
usb000gcdd|depth|>=10km,usb000gcdd,depth,>=10km,197,0.8436649467631858
usb000gcdd|depth|>=10km,usb000gcdd,depth,>=10km,198,0.8083157742577965
usb000gcdd|depth|>=10km,usb000gcdd,depth,>=10km,199,0.7412443364760037
usb000gcdd|region|East_of_ms,usb000gcdd,region,East_of_ms,0,1.0057383659582024
usb000gcdd|region|East_of_ms,usb000gcdd,region,East_of_ms,1,0.9721949900739182
usb000gcdd|region|East_of_ms,usb000gcdd,region,East_of_ms,2,0.9323181852526518
usb000gcdd|region|East_of_ms,usb000gcdd,region,East_of_ms,3,0.9578698962272377
usb000gcdd|region|East_of_ms,usb000gcdd,region,East_of_ms,4,0.9824971446358418
usb000gcdd|region|East_of_ms,usb000gcdd,region,East_of_ms,5,1.0577033451041986
usb000gcdd|region|East_of_ms,usb000gcdd,region,East_of_ms,6,1.0898425403122909
usb000gcdd|region|East_of_ms,usb000gcdd,region,East_of_ms,7,0.9590765010023241
usb000gcdd|region|East_of_ms,usb000gcdd,region,East_of_ms,8,1.064572015529997
usb000gcdd|region|East_of_ms,usb000gcdd,region,East_of_ms,9,0.9236581354154347
usb000gcdd|region|East_of_ms,usb000gcdd,region,East_of_ms,10,0.9652287680181165
usb000gcdd|region|East_of_ms,usb000gcdd,region,East_of_ms,11,0.9930697102049137
usb000gcdd|region|East_of_ms,usb000gcdd,region,East_of_ms,12,0.9722935733492928
usb000gcdd|region|East_of_ms,usb000gcdd,region,East_of_ms,13,1.0389680947547733
usb000gcdd|region|East_of_ms,usb000gcdd,region,East_of_ms,14,0.9887392722670396
usb000gcdd|region|East_of_ms,usb000gcdd,region,East_of_ms,15,1.0204468243276226
usb000gcdd|region|East_of_ms,usb000gcdd,region,East_of_ms,16,0.9704781313413567
usb000gcdd|region|East_of_ms,usb000gcdd,region,East_of_ms,17,0.9466593995589349
usb000gcdd|region|East_of_ms,usb000gcdd,region,East_of_ms,18,1.0436251208601937
usb000gcdd|region|East_of_ms,usb000gcdd,region,East_of_ms,19,1.108516435791354
usb000gcdd|region|East_of_ms,usb000gcdd,region,East_of_ms,20,1.081380859084199
usb000gcdd|region|East_of_ms,usb000gcdd,region,East_of_ms,21,1.120935265383948
usb000gcdd|region|East_of_ms,usb000gcdd,region,East_of_ms,22,0.9579994392626816
usb000gcdd|region|East_of_ms,usb000gcdd,region,East_of_ms,23,0.9445193617778718
usb000gcdd|region|East_of_ms,usb000gcdd,region,East_of_ms,24,1.0305060154257282
usb000gcdd|region|East_of_ms,usb000gcdd,region,East_of_ms,25,0.9900480454472236
usb000gcdd|region|East_of_ms,usb000gcdd,region,East_of_ms,26,1.0118025982953047
usb000gcdd|region|East_of_ms,usb000gcdd,region,East_of_ms,27,1.0871143114759234
usb000gcdd|region|East_of_ms,usb000gcdd,region,East_of_ms,28,0.9764899534533867
usb000gcdd|region|East_of_ms,usb000gcdd,region,East_of_ms,29,1.099430436287806
usb000gcdd|region|East_of_ms,usb000gcdd,region,East_of_ms,30,0.920492708803684
usb000gcdd|region|East_of_ms,usb000gcdd,region,East_of_ms,31,1.0027727975096206
usb000gcdd|region|East_of_ms,usb000gcdd,region,East_of_ms,32,0.9574388284007369
usb000gcdd|region|East_of_ms,usb000gcdd,region,East_of_ms,33,1.085067386371741
usb000gcdd|region|East_of_ms,usb000gcdd,region,East_of_ms,34,0.9369682474346767
usb000gcdd|region|East_of_ms,usb000gcdd,region,East_of_ms,35,1.091262369063985
usb000gcdd|region|East_of_ms,usb000gcdd,region,East_of_ms,36,1.0480693378666044
usb000gcdd|region|East_of_ms,usb000gcdd,region,East_of_ms,37,0.9526995854312486
usb000gcdd|region|East_of_ms,usb000gcdd,region,East_of_ms,38,0.9747990559942756
usb000gcdd|region|East_of_ms,usb000gcdd,region,East_of_ms,39,0.9605817867770754
usb000gcdd|region|East_of_ms,usb000gcdd,region,East_of_ms,40,0.9851185263462537
usb000gcdd|region|East_of_ms,usb000gcdd,region,East_of_ms,41,0.9033713850788434
usb000gcdd|region|East_of_ms,usb000gcdd,region,East_of_ms,42,0.9883254328032547
usb000gcdd|region|East_of_ms,usb000gcdd,region,East_of_ms,43,1.0474524837490051
usb000gcdd|region|East_of_ms,usb000gcdd,region,East_of_ms,44,1.0225888385678652
usb000gcdd|region|East_of_ms,usb000gcdd,region,East_of_ms,45,1.0482576469647684
usb000gcdd|region|East_of_ms,usb000gcdd,region,East_of_ms,46,1.0344174620430902
usb000gcdd|region|East_of_ms,usb000gcdd,region,East_of_ms,47,0.9839985991678684
usb000gcdd|region|East_of_ms,usb000gcdd,region,East_of_ms,48,0.9815299008989116
usb000gcdd|region|East_of_ms,usb000gcdd,region,East_of_ms,49,1.029137696214437
usb000gcdd|region|East_of_ms,usb000gcdd,region,East_of_ms,50,1.0910977891228588
usb000gcdd|region|East_of_ms,usb000gcdd,region,East_of_ms,51,0.9830917761773387
usb000gcdd|region|East_of_ms,usb000gcdd,region,East_of_ms,52,0.995927271883293
usb000gcdd|region|East_of_ms,usb000gcdd,region,East_of_ms,53,0.9504145788393388
usb000gcdd|region|East_of_ms,usb000gcdd,region,East_of_ms,54,0.9267159199332807
usb000gcdd|region|East_of_ms,usb000gcdd,region,East_of_ms,55,0.9908905946286786
usb000gcdd|region|East_of_ms,usb000gcdd,region,East_of_ms,56,0.9670614782086728
usb000gcdd|region|East_of_ms,usb000gcdd,region,East_of_ms,57,1.0362526490063135
usb000gcdd|region|East_of_ms,usb000gcdd,region,East_of_ms,58,0.9725984029627327
usb000gcdd|region|East_of_ms,usb000gcdd,region,East_of_ms,59,0.9735402482642477
usb000gcdd|region|East_of_ms,usb000gcdd,region,East_of_ms,60,0.9951339150540526
usb000gcdd|region|East_of_ms,usb000gcdd,region,East_of_ms,61,1.024743046919398
usb000gcdd|region|East_of_ms,usb000gcdd,region,East_of_ms,62,0.971739762957609
usb000gcdd|region|East_of_ms,usb000gcdd,region,East_of_ms,63,0.988679993732144
usb000gcdd|region|East_of_ms,usb000gcdd,region,East_of_ms,64,1.0236974850245675
usb000gcdd|region|East_of_ms,usb000gcdd,region,East_of_ms,65,1.0877456904638785
usb000gcdd|region|East_of_ms,usb000gcdd,region,East_of_ms,66,1.0268216179904666
usb000gcdd|region|East_of_ms,usb000gcdd,region,East_of_ms,67,1.0517684917609964
usb000gcdd|region|East_of_ms,usb000gcdd,region,East_of_ms,68,0.9960661105896297
usb000gcdd|region|East_of_ms,usb000gcdd,region,East_of_ms,69,0.9432351225628146
usb000gcdd|region|East_of_ms,usb000gcdd,region,East_of_ms,70,0.9432987697305661
usb000gcdd|region|East_of_ms,usb000gcdd,region,East_of_ms,71,1.1030250461116295
usb000gcdd|region|East_of_ms,usb000gcdd,region,East_of_ms,72,0.9476811009410003
usb000gcdd|region|East_of_ms,usb000gcdd,region,East_of_ms,73,1.0524925154300402
usb000gcdd|region|East_of_ms,usb000gcdd,region,East_of_ms,74,1.186842418586326
usb000gcdd|region|East_of_ms,usb000gcdd,region,East_of_ms,75,1.041827337590117
usb000gcdd|region|East_of_ms,usb000gcdd,region,East_of_ms,76,1.0222910209751186
usb000gcdd|region|East_of_ms,usb000gcdd,region,East_of_ms,77,1.0009885413033577
usb000gcdd|region|East_of_ms,usb000gcdd,region,East_of_ms,78,0.9197695106617
usb000gcdd|region|East_of_ms,usb000gcdd,region,East_of_ms,79,1.0452202423741108
usb000gcdd|region|East_of_ms,usb000gcdd,region,East_of_ms,80,0.9428204576031238
usb000gcdd|region|East_of_ms,usb000gcdd,region,East_of_ms,81,0.9692156362100611
usb000gcdd|region|East_of_ms,usb000gcdd,region,East_of_ms,82,1.0869526062040193
usb000gcdd|region|East_of_ms,usb000gcdd,region,East_of_ms,83,1.0041234091666904
usb000gcdd|region|East_of_ms,usb000gcdd,region,East_of_ms,84,0.9158242441069004
usb000gcdd|region|East_of_ms,usb000gcdd,region,East_of_ms,85,0.9266728308663257
usb000gcdd|region|East_of_ms,usb000gcdd,region,East_of_ms,86,1.0293600338526625
usb000gcdd|region|East_of_ms,usb000gcdd,region,East_of_ms,87,1.0119574198069579
usb000gcdd|region|East_of_ms,usb000gcdd,region,East_of_ms,88,1.0091061217692996
usb000gcdd|region|East_of_ms,usb000gcdd,region,East_of_ms,89,1.0254026904069757
usb000gcdd|region|East_of_ms,usb000gcdd,region,East_of_ms,90,0.9010772787670477
usb000gcdd|region|East_of_ms,usb000gcdd,region,East_of_ms,91,1.0660191401217758
usb000gcdd|region|East_of_ms,usb000gcdd,region,East_of_ms,92,0.8749911633511374
usb000gcdd|region|East_of_ms,usb000gcdd,region,East_of_ms,93,1.0364075029627469
usb000gcdd|region|East_of_ms,usb000gcdd,region,East_of_ms,94,0.9982718564005688
usb000gcdd|region|East_of_ms,usb000gcdd,region,East_of_ms,95,0.8788246986050122
usb000gcdd|region|East_of_ms,usb000gcdd,region,East_of_ms,96,1.0092652725634375
usb000gcdd|region|East_of_ms,usb000gcdd,region,East_of_ms,97,1.0394161946191796
usb000gcdd|region|East_of_ms,usb000gcdd,region,East_of_ms,98,0.9956780747805455
usb000gcdd|region|East_of_ms,usb000gcdd,region,East_of_ms,99,1.0743814401275702
usb000gcdd|region|East_of_ms,usb000gcdd,region,East_of_ms,100,0.9858705039337302
usb000gcdd|region|East_of_ms,usb000gcdd,region,East_of_ms,101,0.9914709118655641
usb000gcdd|region|East_of_ms,usb000gcdd,region,East_of_ms,102,0.8706689561052456
usb000gcdd|region|East_of_ms,usb000gcdd,region,East_of_ms,103,1.0210900291277436
usb000gcdd|region|East_of_ms,usb000gcdd,region,East_of_ms,104,0.9327829817475142
usb000gcdd|region|East_of_ms,usb000gcdd,region,East_of_ms,105,0.902681216858735
usb000gcdd|region|East_of_ms,usb000gcdd,region,East_of_ms,106,1.01089750579105
usb000gcdd|region|East_of_ms,usb000gcdd,region,East_of_ms,107,0.9806712094524385
usb000gcdd|region|East_of_ms,usb000gcdd,region,East_of_ms,108,0.9686577092857985
usb000gcdd|region|East_of_ms,usb000gcdd,region,East_of_ms,109,0.922534713359618
usb000gcdd|region|East_of_ms,usb000gcdd,region,East_of_ms,110,1.0783628102697522
usb000gcdd|region|East_of_ms,usb000gcdd,region,East_of_ms,111,0.9504216360701081
usb000gcdd|region|East_of_ms,usb000gcdd,region,East_of_ms,112,0.8742270973106233
usb000gcdd|region|East_of_ms,usb000gcdd,region,East_of_ms,113,0.9962717626090166
usb000gcdd|region|East_of_ms,usb000gcdd,region,East_of_ms,114,0.9202539255051273
usb000gcdd|region|East_of_ms,usb000gcdd,region,East_of_ms,115,0.9505905533392534
usb000gcdd|region|East_of_ms,usb000gcdd,region,East_of_ms,116,0.9383837402798749
usb000gcdd|region|East_of_ms,usb000gcdd,region,East_of_ms,117,1.0231086329981078
usb000gcdd|region|East_of_ms,usb000gcdd,region,East_of_ms,118,0.9218787248957557
usb000gcdd|region|East_of_ms,usb000gcdd,region,East_of_ms,119,0.9836269429097461
usb000gcdd|region|East_of_ms,usb000gcdd,region,East_of_ms,120,0.8888597912754045
usb000gcdd|region|East_of_ms,usb000gcdd,region,East_of_ms,121,1.0295869698424118
usb000gcdd|region|East_of_ms,usb000gcdd,region,East_of_ms,122,1.0575664437466477
usb000gcdd|region|East_of_ms,usb000gcdd,region,East_of_ms,123,1.0210643360963867
usb000gcdd|region|East_of_ms,usb000gcdd,region,East_of_ms,124,0.9681607499440062
usb000gcdd|region|East_of_ms,usb000gcdd,region,East_of_ms,125,0.9872281402815994
usb000gcdd|region|East_of_ms,usb000gcdd,region,East_of_ms,126,0.9462555882147883
usb000gcdd|region|East_of_ms,usb000gcdd,region,East_of_ms,127,0.9325113163468574
usb000gcdd|region|East_of_ms,usb000gcdd,region,East_of_ms,128,0.93370474636307
usb000gcdd|region|East_of_ms,usb000gcdd,region,East_of_ms,129,0.9282830212360885
usb000gcdd|region|East_of_ms,usb000gcdd,region,East_of_ms,130,1.0018710710372192
usb000gcdd|region|East_of_ms,usb000gcdd,region,East_of_ms,131,0.9630390673603495
usb000gcdd|region|East_of_ms,usb000gcdd,region,East_of_ms,132,1.0116444018708468
usb000gcdd|region|East_of_ms,usb000gcdd,region,East_of_ms,133,1.0334836115965376
usb000gcdd|region|East_of_ms,usb000gcdd,region,East_of_ms,134,1.0198473468145428
usb000gcdd|region|East_of_ms,usb000gcdd,region,East_of_ms,135,1.0933317551956148
usb000gcdd|region|East_of_ms,usb000gcdd,region,East_of_ms,136,1.0118110207059459
usb000gcdd|region|East_of_ms,usb000gcdd,region,East_of_ms,137,0.9551577123420938
usb000gcdd|region|East_of_ms,usb000gcdd,region,East_of_ms,138,0.983909085838318
usb000gcdd|region|East_of_ms,usb000gcdd,region,East_of_ms,139,1.0653588747278002
usb000gcdd|region|East_of_ms,usb000gcdd,region,East_of_ms,140,0.9781892976912148
usb000gcdd|region|East_of_ms,usb000gcdd,region,East_of_ms,141,1.2074662695787515
usb000gcdd|region|East_of_ms,usb000gcdd,region,East_of_ms,142,1.1369403816782453
usb000gcdd|region|East_of_ms,usb000gcdd,region,East_of_ms,143,0.9761526488152519
usb000gcdd|region|East_of_ms,usb000gcdd,region,East_of_ms,144,1.0586224375512783
usb000gcdd|region|East_of_ms,usb000gcdd,region,East_of_ms,145,0.9976559716839307
usb000gcdd|region|East_of_ms,usb000gcdd,region,East_of_ms,146,1.0546565535850343
usb000gcdd|region|East_of_ms,usb000gcdd,region,East_of_ms,147,0.9773789191845653
usb000gcdd|region|East_of_ms,usb000gcdd,region,East_of_ms,148,1.106611141230593
usb000gcdd|region|East_of_ms,usb000gcdd,region,East_of_ms,149,0.9368351717413267
usb000gcdd|region|East_of_ms,usb000gcdd,region,East_of_ms,150,1.023776532422263
usb000gcdd|region|East_of_ms,usb000gcdd,region,East_of_ms,151,0.9694158084965449
usb000gcdd|region|East_of_ms,usb000gcdd,region,East_of_ms,152,1.0361503719098255
usb000gcdd|region|East_of_ms,usb000gcdd,region,East_of_ms,153,1.028283560780673
usb000gcdd|region|East_of_ms,usb000gcdd,region,East_of_ms,154,0.9575177890905863
usb000gcdd|region|East_of_ms,usb000gcdd,region,East_of_ms,155,0.9730317379794258
usb000gcdd|region|East_of_ms,usb000gcdd,region,East_of_ms,156,1.0026415778278142
usb000gcdd|region|East_of_ms,usb000gcdd,region,East_of_ms,157,1.01008418730729
usb000gcdd|region|East_of_ms,usb000gcdd,region,East_of_ms,158,1.019793449544471
usb000gcdd|region|East_of_ms,usb000gcdd,region,East_of_ms,159,1.0408491384155982
usb000gcdd|region|East_of_ms,usb000gcdd,region,East_of_ms,160,1.027130518627135
usb000gcdd|region|East_of_ms,usb000gcdd,region,East_of_ms,161,1.0314979129774697
usb000gcdd|region|East_of_ms,usb000gcdd,region,East_of_ms,162,0.975034301067799
usb000gcdd|region|East_of_ms,usb000gcdd,region,East_of_ms,163,0.994482582232662
usb000gcdd|region|East_of_ms,usb000gcdd,region,East_of_ms,164,1.0445347203943303
usb000gcdd|region|East_of_ms,usb000gcdd,region,East_of_ms,165,1.0212863336826843
usb000gcdd|region|East_of_ms,usb000gcdd,region,East_of_ms,166,0.9888130829603831
usb000gcdd|region|East_of_ms,usb000gcdd,region,East_of_ms,167,0.9651689341147125
usb000gcdd|region|East_of_ms,usb000gcdd,region,East_of_ms,168,1.0809922258271039
usb000gcdd|region|East_of_ms,usb000gcdd,region,East_of_ms,169,1.0726267138021375
usb000gcdd|region|East_of_ms,usb000gcdd,region,East_of_ms,170,1.0607754019236888
usb000gcdd|region|East_of_ms,usb000gcdd,region,East_of_ms,171,0.9584423443205231
usb000gcdd|region|East_of_ms,usb000gcdd,region,East_of_ms,172,1.1128598291770229
usb000gcdd|region|East_of_ms,usb000gcdd,region,East_of_ms,173,1.0653758058681722
usb000gcdd|region|East_of_ms,usb000gcdd,region,East_of_ms,174,1.1146943503188091
usb000gcdd|region|East_of_ms,usb000gcdd,region,East_of_ms,175,0.9533345834535861
usb000gcdd|region|East_of_ms,usb000gcdd,region,East_of_ms,176,1.0065343403525815
usb000gcdd|region|East_of_ms,usb000gcdd,region,East_of_ms,177,1.0340454920380124
usb000gcdd|region|East_of_ms,usb000gcdd,region,East_of_ms,178,0.9889511744373465
usb000gcdd|region|East_of_ms,usb000gcdd,region,East_of_ms,179,1.0166007703687165
usb000gcdd|region|East_of_ms,usb000gcdd,region,East_of_ms,180,0.962906087428121
usb000gcdd|region|East_of_ms,usb000gcdd,region,East_of_ms,181,1.003796522399956
usb000gcdd|region|East_of_ms,usb000gcdd,region,East_of_ms,182,0.9265763464562836
usb000gcdd|region|East_of_ms,usb000gcdd,region,East_of_ms,183,0.9990417907547331
usb000gcdd|region|East_of_ms,usb000gcdd,region,East_of_ms,184,1.0202033542216238
usb000gcdd|region|East_of_ms,usb000gcdd,region,East_of_ms,185,0.9740245690010131
usb000gcdd|region|East_of_ms,usb000gcdd,region,East_of_ms,186,1.1174839351726664
usb000gcdd|region|East_of_ms,usb000gcdd,region,East_of_ms,187,0.9071818859832654
usb000gcdd|region|East_of_ms,usb000gcdd,region,East_of_ms,188,0.9818641317226396
usb000gcdd|region|East_of_ms,usb000gcdd,region,East_of_ms,189,0.9220583360295884
usb000gcdd|region|East_of_ms,usb000gcdd,region,East_of_ms,190,1.015896543137673
usb000gcdd|region|East_of_ms,usb000gcdd,region,East_of_ms,191,1.099012137023769
usb000gcdd|region|East_of_ms,usb000gcdd,region,East_of_ms,192,0.9327439948051945
usb000gcdd|region|East_of_ms,usb000gcdd,region,East_of_ms,193,0.9537997549219978
usb000gcdd|region|East_of_ms,usb000gcdd,region,East_of_ms,194,0.9868531848502836
usb000gcdd|region|East_of_ms,usb000gcdd,region,East_of_ms,195,1.0130404788673693
usb000gcdd|region|East_of_ms,usb000gcdd,region,East_of_ms,196,0.9790017574168169
usb000gcdd|region|East_of_ms,usb000gcdd,region,East_of_ms,197,1.0629741275678866
usb000gcdd|region|East_of_ms,usb000gcdd,region,East_of_ms,198,1.021283719583998
usb000gcdd|region|East_of_ms,usb000gcdd,region,East_of_ms,199,0.9500271079421159
usb000gcdd|region|South_of_ms,usb000gcdd,region,South_of_ms,0,0.8507027415012317
usb000gcdd|region|South_of_ms,usb000gcdd,region,South_of_ms,1,1.015565129874539
usb000gcdd|region|South_of_ms,usb000gcdd,region,South_of_ms,2,0.878782829802397
usb000gcdd|region|South_of_ms,usb000gcdd,region,South_of_ms,3,0.9910421154355372
usb000gcdd|region|South_of_ms,usb000gcdd,region,South_of_ms,4,0.8961617135005991
usb000gcdd|region|South_of_ms,usb000gcdd,region,South_of_ms,5,0.9235478481511821
usb000gcdd|region|South_of_ms,usb000gcdd,region,South_of_ms,6,0.9106706100076011
usb000gcdd|region|South_of_ms,usb000gcdd,region,South_of_ms,7,0.9405705397007393
usb000gcdd|region|South_of_ms,usb000gcdd,region,South_of_ms,8,0.8600909673805284
usb000gcdd|region|South_of_ms,usb000gcdd,region,South_of_ms,9,0.9376160562465156
usb000gcdd|region|South_of_ms,usb000gcdd,region,South_of_ms,10,0.9710331775754382
usb000gcdd|region|South_of_ms,usb000gcdd,region,South_of_ms,11,0.8447239242576164
usb000gcdd|region|South_of_ms,usb000gcdd,region,South_of_ms,12,0.900145666852671
usb000gcdd|region|South_of_ms,usb000gcdd,region,South_of_ms,13,0.8456752449362833
usb000gcdd|region|South_of_ms,usb000gcdd,region,South_of_ms,14,1.007819762279724
usb000gcdd|region|South_of_ms,usb000gcdd,region,South_of_ms,15,1.0033187305402764
usb000gcdd|region|South_of_ms,usb000gcdd,region,South_of_ms,16,0.8751654901344262
usb000gcdd|region|South_of_ms,usb000gcdd,region,South_of_ms,17,0.9280754726862569
usb000gcdd|region|South_of_ms,usb000gcdd,region,South_of_ms,18,0.9333318415615378
usb000gcdd|region|South_of_ms,usb000gcdd,region,South_of_ms,19,0.9563064611638645
usb000gcdd|region|South_of_ms,usb000gcdd,region,South_of_ms,20,0.8666167878791213
usb000gcdd|region|South_of_ms,usb000gcdd,region,South_of_ms,21,0.8745765013483485
usb000gcdd|region|South_of_ms,usb000gcdd,region,South_of_ms,22,1.0120902225646098
usb000gcdd|region|South_of_ms,usb000gcdd,region,South_of_ms,23,0.906567413022796
usb000gcdd|region|South_of_ms,usb000gcdd,region,South_of_ms,24,0.9272953458424177
usb000gcdd|region|South_of_ms,usb000gcdd,region,South_of_ms,25,1.0539894719792797
usb000gcdd|region|South_of_ms,usb000gcdd,region,South_of_ms,26,0.9601962955575805
usb000gcdd|region|South_of_ms,usb000gcdd,region,South_of_ms,27,0.9595387176391541
usb000gcdd|region|South_of_ms,usb000gcdd,region,South_of_ms,28,0.9606665466589249
usb000gcdd|region|South_of_ms,usb000gcdd,region,South_of_ms,29,0.9742028858391513
usb000gcdd|region|South_of_ms,usb000gcdd,region,South_of_ms,30,1.0410455431976937
usb000gcdd|region|South_of_ms,usb000gcdd,region,South_of_ms,31,1.0010353337288407
usb000gcdd|region|South_of_ms,usb000gcdd,region,South_of_ms,32,0.9497540349181328
usb000gcdd|region|South_of_ms,usb000gcdd,region,South_of_ms,33,0.8627011673020404
usb000gcdd|region|South_of_ms,usb000gcdd,region,South_of_ms,34,0.8779146768313152
usb000gcdd|region|South_of_ms,usb000gcdd,region,South_of_ms,35,0.919233874614869
usb000gcdd|region|South_of_ms,usb000gcdd,region,South_of_ms,36,0.8477135819659352
usb000gcdd|region|South_of_ms,usb000gcdd,region,South_of_ms,37,0.8948347643249795
usb000gcdd|region|South_of_ms,usb000gcdd,region,South_of_ms,38,0.8061523960301754
usb000gcdd|region|South_of_ms,usb000gcdd,region,South_of_ms,39,1.0286904590779808
usb000gcdd|region|South_of_ms,usb000gcdd,region,South_of_ms,40,0.9406856858663701
usb000gcdd|region|South_of_ms,usb000gcdd,region,South_of_ms,41,0.9919271509853596
usb000gcdd|region|South_of_ms,usb000gcdd,region,South_of_ms,42,1.0237715610140565
usb000gcdd|region|South_of_ms,usb000gcdd,region,South_of_ms,43,0.851773515867813
usb000gcdd|region|South_of_ms,usb000gcdd,region,South_of_ms,44,0.8384601891827695
usb000gcdd|region|South_of_ms,usb000gcdd,region,South_of_ms,45,0.8429042849014853
usb000gcdd|region|South_of_ms,usb000gcdd,region,South_of_ms,46,1.0111864012086023
usb000gcdd|region|South_of_ms,usb000gcdd,region,South_of_ms,47,0.8754710323701272
usb000gcdd|region|South_of_ms,usb000gcdd,region,South_of_ms,48,1.0350400856539894
usb000gcdd|region|South_of_ms,usb000gcdd,region,South_of_ms,49,0.8750292459728912
usb000gcdd|region|South_of_ms,usb000gcdd,region,South_of_ms,50,0.9219867961718643
usb000gcdd|region|South_of_ms,usb000gcdd,region,South_of_ms,51,0.9198206744506477
usb000gcdd|region|South_of_ms,usb000gcdd,region,South_of_ms,52,0.903267314873075
usb000gcdd|region|South_of_ms,usb000gcdd,region,South_of_ms,53,0.937341507857631
usb000gcdd|region|South_of_ms,usb000gcdd,region,South_of_ms,54,0.9773717791267581
usb000gcdd|region|South_of_ms,usb000gcdd,region,South_of_ms,55,0.9388876744639634
usb000gcdd|region|South_of_ms,usb000gcdd,region,South_of_ms,56,0.864962924866309
usb000gcdd|region|South_of_ms,usb000gcdd,region,South_of_ms,57,0.9970223591529674
usb000gcdd|region|South_of_ms,usb000gcdd,region,South_of_ms,58,0.9471575814886117
usb000gcdd|region|South_of_ms,usb000gcdd,region,South_of_ms,59,0.8996519275077273
usb000gcdd|region|South_of_ms,usb000gcdd,region,South_of_ms,60,0.9394609772144228
usb000gcdd|region|South_of_ms,usb000gcdd,region,South_of_ms,61,0.9323561913402292
usb000gcdd|region|South_of_ms,usb000gcdd,region,South_of_ms,62,0.8927399970327944
usb000gcdd|region|South_of_ms,usb000gcdd,region,South_of_ms,63,0.8851093852004089
usb000gcdd|region|South_of_ms,usb000gcdd,region,South_of_ms,64,0.8931389474900445
usb000gcdd|region|South_of_ms,usb000gcdd,region,South_of_ms,65,0.8911287370921404
usb000gcdd|region|South_of_ms,usb000gcdd,region,South_of_ms,66,0.8804865265387495
usb000gcdd|region|South_of_ms,usb000gcdd,region,South_of_ms,67,0.8699972425251362
usb000gcdd|region|South_of_ms,usb000gcdd,region,South_of_ms,68,0.9486428701667144
usb000gcdd|region|South_of_ms,usb000gcdd,region,South_of_ms,69,0.8846664635862156
usb000gcdd|region|South_of_ms,usb000gcdd,region,South_of_ms,70,0.8600601775762611
usb000gcdd|region|South_of_ms,usb000gcdd,region,South_of_ms,71,0.8721581498362561
usb000gcdd|region|South_of_ms,usb000gcdd,region,South_of_ms,72,0.9166388004008447
usb000gcdd|region|South_of_ms,usb000gcdd,region,South_of_ms,73,0.9745595440732859
usb000gcdd|region|South_of_ms,usb000gcdd,region,South_of_ms,74,0.92356753331694
usb000gcdd|region|South_of_ms,usb000gcdd,region,South_of_ms,75,0.8799015822975487
usb000gcdd|region|South_of_ms,usb000gcdd,region,South_of_ms,76,0.9411994612729143
usb000gcdd|region|South_of_ms,usb000gcdd,region,South_of_ms,77,0.9145194674906344
usb000gcdd|region|South_of_ms,usb000gcdd,region,South_of_ms,78,0.8688825132042999
usb000gcdd|region|South_of_ms,usb000gcdd,region,South_of_ms,79,0.9547161278601244
usb000gcdd|region|South_of_ms,usb000gcdd,region,South_of_ms,80,0.9511216545001516
usb000gcdd|region|South_of_ms,usb000gcdd,region,South_of_ms,81,0.9488845913633328
usb000gcdd|region|South_of_ms,usb000gcdd,region,South_of_ms,82,1.0537976217680927
usb000gcdd|region|South_of_ms,usb000gcdd,region,South_of_ms,83,0.9594140680098195
usb000gcdd|region|South_of_ms,usb000gcdd,region,South_of_ms,84,0.9582539426881496
usb000gcdd|region|South_of_ms,usb000gcdd,region,South_of_ms,85,0.918152897215943
usb000gcdd|region|South_of_ms,usb000gcdd,region,South_of_ms,86,0.9280780371493267
usb000gcdd|region|South_of_ms,usb000gcdd,region,South_of_ms,87,0.9037820774023206
usb000gcdd|region|South_of_ms,usb000gcdd,region,South_of_ms,88,0.9343225374480322
usb000gcdd|region|South_of_ms,usb000gcdd,region,South_of_ms,89,0.8225608983541705
usb000gcdd|region|South_of_ms,usb000gcdd,region,South_of_ms,90,0.8681955363016391
usb000gcdd|region|South_of_ms,usb000gcdd,region,South_of_ms,91,1.0286276138834138
usb000gcdd|region|South_of_ms,usb000gcdd,region,South_of_ms,92,1.029269452433544
usb000gcdd|region|South_of_ms,usb000gcdd,region,South_of_ms,93,0.9112634179577018
usb000gcdd|region|South_of_ms,usb000gcdd,region,South_of_ms,94,0.8834903815858295
usb000gcdd|region|South_of_ms,usb000gcdd,region,South_of_ms,95,0.8603621665120094
usb000gcdd|region|South_of_ms,usb000gcdd,region,South_of_ms,96,0.8878920685111582
usb000gcdd|region|South_of_ms,usb000gcdd,region,South_of_ms,97,0.9836469385349382
usb000gcdd|region|South_of_ms,usb000gcdd,region,South_of_ms,98,0.9331645988918793
usb000gcdd|region|South_of_ms,usb000gcdd,region,South_of_ms,99,0.8826279918649504
usb000gcdd|region|South_of_ms,usb000gcdd,region,South_of_ms,100,0.9169768780364808
usb000gcdd|region|South_of_ms,usb000gcdd,region,South_of_ms,101,0.9023330289970704
usb000gcdd|region|South_of_ms,usb000gcdd,region,South_of_ms,102,0.9640972951423772
usb000gcdd|region|South_of_ms,usb000gcdd,region,South_of_ms,103,0.941422686468305
usb000gcdd|region|South_of_ms,usb000gcdd,region,South_of_ms,104,0.9120630769540369
usb000gcdd|region|South_of_ms,usb000gcdd,region,South_of_ms,105,0.9244272573497753
usb000gcdd|region|South_of_ms,usb000gcdd,region,South_of_ms,106,0.9018603751321373
usb000gcdd|region|South_of_ms,usb000gcdd,region,South_of_ms,107,0.8956150618075742
usb000gcdd|region|South_of_ms,usb000gcdd,region,South_of_ms,108,1.0107623456695647
usb000gcdd|region|South_of_ms,usb000gcdd,region,South_of_ms,109,0.8721490588108329
usb000gcdd|region|South_of_ms,usb000gcdd,region,South_of_ms,110,0.9541578590121693
usb000gcdd|region|South_of_ms,usb000gcdd,region,South_of_ms,111,1.086280415373736
usb000gcdd|region|South_of_ms,usb000gcdd,region,South_of_ms,112,0.8915524298297323
usb000gcdd|region|South_of_ms,usb000gcdd,region,South_of_ms,113,0.9730055815609701
usb000gcdd|region|South_of_ms,usb000gcdd,region,South_of_ms,114,0.9074325978121203
usb000gcdd|region|South_of_ms,usb000gcdd,region,South_of_ms,115,0.860524270119941
usb000gcdd|region|South_of_ms,usb000gcdd,region,South_of_ms,116,0.9301591589577001
usb000gcdd|region|South_of_ms,usb000gcdd,region,South_of_ms,117,0.935998709575764
usb000gcdd|region|South_of_ms,usb000gcdd,region,South_of_ms,118,0.954108964237359
usb000gcdd|region|South_of_ms,usb000gcdd,region,South_of_ms,119,1.0120049465772727
usb000gcdd|region|South_of_ms,usb000gcdd,region,South_of_ms,120,0.9877904505884761
usb000gcdd|region|South_of_ms,usb000gcdd,region,South_of_ms,121,0.914304105266679
usb000gcdd|region|South_of_ms,usb000gcdd,region,South_of_ms,122,0.9489204964057889
usb000gcdd|region|South_of_ms,usb000gcdd,region,South_of_ms,123,1.021336621614772
usb000gcdd|region|South_of_ms,usb000gcdd,region,South_of_ms,124,1.0343411248484562
usb000gcdd|region|South_of_ms,usb000gcdd,region,South_of_ms,125,0.918961339621024
usb000gcdd|region|South_of_ms,usb000gcdd,region,South_of_ms,126,0.923433734749219
usb000gcdd|region|South_of_ms,usb000gcdd,region,South_of_ms,127,0.9609027921974013
usb000gcdd|region|South_of_ms,usb000gcdd,region,South_of_ms,128,0.9075068563518917
usb000gcdd|region|South_of_ms,usb000gcdd,region,South_of_ms,129,1.0112149675852398
usb000gcdd|region|South_of_ms,usb000gcdd,region,South_of_ms,130,0.9096952324018197
usb000gcdd|region|South_of_ms,usb000gcdd,region,South_of_ms,131,0.9692832343794667
usb000gcdd|region|South_of_ms,usb000gcdd,region,South_of_ms,132,0.9231936681646937
usb000gcdd|region|South_of_ms,usb000gcdd,region,South_of_ms,133,0.9265038769089319
usb000gcdd|region|South_of_ms,usb000gcdd,region,South_of_ms,134,0.8649526900140322
usb000gcdd|region|South_of_ms,usb000gcdd,region,South_of_ms,135,0.9055741055505327
usb000gcdd|region|South_of_ms,usb000gcdd,region,South_of_ms,136,0.9154624363683873
usb000gcdd|region|South_of_ms,usb000gcdd,region,South_of_ms,137,0.8269795846457776
usb000gcdd|region|South_of_ms,usb000gcdd,region,South_of_ms,138,0.8448165053004348
usb000gcdd|region|South_of_ms,usb000gcdd,region,South_of_ms,139,0.9209492847439288
usb000gcdd|region|South_of_ms,usb000gcdd,region,South_of_ms,140,0.8444334411039924
usb000gcdd|region|South_of_ms,usb000gcdd,region,South_of_ms,141,0.9757167631766063
usb000gcdd|region|South_of_ms,usb000gcdd,region,South_of_ms,142,0.9100029399132371
usb000gcdd|region|South_of_ms,usb000gcdd,region,South_of_ms,143,0.9086372551360522
usb000gcdd|region|South_of_ms,usb000gcdd,region,South_of_ms,144,0.8599306362585345
usb000gcdd|region|South_of_ms,usb000gcdd,region,South_of_ms,145,1.0243081125317586
usb000gcdd|region|South_of_ms,usb000gcdd,region,South_of_ms,146,0.9535885643294055
usb000gcdd|region|South_of_ms,usb000gcdd,region,South_of_ms,147,0.9007852823880239
usb000gcdd|region|South_of_ms,usb000gcdd,region,South_of_ms,148,1.0023513709589806
usb000gcdd|region|South_of_ms,usb000gcdd,region,South_of_ms,149,0.8746996964790257
usb000gcdd|region|South_of_ms,usb000gcdd,region,South_of_ms,150,0.9354971335187796
usb000gcdd|region|South_of_ms,usb000gcdd,region,South_of_ms,151,0.9666782873710886
usb000gcdd|region|South_of_ms,usb000gcdd,region,South_of_ms,152,0.9486087018992209
usb000gcdd|region|South_of_ms,usb000gcdd,region,South_of_ms,153,0.9918933698591865
usb000gcdd|region|South_of_ms,usb000gcdd,region,South_of_ms,154,0.9880050968762354
usb000gcdd|region|South_of_ms,usb000gcdd,region,South_of_ms,155,0.8396475995382596
usb000gcdd|region|South_of_ms,usb000gcdd,region,South_of_ms,156,0.9032565647856682
usb000gcdd|region|South_of_ms,usb000gcdd,region,South_of_ms,157,0.9630915239176684
usb000gcdd|region|South_of_ms,usb000gcdd,region,South_of_ms,158,0.9581382811540333
usb000gcdd|region|South_of_ms,usb000gcdd,region,South_of_ms,159,0.8879861094751857
usb000gcdd|region|South_of_ms,usb000gcdd,region,South_of_ms,160,0.8743963998169122
usb000gcdd|region|South_of_ms,usb000gcdd,region,South_of_ms,161,0.9651836835073689
usb000gcdd|region|South_of_ms,usb000gcdd,region,South_of_ms,162,0.9383630956674658
usb000gcdd|region|South_of_ms,usb000gcdd,region,South_of_ms,163,0.8992613279362767
usb000gcdd|region|South_of_ms,usb000gcdd,region,South_of_ms,164,0.8788972195695162
usb000gcdd|region|South_of_ms,usb000gcdd,region,South_of_ms,165,0.8605925926608778
usb000gcdd|region|South_of_ms,usb000gcdd,region,South_of_ms,166,0.9401100920721766
usb000gcdd|region|South_of_ms,usb000gcdd,region,South_of_ms,167,0.9827612939947541
usb000gcdd|region|South_of_ms,usb000gcdd,region,South_of_ms,168,0.8849594773569397
usb000gcdd|region|South_of_ms,usb000gcdd,region,South_of_ms,169,0.9831414990047176
usb000gcdd|region|South_of_ms,usb000gcdd,region,South_of_ms,170,1.0044530508450102
usb000gcdd|region|South_of_ms,usb000gcdd,region,South_of_ms,171,0.8885298643685599
usb000gcdd|region|South_of_ms,usb000gcdd,region,South_of_ms,172,0.8204838636195317
usb000gcdd|region|South_of_ms,usb000gcdd,region,South_of_ms,173,0.9040319032498138
usb000gcdd|region|South_of_ms,usb000gcdd,region,South_of_ms,174,0.8354520832573307
usb000gcdd|region|South_of_ms,usb000gcdd,region,South_of_ms,175,0.8031769052161014
usb000gcdd|region|South_of_ms,usb000gcdd,region,South_of_ms,176,0.9276375309591485
usb000gcdd|region|South_of_ms,usb000gcdd,region,South_of_ms,177,0.8831440509019025
usb000gcdd|region|South_of_ms,usb000gcdd,region,South_of_ms,178,1.0153249673692075
usb000gcdd|region|South_of_ms,usb000gcdd,region,South_of_ms,179,1.0082297380240453
usb000gcdd|region|South_of_ms,usb000gcdd,region,South_of_ms,180,0.9001681028500345
usb000gcdd|region|South_of_ms,usb000gcdd,region,South_of_ms,181,0.9055073679133117
usb000gcdd|region|South_of_ms,usb000gcdd,region,South_of_ms,182,0.8896462316578296
usb000gcdd|region|South_of_ms,usb000gcdd,region,South_of_ms,183,0.8403956075997785
usb000gcdd|region|South_of_ms,usb000gcdd,region,South_of_ms,184,0.9307618196721976
usb000gcdd|region|South_of_ms,usb000gcdd,region,South_of_ms,185,0.908214256902067
usb000gcdd|region|South_of_ms,usb000gcdd,region,South_of_ms,186,0.941013950689146
usb000gcdd|region|South_of_ms,usb000gcdd,region,South_of_ms,187,1.0623078862187718
usb000gcdd|region|South_of_ms,usb000gcdd,region,South_of_ms,188,0.8955060068828077
usb000gcdd|region|South_of_ms,usb000gcdd,region,South_of_ms,189,0.9141465546691971
usb000gcdd|region|South_of_ms,usb000gcdd,region,South_of_ms,190,0.7924450618785516
usb000gcdd|region|South_of_ms,usb000gcdd,region,South_of_ms,191,1.1222737986498514
usb000gcdd|region|South_of_ms,usb000gcdd,region,South_of_ms,192,0.9229195221292585
usb000gcdd|region|South_of_ms,usb000gcdd,region,South_of_ms,193,0.9239626816467533
usb000gcdd|region|South_of_ms,usb000gcdd,region,South_of_ms,194,0.8528220813507651
usb000gcdd|region|South_of_ms,usb000gcdd,region,South_of_ms,195,0.9419277089335873
usb000gcdd|region|South_of_ms,usb000gcdd,region,South_of_ms,196,0.9364829169070208
usb000gcdd|region|South_of_ms,usb000gcdd,region,South_of_ms,197,0.9766620995244176
usb000gcdd|region|South_of_ms,usb000gcdd,region,South_of_ms,198,0.9240954756181231
usb000gcdd|region|South_of_ms,usb000gcdd,region,South_of_ms,199,0.9030458578746942
usb000gcdd|region|North_of_ms,usb000gcdd,region,North_of_ms,0,0.9947240935562928
usb000gcdd|region|North_of_ms,usb000gcdd,region,North_of_ms,1,1.078126470173264
usb000gcdd|region|North_of_ms,usb000gcdd,region,North_of_ms,2,0.9785087411136076
usb000gcdd|region|North_of_ms,usb000gcdd,region,North_of_ms,3,0.9048353198922614
usb000gcdd|region|North_of_ms,usb000gcdd,region,North_of_ms,4,0.8470934711279655
usb000gcdd|region|North_of_ms,usb000gcdd,region,North_of_ms,5,1.0116573869431447
usb000gcdd|region|North_of_ms,usb000gcdd,region,North_of_ms,6,1.1427394374487183
usb000gcdd|region|North_of_ms,usb000gcdd,region,North_of_ms,7,0.8321179418636371
usb000gcdd|region|North_of_ms,usb000gcdd,region,North_of_ms,8,0.8763814726415778
usb000gcdd|region|North_of_ms,usb000gcdd,region,North_of_ms,9,0.9848455120869283
usb000gcdd|region|North_of_ms,usb000gcdd,region,North_of_ms,10,0.9098200441695787
usb000gcdd|region|North_of_ms,usb000gcdd,region,North_of_ms,11,0.9328342693377202
usb000gcdd|region|North_of_ms,usb000gcdd,region,North_of_ms,12,1.0620307671399007
usb000gcdd|region|North_of_ms,usb000gcdd,region,North_of_ms,13,0.9094390079516009
usb000gcdd|region|North_of_ms,usb000gcdd,region,North_of_ms,14,0.8985974678182521
usb000gcdd|region|North_of_ms,usb000gcdd,region,North_of_ms,15,0.8994945003614115
usb000gcdd|region|North_of_ms,usb000gcdd,region,North_of_ms,16,0.996448380231888
usb000gcdd|region|North_of_ms,usb000gcdd,region,North_of_ms,17,0.881595553798144
usb000gcdd|region|North_of_ms,usb000gcdd,region,North_of_ms,18,0.9397682416621563
usb000gcdd|region|North_of_ms,usb000gcdd,region,North_of_ms,19,0.8504528698304464
usb000gcdd|region|North_of_ms,usb000gcdd,region,North_of_ms,20,0.9133927935423904
usb000gcdd|region|North_of_ms,usb000gcdd,region,North_of_ms,21,1.0601056029656328
usb000gcdd|region|North_of_ms,usb000gcdd,region,North_of_ms,22,1.1737332648003607
usb000gcdd|region|North_of_ms,usb000gcdd,region,North_of_ms,23,0.8272383845832568
usb000gcdd|region|North_of_ms,usb000gcdd,region,North_of_ms,24,1.1015301871228258
usb000gcdd|region|North_of_ms,usb000gcdd,region,North_of_ms,25,1.0833248284270198
usb000gcdd|region|North_of_ms,usb000gcdd,region,North_of_ms,26,0.8912522084496292
usb000gcdd|region|North_of_ms,usb000gcdd,region,North_of_ms,27,0.947015241286529
usb000gcdd|region|North_of_ms,usb000gcdd,region,North_of_ms,28,0.9736636265218166
usb000gcdd|region|North_of_ms,usb000gcdd,region,North_of_ms,29,1.1564506451440533
usb000gcdd|region|North_of_ms,usb000gcdd,region,North_of_ms,30,0.859776263976482
usb000gcdd|region|North_of_ms,usb000gcdd,region,North_of_ms,31,0.9202635251587373
usb000gcdd|region|North_of_ms,usb000gcdd,region,North_of_ms,32,0.9027628411223377
usb000gcdd|region|North_of_ms,usb000gcdd,region,North_of_ms,33,0.9664882313781261
usb000gcdd|region|North_of_ms,usb000gcdd,region,North_of_ms,34,0.8758698307020936
usb000gcdd|region|North_of_ms,usb000gcdd,region,North_of_ms,35,0.921699427356539
usb000gcdd|region|North_of_ms,usb000gcdd,region,North_of_ms,36,0.9049768194676978
usb000gcdd|region|North_of_ms,usb000gcdd,region,North_of_ms,37,1.0345112441382254
usb000gcdd|region|North_of_ms,usb000gcdd,region,North_of_ms,38,0.8568460764791428
usb000gcdd|region|North_of_ms,usb000gcdd,region,North_of_ms,39,1.0414543496232935
usb000gcdd|region|North_of_ms,usb000gcdd,region,North_of_ms,40,0.9181602937427873
usb000gcdd|region|North_of_ms,usb000gcdd,region,North_of_ms,41,1.0288921843855707
usb000gcdd|region|North_of_ms,usb000gcdd,region,North_of_ms,42,0.9106193812404086
usb000gcdd|region|North_of_ms,usb000gcdd,region,North_of_ms,43,0.9345131323741844
usb000gcdd|region|North_of_ms,usb000gcdd,region,North_of_ms,44,0.9340903693731298
usb000gcdd|region|North_of_ms,usb000gcdd,region,North_of_ms,45,0.9708358194149688
usb000gcdd|region|North_of_ms,usb000gcdd,region,North_of_ms,46,1.0555738875550886
usb000gcdd|region|North_of_ms,usb000gcdd,region,North_of_ms,47,1.0034947467474618
usb000gcdd|region|North_of_ms,usb000gcdd,region,North_of_ms,48,0.8823652861513999
usb000gcdd|region|North_of_ms,usb000gcdd,region,North_of_ms,49,0.8918835753431834
usb000gcdd|region|North_of_ms,usb000gcdd,region,North_of_ms,50,0.989524981951994
usb000gcdd|region|North_of_ms,usb000gcdd,region,North_of_ms,51,0.8710358567352052
usb000gcdd|region|North_of_ms,usb000gcdd,region,North_of_ms,52,0.9709038426243969
usb000gcdd|region|North_of_ms,usb000gcdd,region,North_of_ms,53,0.9157888409147238
usb000gcdd|region|North_of_ms,usb000gcdd,region,North_of_ms,54,1.0562188673403938
usb000gcdd|region|North_of_ms,usb000gcdd,region,North_of_ms,55,0.9224934862450195
usb000gcdd|region|North_of_ms,usb000gcdd,region,North_of_ms,56,1.0666334014991652
usb000gcdd|region|North_of_ms,usb000gcdd,region,North_of_ms,57,0.8903917078022439
usb000gcdd|region|North_of_ms,usb000gcdd,region,North_of_ms,58,0.9108932654172726
usb000gcdd|region|North_of_ms,usb000gcdd,region,North_of_ms,59,0.8769148783800175
usb000gcdd|region|North_of_ms,usb000gcdd,region,North_of_ms,60,0.9320569854606948
usb000gcdd|region|North_of_ms,usb000gcdd,region,North_of_ms,61,0.9939697106839379
usb000gcdd|region|North_of_ms,usb000gcdd,region,North_of_ms,62,0.913361794839839
usb000gcdd|region|North_of_ms,usb000gcdd,region,North_of_ms,63,0.7680963611108191
usb000gcdd|region|North_of_ms,usb000gcdd,region,North_of_ms,64,0.9960920585940953
usb000gcdd|region|North_of_ms,usb000gcdd,region,North_of_ms,65,0.980134780049764
usb000gcdd|region|North_of_ms,usb000gcdd,region,North_of_ms,66,0.8859918101558621
usb000gcdd|region|North_of_ms,usb000gcdd,region,North_of_ms,67,0.9018801184089731
usb000gcdd|region|North_of_ms,usb000gcdd,region,North_of_ms,68,1.0485354403751486
usb000gcdd|region|North_of_ms,usb000gcdd,region,North_of_ms,69,0.9565243089532056
usb000gcdd|region|North_of_ms,usb000gcdd,region,North_of_ms,70,0.8711230145747703
usb000gcdd|region|North_of_ms,usb000gcdd,region,North_of_ms,71,0.8826518303800128
usb000gcdd|region|North_of_ms,usb000gcdd,region,North_of_ms,72,0.9774680645155863
usb000gcdd|region|North_of_ms,usb000gcdd,region,North_of_ms,73,0.9409398951223814
usb000gcdd|region|North_of_ms,usb000gcdd,region,North_of_ms,74,1.089767791286533
usb000gcdd|region|North_of_ms,usb000gcdd,region,North_of_ms,75,0.847978732691294
usb000gcdd|region|North_of_ms,usb000gcdd,region,North_of_ms,76,0.9015910821574514
usb000gcdd|region|North_of_ms,usb000gcdd,region,North_of_ms,77,0.9774867983780866
usb000gcdd|region|North_of_ms,usb000gcdd,region,North_of_ms,78,0.9038285293967822
usb000gcdd|region|North_of_ms,usb000gcdd,region,North_of_ms,79,0.8583542248591846
usb000gcdd|region|North_of_ms,usb000gcdd,region,North_of_ms,80,0.9547149030360219
usb000gcdd|region|North_of_ms,usb000gcdd,region,North_of_ms,81,0.9398383924538792
usb000gcdd|region|North_of_ms,usb000gcdd,region,North_of_ms,82,1.006613974367442
usb000gcdd|region|North_of_ms,usb000gcdd,region,North_of_ms,83,0.9877665059441166
usb000gcdd|region|North_of_ms,usb000gcdd,region,North_of_ms,84,0.8211901509871363
usb000gcdd|region|North_of_ms,usb000gcdd,region,North_of_ms,85,1.066768455714792
usb000gcdd|region|North_of_ms,usb000gcdd,region,North_of_ms,86,0.9259712753266317
usb000gcdd|region|North_of_ms,usb000gcdd,region,North_of_ms,87,0.9459065977392374
usb000gcdd|region|North_of_ms,usb000gcdd,region,North_of_ms,88,0.85277796753337
usb000gcdd|region|North_of_ms,usb000gcdd,region,North_of_ms,89,0.7929095990260592
usb000gcdd|region|North_of_ms,usb000gcdd,region,North_of_ms,90,0.845043244954517
usb000gcdd|region|North_of_ms,usb000gcdd,region,North_of_ms,91,1.03462025224757
usb000gcdd|region|North_of_ms,usb000gcdd,region,North_of_ms,92,0.9677958924877306
usb000gcdd|region|North_of_ms,usb000gcdd,region,North_of_ms,93,0.9808413974626885
usb000gcdd|region|North_of_ms,usb000gcdd,region,North_of_ms,94,1.0283804609551774
usb000gcdd|region|North_of_ms,usb000gcdd,region,North_of_ms,95,0.8762615073808726
usb000gcdd|region|North_of_ms,usb000gcdd,region,North_of_ms,96,0.9907854614452376
usb000gcdd|region|North_of_ms,usb000gcdd,region,North_of_ms,97,0.8946250843312845
usb000gcdd|region|North_of_ms,usb000gcdd,region,North_of_ms,98,1.0569315074536794
usb000gcdd|region|North_of_ms,usb000gcdd,region,North_of_ms,99,0.9556579533965676
usb000gcdd|region|North_of_ms,usb000gcdd,region,North_of_ms,100,0.9074552131609864
usb000gcdd|region|North_of_ms,usb000gcdd,region,North_of_ms,101,0.8427157753725883
usb000gcdd|region|North_of_ms,usb000gcdd,region,North_of_ms,102,1.0386503050499227
usb000gcdd|region|North_of_ms,usb000gcdd,region,North_of_ms,103,1.0084843222856854
usb000gcdd|region|North_of_ms,usb000gcdd,region,North_of_ms,104,0.8919390816177913
usb000gcdd|region|North_of_ms,usb000gcdd,region,North_of_ms,105,0.9405740938093456
usb000gcdd|region|North_of_ms,usb000gcdd,region,North_of_ms,106,0.9101336752077969
usb000gcdd|region|North_of_ms,usb000gcdd,region,North_of_ms,107,0.8630285022908529
usb000gcdd|region|North_of_ms,usb000gcdd,region,North_of_ms,108,1.0047280852912168
usb000gcdd|region|North_of_ms,usb000gcdd,region,North_of_ms,109,1.036592887084809
usb000gcdd|region|North_of_ms,usb000gcdd,region,North_of_ms,110,0.810571921656667
usb000gcdd|region|North_of_ms,usb000gcdd,region,North_of_ms,111,0.9814635043072564
usb000gcdd|region|North_of_ms,usb000gcdd,region,North_of_ms,112,0.7544708205571238
usb000gcdd|region|North_of_ms,usb000gcdd,region,North_of_ms,113,0.9400743553616859
usb000gcdd|region|North_of_ms,usb000gcdd,region,North_of_ms,114,1.0115161594654805
usb000gcdd|region|North_of_ms,usb000gcdd,region,North_of_ms,115,0.9966878696888641
usb000gcdd|region|North_of_ms,usb000gcdd,region,North_of_ms,116,0.9018494190758122
usb000gcdd|region|North_of_ms,usb000gcdd,region,North_of_ms,117,1.1505991859352176
usb000gcdd|region|North_of_ms,usb000gcdd,region,North_of_ms,118,1.1032058153727964
usb000gcdd|region|North_of_ms,usb000gcdd,region,North_of_ms,119,0.8216293506750941
usb000gcdd|region|North_of_ms,usb000gcdd,region,North_of_ms,120,1.0196045780396652
usb000gcdd|region|North_of_ms,usb000gcdd,region,North_of_ms,121,0.7444189352316534
usb000gcdd|region|North_of_ms,usb000gcdd,region,North_of_ms,122,0.9091475924623846
usb000gcdd|region|North_of_ms,usb000gcdd,region,North_of_ms,123,1.0471836414288638
usb000gcdd|region|North_of_ms,usb000gcdd,region,North_of_ms,124,0.9957510543442147
usb000gcdd|region|North_of_ms,usb000gcdd,region,North_of_ms,125,0.9468051053467558
usb000gcdd|region|North_of_ms,usb000gcdd,region,North_of_ms,126,1.0386295611824903
usb000gcdd|region|North_of_ms,usb000gcdd,region,North_of_ms,127,0.927370744680977
usb000gcdd|region|North_of_ms,usb000gcdd,region,North_of_ms,128,0.7941355400931452
usb000gcdd|region|North_of_ms,usb000gcdd,region,North_of_ms,129,0.9494320267294946
usb000gcdd|region|North_of_ms,usb000gcdd,region,North_of_ms,130,1.0443728199596836
usb000gcdd|region|North_of_ms,usb000gcdd,region,North_of_ms,131,1.0470228189136492
usb000gcdd|region|North_of_ms,usb000gcdd,region,North_of_ms,132,0.9528068988091605
usb000gcdd|region|North_of_ms,usb000gcdd,region,North_of_ms,133,0.964969573796725
usb000gcdd|region|North_of_ms,usb000gcdd,region,North_of_ms,134,0.9092104512632172
usb000gcdd|region|North_of_ms,usb000gcdd,region,North_of_ms,135,0.7702564943061312
usb000gcdd|region|North_of_ms,usb000gcdd,region,North_of_ms,136,1.1038310779510938
usb000gcdd|region|North_of_ms,usb000gcdd,region,North_of_ms,137,0.8660775206380434
usb000gcdd|region|North_of_ms,usb000gcdd,region,North_of_ms,138,0.7942626666765162
usb000gcdd|region|North_of_ms,usb000gcdd,region,North_of_ms,139,0.8440543221440058
usb000gcdd|region|North_of_ms,usb000gcdd,region,North_of_ms,140,1.0353876740936958
usb000gcdd|region|North_of_ms,usb000gcdd,region,North_of_ms,141,0.89473318007126
usb000gcdd|region|North_of_ms,usb000gcdd,region,North_of_ms,142,0.9078349256960203
usb000gcdd|region|North_of_ms,usb000gcdd,region,North_of_ms,143,1.0388681555992179
usb000gcdd|region|North_of_ms,usb000gcdd,region,North_of_ms,144,0.9494123854976967
usb000gcdd|region|North_of_ms,usb000gcdd,region,North_of_ms,145,0.9674371355179778
usb000gcdd|region|North_of_ms,usb000gcdd,region,North_of_ms,146,0.895841685273919
usb000gcdd|region|North_of_ms,usb000gcdd,region,North_of_ms,147,0.969084787248544
usb000gcdd|region|North_of_ms,usb000gcdd,region,North_of_ms,148,0.8601709382045225
usb000gcdd|region|North_of_ms,usb000gcdd,region,North_of_ms,149,1.1067392882005067
usb000gcdd|region|North_of_ms,usb000gcdd,region,North_of_ms,150,1.0610757402228441
usb000gcdd|region|North_of_ms,usb000gcdd,region,North_of_ms,151,0.8468144910115454
usb000gcdd|region|North_of_ms,usb000gcdd,region,North_of_ms,152,1.1040860214731207
usb000gcdd|region|North_of_ms,usb000gcdd,region,North_of_ms,153,1.0196524223059882
usb000gcdd|region|North_of_ms,usb000gcdd,region,North_of_ms,154,1.0206395662307226
usb000gcdd|region|North_of_ms,usb000gcdd,region,North_of_ms,155,1.0093138897865739
usb000gcdd|region|North_of_ms,usb000gcdd,region,North_of_ms,156,0.9950468118060791
usb000gcdd|region|North_of_ms,usb000gcdd,region,North_of_ms,157,0.8613459289361247
usb000gcdd|region|North_of_ms,usb000gcdd,region,North_of_ms,158,0.8598396401431934
usb000gcdd|region|North_of_ms,usb000gcdd,region,North_of_ms,159,0.9482616242400639
usb000gcdd|region|North_of_ms,usb000gcdd,region,North_of_ms,160,0.978039384601969
usb000gcdd|region|North_of_ms,usb000gcdd,region,North_of_ms,161,0.9260465144287177
usb000gcdd|region|North_of_ms,usb000gcdd,region,North_of_ms,162,0.9799621063337179
usb000gcdd|region|North_of_ms,usb000gcdd,region,North_of_ms,163,1.0360350039970285
usb000gcdd|region|North_of_ms,usb000gcdd,region,North_of_ms,164,0.9260597041261622
usb000gcdd|region|North_of_ms,usb000gcdd,region,North_of_ms,165,1.279471518029016
usb000gcdd|region|North_of_ms,usb000gcdd,region,North_of_ms,166,0.7352048040224434
usb000gcdd|region|North_of_ms,usb000gcdd,region,North_of_ms,167,1.023658266431623
usb000gcdd|region|North_of_ms,usb000gcdd,region,North_of_ms,168,0.9432835659844074
usb000gcdd|region|North_of_ms,usb000gcdd,region,North_of_ms,169,0.9583896903522103
usb000gcdd|region|North_of_ms,usb000gcdd,region,North_of_ms,170,0.8723122200887349
usb000gcdd|region|North_of_ms,usb000gcdd,region,North_of_ms,171,0.946547808944144
usb000gcdd|region|North_of_ms,usb000gcdd,region,North_of_ms,172,1.1368225529674034
usb000gcdd|region|North_of_ms,usb000gcdd,region,North_of_ms,173,0.9238320999813386
usb000gcdd|region|North_of_ms,usb000gcdd,region,North_of_ms,174,0.8508361644295697
usb000gcdd|region|North_of_ms,usb000gcdd,region,North_of_ms,175,1.0734601722012371
usb000gcdd|region|North_of_ms,usb000gcdd,region,North_of_ms,176,0.9608945528551662
usb000gcdd|region|North_of_ms,usb000gcdd,region,North_of_ms,177,1.0211447018150108
usb000gcdd|region|North_of_ms,usb000gcdd,region,North_of_ms,178,1.1091055914051187
usb000gcdd|region|North_of_ms,usb000gcdd,region,North_of_ms,179,0.8315492102619731
usb000gcdd|region|North_of_ms,usb000gcdd,region,North_of_ms,180,0.9588292239081311
usb000gcdd|region|North_of_ms,usb000gcdd,region,North_of_ms,181,0.9668313961195653
usb000gcdd|region|North_of_ms,usb000gcdd,region,North_of_ms,182,0.9643908385988099
usb000gcdd|region|North_of_ms,usb000gcdd,region,North_of_ms,183,0.9116400646306853
usb000gcdd|region|North_of_ms,usb000gcdd,region,North_of_ms,184,0.9047474567380058
usb000gcdd|region|North_of_ms,usb000gcdd,region,North_of_ms,185,0.9421958961020115
usb000gcdd|region|North_of_ms,usb000gcdd,region,North_of_ms,186,0.8916111317155193
usb000gcdd|region|North_of_ms,usb000gcdd,region,North_of_ms,187,0.9118048193643302
usb000gcdd|region|North_of_ms,usb000gcdd,region,North_of_ms,188,1.0242166808143605
usb000gcdd|region|North_of_ms,usb000gcdd,region,North_of_ms,189,0.9559453720306305
usb000gcdd|region|North_of_ms,usb000gcdd,region,North_of_ms,190,1.1180897699821146
usb000gcdd|region|North_of_ms,usb000gcdd,region,North_of_ms,191,1.0255980764490937
usb000gcdd|region|North_of_ms,usb000gcdd,region,North_of_ms,192,0.8891018371023165
usb000gcdd|region|North_of_ms,usb000gcdd,region,North_of_ms,193,0.8861445816694845
usb000gcdd|region|North_of_ms,usb000gcdd,region,North_of_ms,194,1.0259099670373566
usb000gcdd|region|North_of_ms,usb000gcdd,region,North_of_ms,195,1.0556971169315295
usb000gcdd|region|North_of_ms,usb000gcdd,region,North_of_ms,196,1.0012896795734338
usb000gcdd|region|North_of_ms,usb000gcdd,region,North_of_ms,197,1.0312554885636454
usb000gcdd|region|North_of_ms,usb000gcdd,region,North_of_ms,198,0.9209988502912099
usb000gcdd|region|North_of_ms,usb000gcdd,region,North_of_ms,199,0.9707268823410293
usb000gcdd|ring|0-50km,usb000gcdd,ring,0-50km,0,1.3312556969234406
usb000gcdd|ring|0-50km,usb000gcdd,ring,0-50km,1,1.3294045516353163
usb000gcdd|ring|0-50km,usb000gcdd,ring,0-50km,2,1.1950776283178495
usb000gcdd|ring|0-50km,usb000gcdd,ring,0-50km,3,1.2692404011348613
usb000gcdd|ring|0-50km,usb000gcdd,ring,0-50km,4,1.2163791155075423
usb000gcdd|ring|0-50km,usb000gcdd,ring,0-50km,5,1.3772282241467961
usb000gcdd|ring|0-50km,usb000gcdd,ring,0-50km,6,1.1558397828211342
usb000gcdd|ring|0-50km,usb000gcdd,ring,0-50km,7,1.3095466652213001
usb000gcdd|ring|0-50km,usb000gcdd,ring,0-50km,8,1.1028608486137994
usb000gcdd|ring|0-50km,usb000gcdd,ring,0-50km,9,1.16600031185103
usb000gcdd|ring|0-50km,usb000gcdd,ring,0-50km,10,1.2652330461383734
usb000gcdd|ring|0-50km,usb000gcdd,ring,0-50km,11,1.1801663323589842
usb000gcdd|ring|0-50km,usb000gcdd,ring,0-50km,12,1.212550670165689
usb000gcdd|ring|0-50km,usb000gcdd,ring,0-50km,13,1.2971052405645196
usb000gcdd|ring|0-50km,usb000gcdd,ring,0-50km,14,1.2907424873315738
usb000gcdd|ring|0-50km,usb000gcdd,ring,0-50km,15,1.2305047428490696
usb000gcdd|ring|0-50km,usb000gcdd,ring,0-50km,16,1.2926050324386136
usb000gcdd|ring|0-50km,usb000gcdd,ring,0-50km,17,1.2711271597968645
usb000gcdd|ring|0-50km,usb000gcdd,ring,0-50km,18,1.296619899113077
usb000gcdd|ring|0-50km,usb000gcdd,ring,0-50km,19,1.2461366138403682
usb000gcdd|ring|0-50km,usb000gcdd,ring,0-50km,20,1.5394376587533591
usb000gcdd|ring|0-50km,usb000gcdd,ring,0-50km,21,1.4377585900493157
usb000gcdd|ring|0-50km,usb000gcdd,ring,0-50km,22,1.3273478686980273
usb000gcdd|ring|0-50km,usb000gcdd,ring,0-50km,23,1.2388428399655602
usb000gcdd|ring|0-50km,usb000gcdd,ring,0-50km,24,1.3013389447204817
usb000gcdd|ring|0-50km,usb000gcdd,ring,0-50km,25,1.4181705881348226
usb000gcdd|ring|0-50km,usb000gcdd,ring,0-50km,26,1.2332170784620726
usb000gcdd|ring|0-50km,usb000gcdd,ring,0-50km,27,1.3709581002390079
usb000gcdd|ring|0-50km,usb000gcdd,ring,0-50km,28,1.5373072717027785
usb000gcdd|ring|0-50km,usb000gcdd,ring,0-50km,29,1.4394036116930593
usb000gcdd|ring|0-50km,usb000gcdd,ring,0-50km,30,1.3329480992567917
usb000gcdd|ring|0-50km,usb000gcdd,ring,0-50km,31,1.4927456355751412
usb000gcdd|ring|0-50km,usb000gcdd,ring,0-50km,32,1.2886082262266232
usb000gcdd|ring|0-50km,usb000gcdd,ring,0-50km,33,1.2791473727674683
usb000gcdd|ring|0-50km,usb000gcdd,ring,0-50km,34,1.1931786942826654
usb000gcdd|ring|0-50km,usb000gcdd,ring,0-50km,35,1.2652833779431647
usb000gcdd|ring|0-50km,usb000gcdd,ring,0-50km,36,1.2140331862253917
usb000gcdd|ring|0-50km,usb000gcdd,ring,0-50km,37,1.3359394263785183
usb000gcdd|ring|0-50km,usb000gcdd,ring,0-50km,38,1.1775035358517103
usb000gcdd|ring|0-50km,usb000gcdd,ring,0-50km,39,1.258942420500203
usb000gcdd|ring|0-50km,usb000gcdd,ring,0-50km,40,1.2507918544186387
usb000gcdd|ring|0-50km,usb000gcdd,ring,0-50km,41,1.4296271247664398
usb000gcdd|ring|0-50km,usb000gcdd,ring,0-50km,42,1.2379970388700456
usb000gcdd|ring|0-50km,usb000gcdd,ring,0-50km,43,1.407843182889882
usb000gcdd|ring|0-50km,usb000gcdd,ring,0-50km,44,1.2582794495424952
usb000gcdd|ring|0-50km,usb000gcdd,ring,0-50km,45,1.1670001911783943
usb000gcdd|ring|0-50km,usb000gcdd,ring,0-50km,46,1.2015353577005623
usb000gcdd|ring|0-50km,usb000gcdd,ring,0-50km,47,1.3618396813573863
usb000gcdd|ring|0-50km,usb000gcdd,ring,0-50km,48,1.4450587381971702
usb000gcdd|ring|0-50km,usb000gcdd,ring,0-50km,49,1.227769034986097
usb000gcdd|ring|0-50km,usb000gcdd,ring,0-50km,50,1.272069216748612
usb000gcdd|ring|0-50km,usb000gcdd,ring,0-50km,51,1.4207141035101079
usb000gcdd|ring|0-50km,usb000gcdd,ring,0-50km,52,1.3774785144652526
usb000gcdd|ring|0-50km,usb000gcdd,ring,0-50km,53,1.498453867344886
usb000gcdd|ring|0-50km,usb000gcdd,ring,0-50km,54,1.3060707709758426
usb000gcdd|ring|0-50km,usb000gcdd,ring,0-50km,55,1.3656955684163115
usb000gcdd|ring|0-50km,usb000gcdd,ring,0-50km,56,1.247181241547574
usb000gcdd|ring|0-50km,usb000gcdd,ring,0-50km,57,1.3849251073138986
usb000gcdd|ring|0-50km,usb000gcdd,ring,0-50km,58,1.384909681317026
usb000gcdd|ring|0-50km,usb000gcdd,ring,0-50km,59,1.4215846990557588
usb000gcdd|ring|0-50km,usb000gcdd,ring,0-50km,60,1.2071578135050556
usb000gcdd|ring|0-50km,usb000gcdd,ring,0-50km,61,1.3625011216965326
usb000gcdd|ring|0-50km,usb000gcdd,ring,0-50km,62,1.3800307921364177
usb000gcdd|ring|0-50km,usb000gcdd,ring,0-50km,63,1.1658495337107357
usb000gcdd|ring|0-50km,usb000gcdd,ring,0-50km,64,1.1891009471837315
usb000gcdd|ring|0-50km,usb000gcdd,ring,0-50km,65,1.390506175626662
usb000gcdd|ring|0-50km,usb000gcdd,ring,0-50km,66,1.3141718893925654
usb000gcdd|ring|0-50km,usb000gcdd,ring,0-50km,67,1.1760770406968715
usb000gcdd|ring|0-50km,usb000gcdd,ring,0-50km,68,1.1830641757535576
usb000gcdd|ring|0-50km,usb000gcdd,ring,0-50km,69,1.3371643200821184
usb000gcdd|ring|0-50km,usb000gcdd,ring,0-50km,70,1.425624357387843
usb000gcdd|ring|0-50km,usb000gcdd,ring,0-50km,71,1.4698648067372275
usb000gcdd|ring|0-50km,usb000gcdd,ring,0-50km,72,1.3319462026114472
usb000gcdd|ring|0-50km,usb000gcdd,ring,0-50km,73,1.1862761486643576
usb000gcdd|ring|0-50km,usb000gcdd,ring,0-50km,74,1.3126511849208278
usb000gcdd|ring|0-50km,usb000gcdd,ring,0-50km,75,1.2036468334262955
usb000gcdd|ring|0-50km,usb000gcdd,ring,0-50km,76,1.310522660961753
usb000gcdd|ring|0-50km,usb000gcdd,ring,0-50km,77,1.3190186834984856
usb000gcdd|ring|0-50km,usb000gcdd,ring,0-50km,78,1.2302400478492128
usb000gcdd|ring|0-50km,usb000gcdd,ring,0-50km,79,1.3262092559517646
usb000gcdd|ring|0-50km,usb000gcdd,ring,0-50km,80,1.26925047714628
usb000gcdd|ring|0-50km,usb000gcdd,ring,0-50km,81,1.302894887017839
usb000gcdd|ring|0-50km,usb000gcdd,ring,0-50km,82,1.2800498616006117
usb000gcdd|ring|0-50km,usb000gcdd,ring,0-50km,83,1.5028380709031712
usb000gcdd|ring|0-50km,usb000gcdd,ring,0-50km,84,1.5781418186913236
usb000gcdd|ring|0-50km,usb000gcdd,ring,0-50km,85,1.2893018522178012
usb000gcdd|ring|0-50km,usb000gcdd,ring,0-50km,86,1.3001739893787734
usb000gcdd|ring|0-50km,usb000gcdd,ring,0-50km,87,1.1982221004720612
usb000gcdd|ring|0-50km,usb000gcdd,ring,0-50km,88,1.3826509921213426
usb000gcdd|ring|0-50km,usb000gcdd,ring,0-50km,89,1.2123133840301108
usb000gcdd|ring|0-50km,usb000gcdd,ring,0-50km,90,1.3593078103339946
usb000gcdd|ring|0-50km,usb000gcdd,ring,0-50km,91,1.1971232948195984
usb000gcdd|ring|0-50km,usb000gcdd,ring,0-50km,92,1.2744008135171272
usb000gcdd|ring|0-50km,usb000gcdd,ring,0-50km,93,1.2360876329348744
usb000gcdd|ring|0-50km,usb000gcdd,ring,0-50km,94,1.316638001607547
usb000gcdd|ring|0-50km,usb000gcdd,ring,0-50km,95,1.5018084940518082
usb000gcdd|ring|0-50km,usb000gcdd,ring,0-50km,96,1.3708560934195366
usb000gcdd|ring|0-50km,usb000gcdd,ring,0-50km,97,1.1695110768424988
usb000gcdd|ring|0-50km,usb000gcdd,ring,0-50km,98,1.192120066612452
usb000gcdd|ring|0-50km,usb000gcdd,ring,0-50km,99,1.3741773824782992
usb000gcdd|ring|0-50km,usb000gcdd,ring,0-50km,100,1.2261674339321278
usb000gcdd|ring|0-50km,usb000gcdd,ring,0-50km,101,1.3462773409616429
usb000gcdd|ring|0-50km,usb000gcdd,ring,0-50km,102,1.2638652797706695
usb000gcdd|ring|0-50km,usb000gcdd,ring,0-50km,103,1.4833875011821274
usb000gcdd|ring|0-50km,usb000gcdd,ring,0-50km,104,1.557271503410915
usb000gcdd|ring|0-50km,usb000gcdd,ring,0-50km,105,1.2456879902273132
usb000gcdd|ring|0-50km,usb000gcdd,ring,0-50km,106,1.3750981432930869
usb000gcdd|ring|0-50km,usb000gcdd,ring,0-50km,107,1.4058303908058059
usb000gcdd|ring|0-50km,usb000gcdd,ring,0-50km,108,1.3145509502700665
usb000gcdd|ring|0-50km,usb000gcdd,ring,0-50km,109,1.306886459822301
usb000gcdd|ring|0-50km,usb000gcdd,ring,0-50km,110,1.3616513090095732
usb000gcdd|ring|0-50km,usb000gcdd,ring,0-50km,111,1.3576892974053845
usb000gcdd|ring|0-50km,usb000gcdd,ring,0-50km,112,1.4196305411934875
usb000gcdd|ring|0-50km,usb000gcdd,ring,0-50km,113,1.289839692559314
usb000gcdd|ring|0-50km,usb000gcdd,ring,0-50km,114,1.4343414978566547
usb000gcdd|ring|0-50km,usb000gcdd,ring,0-50km,115,1.3447107190679481
usb000gcdd|ring|0-50km,usb000gcdd,ring,0-50km,116,1.277104050221399
usb000gcdd|ring|0-50km,usb000gcdd,ring,0-50km,117,1.2285353956433331
usb000gcdd|ring|0-50km,usb000gcdd,ring,0-50km,118,1.275971696619809
usb000gcdd|ring|0-50km,usb000gcdd,ring,0-50km,119,1.617789381337696
usb000gcdd|ring|0-50km,usb000gcdd,ring,0-50km,120,1.2243179485723168
usb000gcdd|ring|0-50km,usb000gcdd,ring,0-50km,121,1.1948076241994414
usb000gcdd|ring|0-50km,usb000gcdd,ring,0-50km,122,1.3113523454977725
usb000gcdd|ring|0-50km,usb000gcdd,ring,0-50km,123,1.2555530997445752
usb000gcdd|ring|0-50km,usb000gcdd,ring,0-50km,124,1.290761708534328
usb000gcdd|ring|0-50km,usb000gcdd,ring,0-50km,125,1.2682702842692097
usb000gcdd|ring|0-50km,usb000gcdd,ring,0-50km,126,1.3916972557597973
usb000gcdd|ring|0-50km,usb000gcdd,ring,0-50km,127,1.2994708108140827
usb000gcdd|ring|0-50km,usb000gcdd,ring,0-50km,128,1.2119509705992701
usb000gcdd|ring|0-50km,usb000gcdd,ring,0-50km,129,1.346963125649549
usb000gcdd|ring|0-50km,usb000gcdd,ring,0-50km,130,1.301598038868885
usb000gcdd|ring|0-50km,usb000gcdd,ring,0-50km,131,1.4735769694673264
usb000gcdd|ring|0-50km,usb000gcdd,ring,0-50km,132,1.1740953683012583
usb000gcdd|ring|0-50km,usb000gcdd,ring,0-50km,133,1.261490749482299
usb000gcdd|ring|0-50km,usb000gcdd,ring,0-50km,134,1.2561057728239575
usb000gcdd|ring|0-50km,usb000gcdd,ring,0-50km,135,1.2828455526273137
usb000gcdd|ring|0-50km,usb000gcdd,ring,0-50km,136,1.2922095498908266
usb000gcdd|ring|0-50km,usb000gcdd,ring,0-50km,137,1.3775243722477835
usb000gcdd|ring|0-50km,usb000gcdd,ring,0-50km,138,1.287365371258965
usb000gcdd|ring|0-50km,usb000gcdd,ring,0-50km,139,1.3082815328121824
usb000gcdd|ring|0-50km,usb000gcdd,ring,0-50km,140,1.3661768817542865
usb000gcdd|ring|0-50km,usb000gcdd,ring,0-50km,141,1.329156964425999
usb000gcdd|ring|0-50km,usb000gcdd,ring,0-50km,142,1.2083226975830943
usb000gcdd|ring|0-50km,usb000gcdd,ring,0-50km,143,1.2184331060816653
usb000gcdd|ring|0-50km,usb000gcdd,ring,0-50km,144,1.2846396383363403
usb000gcdd|ring|0-50km,usb000gcdd,ring,0-50km,145,1.263379617011595
usb000gcdd|ring|0-50km,usb000gcdd,ring,0-50km,146,1.0701109825636865
usb000gcdd|ring|0-50km,usb000gcdd,ring,0-50km,147,1.1866242011438077
usb000gcdd|ring|0-50km,usb000gcdd,ring,0-50km,148,1.300296482367476
usb000gcdd|ring|0-50km,usb000gcdd,ring,0-50km,149,1.3258258662561178
usb000gcdd|ring|0-50km,usb000gcdd,ring,0-50km,150,1.3825908878081998
usb000gcdd|ring|0-50km,usb000gcdd,ring,0-50km,151,1.4806421739381705
usb000gcdd|ring|0-50km,usb000gcdd,ring,0-50km,152,1.3714331832857083
usb000gcdd|ring|0-50km,usb000gcdd,ring,0-50km,153,1.3728665741086301
usb000gcdd|ring|0-50km,usb000gcdd,ring,0-50km,154,1.314526627774106
usb000gcdd|ring|0-50km,usb000gcdd,ring,0-50km,155,1.4335451105985921
usb000gcdd|ring|0-50km,usb000gcdd,ring,0-50km,156,1.343267864093932
usb000gcdd|ring|0-50km,usb000gcdd,ring,0-50km,157,1.1993714668660644
usb000gcdd|ring|0-50km,usb000gcdd,ring,0-50km,158,1.1740800418089643
usb000gcdd|ring|0-50km,usb000gcdd,ring,0-50km,159,1.3567570052317475
usb000gcdd|ring|0-50km,usb000gcdd,ring,0-50km,160,1.2379815655340327
usb000gcdd|ring|0-50km,usb000gcdd,ring,0-50km,161,1.203754661778511
usb000gcdd|ring|0-50km,usb000gcdd,ring,0-50km,162,1.1578014304369293
usb000gcdd|ring|0-50km,usb000gcdd,ring,0-50km,163,1.4326184846641516
usb000gcdd|ring|0-50km,usb000gcdd,ring,0-50km,164,1.248821145739543
usb000gcdd|ring|0-50km,usb000gcdd,ring,0-50km,165,1.36870347812882
usb000gcdd|ring|0-50km,usb000gcdd,ring,0-50km,166,1.3943091796293619
usb000gcdd|ring|0-50km,usb000gcdd,ring,0-50km,167,1.226504731165149
usb000gcdd|ring|0-50km,usb000gcdd,ring,0-50km,168,1.3173104004140728
usb000gcdd|ring|0-50km,usb000gcdd,ring,0-50km,169,1.2356443649827678
usb000gcdd|ring|0-50km,usb000gcdd,ring,0-50km,170,1.3977151704824016
usb000gcdd|ring|0-50km,usb000gcdd,ring,0-50km,171,1.2641484339866504
usb000gcdd|ring|0-50km,usb000gcdd,ring,0-50km,172,1.2921006342508352
usb000gcdd|ring|0-50km,usb000gcdd,ring,0-50km,173,1.2467698330439783
usb000gcdd|ring|0-50km,usb000gcdd,ring,0-50km,174,1.33584673185926
usb000gcdd|ring|0-50km,usb000gcdd,ring,0-50km,175,1.317986377737319
usb000gcdd|ring|0-50km,usb000gcdd,ring,0-50km,176,1.2726140006685616
usb000gcdd|ring|0-50km,usb000gcdd,ring,0-50km,177,1.3941896214611282
usb000gcdd|ring|0-50km,usb000gcdd,ring,0-50km,178,1.1583770308026164
usb000gcdd|ring|0-50km,usb000gcdd,ring,0-50km,179,1.3776031931577495
usb000gcdd|ring|0-50km,usb000gcdd,ring,0-50km,180,1.2886466901171443
usb000gcdd|ring|0-50km,usb000gcdd,ring,0-50km,181,1.171108138904616
usb000gcdd|ring|0-50km,usb000gcdd,ring,0-50km,182,1.2281107904669
usb000gcdd|ring|0-50km,usb000gcdd,ring,0-50km,183,1.3978042533360355
usb000gcdd|ring|0-50km,usb000gcdd,ring,0-50km,184,1.2830442006509097
usb000gcdd|ring|0-50km,usb000gcdd,ring,0-50km,185,1.198572770690273
usb000gcdd|ring|0-50km,usb000gcdd,ring,0-50km,186,1.3388123517549149
usb000gcdd|ring|0-50km,usb000gcdd,ring,0-50km,187,1.2128396491734807
usb000gcdd|ring|0-50km,usb000gcdd,ring,0-50km,188,1.1761426227753335
usb000gcdd|ring|0-50km,usb000gcdd,ring,0-50km,189,1.3419289120017712
usb000gcdd|ring|0-50km,usb000gcdd,ring,0-50km,190,1.2852205666082093
usb000gcdd|ring|0-50km,usb000gcdd,ring,0-50km,191,1.2657354214863885
usb000gcdd|ring|0-50km,usb000gcdd,ring,0-50km,192,1.547573556015201
usb000gcdd|ring|0-50km,usb000gcdd,ring,0-50km,193,1.2438945865778968
usb000gcdd|ring|0-50km,usb000gcdd,ring,0-50km,194,1.4697390495963187
usb000gcdd|ring|0-50km,usb000gcdd,ring,0-50km,195,1.2155504886290136
usb000gcdd|ring|0-50km,usb000gcdd,ring,0-50km,196,1.0876364690636167
usb000gcdd|ring|0-50km,usb000gcdd,ring,0-50km,197,1.3950186064907264
usb000gcdd|ring|0-50km,usb000gcdd,ring,0-50km,198,1.1942912209163568
usb000gcdd|ring|0-50km,usb000gcdd,ring,0-50km,199,1.2273119921154017
usb000gcdd|ring|50-400km,usb000gcdd,ring,50-400km,0,0.4550660577196508
usb000gcdd|ring|50-400km,usb000gcdd,ring,50-400km,1,0.39312065555035414
usb000gcdd|ring|50-400km,usb000gcdd,ring,50-400km,2,0.21792100342594464
usb000gcdd|ring|50-400km,usb000gcdd,ring,50-400km,3,0.46961452583698815
usb000gcdd|ring|50-400km,usb000gcdd,ring,50-400km,4,0.35949807412820706
usb000gcdd|ring|50-400km,usb000gcdd,ring,50-400km,5,0.4489870667714388
usb000gcdd|ring|50-400km,usb000gcdd,ring,50-400km,6,0.21278734761775703
usb000gcdd|ring|50-400km,usb000gcdd,ring,50-400km,7,0.642308609631545
usb000gcdd|ring|50-400km,usb000gcdd,ring,50-400km,8,0.2
usb000gcdd|ring|50-400km,usb000gcdd,ring,50-400km,9,0.3416282836223377
usb000gcdd|ring|50-400km,usb000gcdd,ring,50-400km,10,0.42972405324762786
usb000gcdd|ring|50-400km,usb000gcdd,ring,50-400km,11,0.6147658116945357
usb000gcdd|ring|50-400km,usb000gcdd,ring,50-400km,12,0.3635920606499624
usb000gcdd|ring|50-400km,usb000gcdd,ring,50-400km,13,0.4731647185603668
usb000gcdd|ring|50-400km,usb000gcdd,ring,50-400km,14,0.2775075038201897
usb000gcdd|ring|50-400km,usb000gcdd,ring,50-400km,15,0.24395539858371312
usb000gcdd|ring|50-400km,usb000gcdd,ring,50-400km,16,0.5571042285283675
usb000gcdd|ring|50-400km,usb000gcdd,ring,50-400km,17,0.4605556430255846
usb000gcdd|ring|50-400km,usb000gcdd,ring,50-400km,18,0.3561885535012041
usb000gcdd|ring|50-400km,usb000gcdd,ring,50-400km,19,0.2
usb000gcdd|ring|50-400km,usb000gcdd,ring,50-400km,20,0.62603780500955
usb000gcdd|ring|50-400km,usb000gcdd,ring,50-400km,21,0.5303687856164248
usb000gcdd|ring|50-400km,usb000gcdd,ring,50-400km,22,0.49356873998292095
usb000gcdd|ring|50-400km,usb000gcdd,ring,50-400km,23,0.2
usb000gcdd|ring|50-400km,usb000gcdd,ring,50-400km,24,0.2
usb000gcdd|ring|50-400km,usb000gcdd,ring,50-400km,25,0.38221057601449426
usb000gcdd|ring|50-400km,usb000gcdd,ring,50-400km,26,0.5709633503077545
usb000gcdd|ring|50-400km,usb000gcdd,ring,50-400km,27,0.3426776393882495
usb000gcdd|ring|50-400km,usb000gcdd,ring,50-400km,28,0.4537934948794775
usb000gcdd|ring|50-400km,usb000gcdd,ring,50-400km,29,0.2
usb000gcdd|ring|50-400km,usb000gcdd,ring,50-400km,30,0.4126504754026605
usb000gcdd|ring|50-400km,usb000gcdd,ring,50-400km,31,0.20017061344205916
usb000gcdd|ring|50-400km,usb000gcdd,ring,50-400km,32,0.2115738749651303
usb000gcdd|ring|50-400km,usb000gcdd,ring,50-400km,33,0.3467674898731374
usb000gcdd|ring|50-400km,usb000gcdd,ring,50-400km,34,0.2
usb000gcdd|ring|50-400km,usb000gcdd,ring,50-400km,35,0.5218827505411301
usb000gcdd|ring|50-400km,usb000gcdd,ring,50-400km,36,0.3168014430830073
usb000gcdd|ring|50-400km,usb000gcdd,ring,50-400km,37,0.3645090207597972
usb000gcdd|ring|50-400km,usb000gcdd,ring,50-400km,38,0.48947165216773086
usb000gcdd|ring|50-400km,usb000gcdd,ring,50-400km,39,0.38487475887310335
usb000gcdd|ring|50-400km,usb000gcdd,ring,50-400km,40,0.5992888914336035
usb000gcdd|ring|50-400km,usb000gcdd,ring,50-400km,41,0.22063294073748957
usb000gcdd|ring|50-400km,usb000gcdd,ring,50-400km,42,0.5193623422608153
usb000gcdd|ring|50-400km,usb000gcdd,ring,50-400km,43,0.2
usb000gcdd|ring|50-400km,usb000gcdd,ring,50-400km,44,0.41430132104821693
usb000gcdd|ring|50-400km,usb000gcdd,ring,50-400km,45,0.32799134601864294
usb000gcdd|ring|50-400km,usb000gcdd,ring,50-400km,46,0.4202015321347321
usb000gcdd|ring|50-400km,usb000gcdd,ring,50-400km,47,0.4288840685262926
usb000gcdd|ring|50-400km,usb000gcdd,ring,50-400km,48,0.3615817909620276
usb000gcdd|ring|50-400km,usb000gcdd,ring,50-400km,49,0.2
usb000gcdd|ring|50-400km,usb000gcdd,ring,50-400km,50,0.5102294286612468
usb000gcdd|ring|50-400km,usb000gcdd,ring,50-400km,51,0.45326514688290986
usb000gcdd|ring|50-400km,usb000gcdd,ring,50-400km,52,0.49757819674787246
usb000gcdd|ring|50-400km,usb000gcdd,ring,50-400km,53,0.7216731248482554
usb000gcdd|ring|50-400km,usb000gcdd,ring,50-400km,54,0.21045715415008692
usb000gcdd|ring|50-400km,usb000gcdd,ring,50-400km,55,0.5983031325183251
usb000gcdd|ring|50-400km,usb000gcdd,ring,50-400km,56,0.24563482515294827
usb000gcdd|ring|50-400km,usb000gcdd,ring,50-400km,57,0.3398643064719398
usb000gcdd|ring|50-400km,usb000gcdd,ring,50-400km,58,0.5316524117245331
usb000gcdd|ring|50-400km,usb000gcdd,ring,50-400km,59,0.4174035666069431
usb000gcdd|ring|50-400km,usb000gcdd,ring,50-400km,60,0.2764438504952617
usb000gcdd|ring|50-400km,usb000gcdd,ring,50-400km,61,0.45108736103998465
usb000gcdd|ring|50-400km,usb000gcdd,ring,50-400km,62,0.36375600386094675
usb000gcdd|ring|50-400km,usb000gcdd,ring,50-400km,63,0.6360520885737793
usb000gcdd|ring|50-400km,usb000gcdd,ring,50-400km,64,0.4109695348719827
usb000gcdd|ring|50-400km,usb000gcdd,ring,50-400km,65,0.25124188412007986
usb000gcdd|ring|50-400km,usb000gcdd,ring,50-400km,66,0.5449091032259454
usb000gcdd|ring|50-400km,usb000gcdd,ring,50-400km,67,0.40416012456495326
usb000gcdd|ring|50-400km,usb000gcdd,ring,50-400km,68,0.6005642152719578
usb000gcdd|ring|50-400km,usb000gcdd,ring,50-400km,69,0.28786460314629014
usb000gcdd|ring|50-400km,usb000gcdd,ring,50-400km,70,0.4445818312175304
usb000gcdd|ring|50-400km,usb000gcdd,ring,50-400km,71,0.3993370049468533
usb000gcdd|ring|50-400km,usb000gcdd,ring,50-400km,72,0.7465558022792734
usb000gcdd|ring|50-400km,usb000gcdd,ring,50-400km,73,0.3280786420102537
usb000gcdd|ring|50-400km,usb000gcdd,ring,50-400km,74,0.5541028821804626
usb000gcdd|ring|50-400km,usb000gcdd,ring,50-400km,75,0.5476913951267518
usb000gcdd|ring|50-400km,usb000gcdd,ring,50-400km,76,0.5255768263037174
usb000gcdd|ring|50-400km,usb000gcdd,ring,50-400km,77,0.2
usb000gcdd|ring|50-400km,usb000gcdd,ring,50-400km,78,0.2
usb000gcdd|ring|50-400km,usb000gcdd,ring,50-400km,79,0.6256145331528383
usb000gcdd|ring|50-400km,usb000gcdd,ring,50-400km,80,0.5015312375200702
usb000gcdd|ring|50-400km,usb000gcdd,ring,50-400km,81,0.4583103879338833
usb000gcdd|ring|50-400km,usb000gcdd,ring,50-400km,82,0.4070102853522271
usb000gcdd|ring|50-400km,usb000gcdd,ring,50-400km,83,0.27834369583958357
usb000gcdd|ring|50-400km,usb000gcdd,ring,50-400km,84,0.2
usb000gcdd|ring|50-400km,usb000gcdd,ring,50-400km,85,0.2
usb000gcdd|ring|50-400km,usb000gcdd,ring,50-400km,86,0.6676829465016734
usb000gcdd|ring|50-400km,usb000gcdd,ring,50-400km,87,0.21666608244318475
usb000gcdd|ring|50-400km,usb000gcdd,ring,50-400km,88,0.617932570625416
usb000gcdd|ring|50-400km,usb000gcdd,ring,50-400km,89,0.2
usb000gcdd|ring|50-400km,usb000gcdd,ring,50-400km,90,0.39070075283177547
usb000gcdd|ring|50-400km,usb000gcdd,ring,50-400km,91,0.5757259967354851
usb000gcdd|ring|50-400km,usb000gcdd,ring,50-400km,92,0.2804873355219127
usb000gcdd|ring|50-400km,usb000gcdd,ring,50-400km,93,0.2
usb000gcdd|ring|50-400km,usb000gcdd,ring,50-400km,94,0.5430609898456646
usb000gcdd|ring|50-400km,usb000gcdd,ring,50-400km,95,0.31332397383350874
usb000gcdd|ring|50-400km,usb000gcdd,ring,50-400km,96,0.40344226741814865
usb000gcdd|ring|50-400km,usb000gcdd,ring,50-400km,97,0.7426271183196277
usb000gcdd|ring|50-400km,usb000gcdd,ring,50-400km,98,0.5928865598138462
usb000gcdd|ring|50-400km,usb000gcdd,ring,50-400km,99,0.44799340917872793
usb000gcdd|ring|50-400km,usb000gcdd,ring,50-400km,100,0.3148499409028815
usb000gcdd|ring|50-400km,usb000gcdd,ring,50-400km,101,0.36428435966137257
usb000gcdd|ring|50-400km,usb000gcdd,ring,50-400km,102,0.47550502748756085
usb000gcdd|ring|50-400km,usb000gcdd,ring,50-400km,103,0.4227500567867998
usb000gcdd|ring|50-400km,usb000gcdd,ring,50-400km,104,0.6906415853793214
usb000gcdd|ring|50-400km,usb000gcdd,ring,50-400km,105,0.5625090360839757
usb000gcdd|ring|50-400km,usb000gcdd,ring,50-400km,106,0.4112644908634201
usb000gcdd|ring|50-400km,usb000gcdd,ring,50-400km,107,0.5735042400738406
usb000gcdd|ring|50-400km,usb000gcdd,ring,50-400km,108,0.6361540799086686
usb000gcdd|ring|50-400km,usb000gcdd,ring,50-400km,109,0.4531047828993589
usb000gcdd|ring|50-400km,usb000gcdd,ring,50-400km,110,0.37382813718612856
usb000gcdd|ring|50-400km,usb000gcdd,ring,50-400km,111,0.5903877308310953
usb000gcdd|ring|50-400km,usb000gcdd,ring,50-400km,112,0.4228992679914856
usb000gcdd|ring|50-400km,usb000gcdd,ring,50-400km,113,0.587148588142364
usb000gcdd|ring|50-400km,usb000gcdd,ring,50-400km,114,0.3049171170044013
usb000gcdd|ring|50-400km,usb000gcdd,ring,50-400km,115,0.4904374687535094
usb000gcdd|ring|50-400km,usb000gcdd,ring,50-400km,116,0.45411607047114777
usb000gcdd|ring|50-400km,usb000gcdd,ring,50-400km,117,0.7781178551068302
usb000gcdd|ring|50-400km,usb000gcdd,ring,50-400km,118,0.5536059463277183
usb000gcdd|ring|50-400km,usb000gcdd,ring,50-400km,119,0.5797382610911201
usb000gcdd|ring|50-400km,usb000gcdd,ring,50-400km,120,0.44907334791949677
usb000gcdd|ring|50-400km,usb000gcdd,ring,50-400km,121,0.4067634207746625
usb000gcdd|ring|50-400km,usb000gcdd,ring,50-400km,122,0.5909393695556118
usb000gcdd|ring|50-400km,usb000gcdd,ring,50-400km,123,0.8965677318545417
usb000gcdd|ring|50-400km,usb000gcdd,ring,50-400km,124,0.3632109524450103
usb000gcdd|ring|50-400km,usb000gcdd,ring,50-400km,125,0.28427925318964004
usb000gcdd|ring|50-400km,usb000gcdd,ring,50-400km,126,0.4717131974433682
usb000gcdd|ring|50-400km,usb000gcdd,ring,50-400km,127,0.43615002387637514
usb000gcdd|ring|50-400km,usb000gcdd,ring,50-400km,128,0.4315146196684741
usb000gcdd|ring|50-400km,usb000gcdd,ring,50-400km,129,0.40843463328353175
usb000gcdd|ring|50-400km,usb000gcdd,ring,50-400km,130,0.5506353030301309
usb000gcdd|ring|50-400km,usb000gcdd,ring,50-400km,131,0.5829101655497482
usb000gcdd|ring|50-400km,usb000gcdd,ring,50-400km,132,0.4536746529827759
usb000gcdd|ring|50-400km,usb000gcdd,ring,50-400km,133,0.4084136835149987
usb000gcdd|ring|50-400km,usb000gcdd,ring,50-400km,134,0.36612482995253537
usb000gcdd|ring|50-400km,usb000gcdd,ring,50-400km,135,0.2
usb000gcdd|ring|50-400km,usb000gcdd,ring,50-400km,136,0.44313604152008795
usb000gcdd|ring|50-400km,usb000gcdd,ring,50-400km,137,0.2
usb000gcdd|ring|50-400km,usb000gcdd,ring,50-400km,138,0.5863750447862183
usb000gcdd|ring|50-400km,usb000gcdd,ring,50-400km,139,0.5484781336661245
usb000gcdd|ring|50-400km,usb000gcdd,ring,50-400km,140,0.28214193024924644
usb000gcdd|ring|50-400km,usb000gcdd,ring,50-400km,141,0.41574848020178395
usb000gcdd|ring|50-400km,usb000gcdd,ring,50-400km,142,0.40901733532511336
usb000gcdd|ring|50-400km,usb000gcdd,ring,50-400km,143,0.2
usb000gcdd|ring|50-400km,usb000gcdd,ring,50-400km,144,0.5304456937773281
usb000gcdd|ring|50-400km,usb000gcdd,ring,50-400km,145,0.29438604809959346
usb000gcdd|ring|50-400km,usb000gcdd,ring,50-400km,146,0.4866897129977002
usb000gcdd|ring|50-400km,usb000gcdd,ring,50-400km,147,0.48867710274205667
usb000gcdd|ring|50-400km,usb000gcdd,ring,50-400km,148,0.5368899879418975
usb000gcdd|ring|50-400km,usb000gcdd,ring,50-400km,149,0.29646702177040596
usb000gcdd|ring|50-400km,usb000gcdd,ring,50-400km,150,0.24733268728437277
usb000gcdd|ring|50-400km,usb000gcdd,ring,50-400km,151,0.5748013089144788
usb000gcdd|ring|50-400km,usb000gcdd,ring,50-400km,152,0.28489838011471597
usb000gcdd|ring|50-400km,usb000gcdd,ring,50-400km,153,0.4680118463080193
usb000gcdd|ring|50-400km,usb000gcdd,ring,50-400km,154,0.603082293867357
usb000gcdd|ring|50-400km,usb000gcdd,ring,50-400km,155,0.4434608677418832
usb000gcdd|ring|50-400km,usb000gcdd,ring,50-400km,156,0.4540922538652819
usb000gcdd|ring|50-400km,usb000gcdd,ring,50-400km,157,0.24244831943575126
usb000gcdd|ring|50-400km,usb000gcdd,ring,50-400km,158,0.4723059827593456
usb000gcdd|ring|50-400km,usb000gcdd,ring,50-400km,159,0.44964533110520105
usb000gcdd|ring|50-400km,usb000gcdd,ring,50-400km,160,0.5954969442377324
usb000gcdd|ring|50-400km,usb000gcdd,ring,50-400km,161,0.476988277566215
usb000gcdd|ring|50-400km,usb000gcdd,ring,50-400km,162,0.46309247900834055
usb000gcdd|ring|50-400km,usb000gcdd,ring,50-400km,163,0.4410620171643077
usb000gcdd|ring|50-400km,usb000gcdd,ring,50-400km,164,0.6960995366872299
usb000gcdd|ring|50-400km,usb000gcdd,ring,50-400km,165,0.4300239591173698
usb000gcdd|ring|50-400km,usb000gcdd,ring,50-400km,166,0.5823027732341135
usb000gcdd|ring|50-400km,usb000gcdd,ring,50-400km,167,0.2
usb000gcdd|ring|50-400km,usb000gcdd,ring,50-400km,168,0.35410151640233345
usb000gcdd|ring|50-400km,usb000gcdd,ring,50-400km,169,0.6225520611084511
usb000gcdd|ring|50-400km,usb000gcdd,ring,50-400km,170,0.22800061864317986
usb000gcdd|ring|50-400km,usb000gcdd,ring,50-400km,171,0.45910075069160083
usb000gcdd|ring|50-400km,usb000gcdd,ring,50-400km,172,0.35483688563602384
usb000gcdd|ring|50-400km,usb000gcdd,ring,50-400km,173,0.4571888025423221
usb000gcdd|ring|50-400km,usb000gcdd,ring,50-400km,174,0.48767652434163045
usb000gcdd|ring|50-400km,usb000gcdd,ring,50-400km,175,0.47778291814567203
usb000gcdd|ring|50-400km,usb000gcdd,ring,50-400km,176,0.23926486052824109
usb000gcdd|ring|50-400km,usb000gcdd,ring,50-400km,177,0.40783449365521063
usb000gcdd|ring|50-400km,usb000gcdd,ring,50-400km,178,0.43174374679409355
usb000gcdd|ring|50-400km,usb000gcdd,ring,50-400km,179,0.4871889657280339
usb000gcdd|ring|50-400km,usb000gcdd,ring,50-400km,180,0.32989306529192547
usb000gcdd|ring|50-400km,usb000gcdd,ring,50-400km,181,0.2
usb000gcdd|ring|50-400km,usb000gcdd,ring,50-400km,182,0.3576649619290328
usb000gcdd|ring|50-400km,usb000gcdd,ring,50-400km,183,0.5573527096827554
usb000gcdd|ring|50-400km,usb000gcdd,ring,50-400km,184,0.40092742998049963
usb000gcdd|ring|50-400km,usb000gcdd,ring,50-400km,185,0.537226705341743
usb000gcdd|ring|50-400km,usb000gcdd,ring,50-400km,186,0.43248028460343374
usb000gcdd|ring|50-400km,usb000gcdd,ring,50-400km,187,0.49097098142809054
usb000gcdd|ring|50-400km,usb000gcdd,ring,50-400km,188,0.28615170137702567
usb000gcdd|ring|50-400km,usb000gcdd,ring,50-400km,189,0.5271033138873187
usb000gcdd|ring|50-400km,usb000gcdd,ring,50-400km,190,0.3120574906775442
usb000gcdd|ring|50-400km,usb000gcdd,ring,50-400km,191,0.3984307686956643
usb000gcdd|ring|50-400km,usb000gcdd,ring,50-400km,192,0.6847094230484029
usb000gcdd|ring|50-400km,usb000gcdd,ring,50-400km,193,0.46693395192036086
usb000gcdd|ring|50-400km,usb000gcdd,ring,50-400km,194,0.6279293177502492
usb000gcdd|ring|50-400km,usb000gcdd,ring,50-400km,195,0.3683314391974884
usb000gcdd|ring|50-400km,usb000gcdd,ring,50-400km,196,0.4038359348159288
usb000gcdd|ring|50-400km,usb000gcdd,ring,50-400km,197,0.5431815912458695
usb000gcdd|ring|50-400km,usb000gcdd,ring,50-400km,198,0.5356596878509405
usb000gcdd|ring|50-400km,usb000gcdd,ring,50-400km,199,0.7038632906682051
usb000rzmg|mainshock|all,usb000rzmg,mainshock,all,0,0.6090191002286537
usb000rzmg|mainshock|all,usb000rzmg,mainshock,all,1,0.6933674572781097
usb000rzmg|mainshock|all,usb000rzmg,mainshock,all,2,0.7215066314789252
usb000rzmg|mainshock|all,usb000rzmg,mainshock,all,3,0.7448190846248383
usb000rzmg|mainshock|all,usb000rzmg,mainshock,all,4,0.6780560056653432
usb000rzmg|mainshock|all,usb000rzmg,mainshock,all,5,0.6796106317408626
usb000rzmg|mainshock|all,usb000rzmg,mainshock,all,6,0.6284001862910275
usb000rzmg|mainshock|all,usb000rzmg,mainshock,all,7,0.6408392048597921
usb000rzmg|mainshock|all,usb000rzmg,mainshock,all,8,0.6881722457704215
usb000rzmg|mainshock|all,usb000rzmg,mainshock,all,9,0.604516813663209
usb000rzmg|mainshock|all,usb000rzmg,mainshock,all,10,0.7235695538915421
usb000rzmg|mainshock|all,usb000rzmg,mainshock,all,11,0.6476616340205213
usb000rzmg|mainshock|all,usb000rzmg,mainshock,all,12,0.6632858198610408
usb000rzmg|mainshock|all,usb000rzmg,mainshock,all,13,0.5676550102764935
usb000rzmg|mainshock|all,usb000rzmg,mainshock,all,14,0.6153410615601678
usb000rzmg|mainshock|all,usb000rzmg,mainshock,all,15,0.7060155219595194
usb000rzmg|mainshock|all,usb000rzmg,mainshock,all,16,0.7768669157982141
usb000rzmg|mainshock|all,usb000rzmg,mainshock,all,17,0.6347855190824543
usb000rzmg|mainshock|all,usb000rzmg,mainshock,all,18,0.6742842257451727
usb000rzmg|mainshock|all,usb000rzmg,mainshock,all,19,0.7499882888994626
usb000rzmg|mainshock|all,usb000rzmg,mainshock,all,20,0.5563752770871476
usb000rzmg|mainshock|all,usb000rzmg,mainshock,all,21,0.6543724251049771
usb000rzmg|mainshock|all,usb000rzmg,mainshock,all,22,0.7197475563597033
usb000rzmg|mainshock|all,usb000rzmg,mainshock,all,23,0.8077858591044793
usb000rzmg|mainshock|all,usb000rzmg,mainshock,all,24,0.5600227464001417
usb000rzmg|mainshock|all,usb000rzmg,mainshock,all,25,0.661137683208903
usb000rzmg|mainshock|all,usb000rzmg,mainshock,all,26,0.6156272543631186
usb000rzmg|mainshock|all,usb000rzmg,mainshock,all,27,0.6211420559280921
usb000rzmg|mainshock|all,usb000rzmg,mainshock,all,28,0.6701128482329921
usb000rzmg|mainshock|all,usb000rzmg,mainshock,all,29,0.5948999090824243
usb000rzmg|mainshock|all,usb000rzmg,mainshock,all,30,0.7696194485477681
usb000rzmg|mainshock|all,usb000rzmg,mainshock,all,31,0.5482236365321649
usb000rzmg|mainshock|all,usb000rzmg,mainshock,all,32,0.740604865635421
usb000rzmg|mainshock|all,usb000rzmg,mainshock,all,33,0.6718826009660183
usb000rzmg|mainshock|all,usb000rzmg,mainshock,all,34,0.6438844735347763
usb000rzmg|mainshock|all,usb000rzmg,mainshock,all,35,0.7010198642474407
usb000rzmg|mainshock|all,usb000rzmg,mainshock,all,36,0.6188324628968277
usb000rzmg|mainshock|all,usb000rzmg,mainshock,all,37,0.69315554342337
usb000rzmg|mainshock|all,usb000rzmg,mainshock,all,38,0.6373102123895164
usb000rzmg|mainshock|all,usb000rzmg,mainshock,all,39,0.6472345883740218
usb000rzmg|mainshock|all,usb000rzmg,mainshock,all,40,0.627980147200404
usb000rzmg|mainshock|all,usb000rzmg,mainshock,all,41,0.6350749347203738
usb000rzmg|mainshock|all,usb000rzmg,mainshock,all,42,0.6876712683354326
usb000rzmg|mainshock|all,usb000rzmg,mainshock,all,43,0.5937063706464925
usb000rzmg|mainshock|all,usb000rzmg,mainshock,all,44,0.6733928429096879
usb000rzmg|mainshock|all,usb000rzmg,mainshock,all,45,0.5993215387987556
usb000rzmg|mainshock|all,usb000rzmg,mainshock,all,46,0.723357628883902
usb000rzmg|mainshock|all,usb000rzmg,mainshock,all,47,0.5903045172095414
usb000rzmg|mainshock|all,usb000rzmg,mainshock,all,48,0.6653657499692183
usb000rzmg|mainshock|all,usb000rzmg,mainshock,all,49,0.6459257731103453
usb000rzmg|mainshock|all,usb000rzmg,mainshock,all,50,0.7316101460479468
usb000rzmg|mainshock|all,usb000rzmg,mainshock,all,51,0.6701098813695989
usb000rzmg|mainshock|all,usb000rzmg,mainshock,all,52,0.629640386703077
usb000rzmg|mainshock|all,usb000rzmg,mainshock,all,53,0.7737490310467263
usb000rzmg|mainshock|all,usb000rzmg,mainshock,all,54,0.6665465644714514
usb000rzmg|mainshock|all,usb000rzmg,mainshock,all,55,0.6128695571603193
usb000rzmg|mainshock|all,usb000rzmg,mainshock,all,56,0.677641920845899
usb000rzmg|mainshock|all,usb000rzmg,mainshock,all,57,0.5951519549532769
usb000rzmg|mainshock|all,usb000rzmg,mainshock,all,58,0.8076474620737489
usb000rzmg|mainshock|all,usb000rzmg,mainshock,all,59,0.5944973502084513
usb000rzmg|mainshock|all,usb000rzmg,mainshock,all,60,0.7026529998777894
usb000rzmg|mainshock|all,usb000rzmg,mainshock,all,61,0.6236171061473581
usb000rzmg|mainshock|all,usb000rzmg,mainshock,all,62,0.7260016426078648
usb000rzmg|mainshock|all,usb000rzmg,mainshock,all,63,0.6286300291236815
usb000rzmg|mainshock|all,usb000rzmg,mainshock,all,64,0.6218472606361901
usb000rzmg|mainshock|all,usb000rzmg,mainshock,all,65,0.6503355712445402
usb000rzmg|mainshock|all,usb000rzmg,mainshock,all,66,0.7022820224462639
usb000rzmg|mainshock|all,usb000rzmg,mainshock,all,67,0.7810553150419346
usb000rzmg|mainshock|all,usb000rzmg,mainshock,all,68,0.7117192078326539
usb000rzmg|mainshock|all,usb000rzmg,mainshock,all,69,0.73491741626273
usb000rzmg|mainshock|all,usb000rzmg,mainshock,all,70,0.6635718021114493
usb000rzmg|mainshock|all,usb000rzmg,mainshock,all,71,0.5764178638682967
usb000rzmg|mainshock|all,usb000rzmg,mainshock,all,72,0.5580530512945581
usb000rzmg|mainshock|all,usb000rzmg,mainshock,all,73,0.6796690981745649
usb000rzmg|mainshock|all,usb000rzmg,mainshock,all,74,0.6630982386480949
usb000rzmg|mainshock|all,usb000rzmg,mainshock,all,75,0.7463234341012681
usb000rzmg|mainshock|all,usb000rzmg,mainshock,all,76,0.7361512760105068
usb000rzmg|mainshock|all,usb000rzmg,mainshock,all,77,0.6615550185420883
usb000rzmg|mainshock|all,usb000rzmg,mainshock,all,78,0.4405519076497333
usb000rzmg|mainshock|all,usb000rzmg,mainshock,all,79,0.7923702751465139
usb000rzmg|mainshock|all,usb000rzmg,mainshock,all,80,0.7225869897997598
usb000rzmg|mainshock|all,usb000rzmg,mainshock,all,81,0.6123119892381238
usb000rzmg|mainshock|all,usb000rzmg,mainshock,all,82,0.7015085461939121
usb000rzmg|mainshock|all,usb000rzmg,mainshock,all,83,0.7036585268203781
usb000rzmg|mainshock|all,usb000rzmg,mainshock,all,84,0.6910004587629062
usb000rzmg|mainshock|all,usb000rzmg,mainshock,all,85,0.6299272760980591
usb000rzmg|mainshock|all,usb000rzmg,mainshock,all,86,0.7234003082678836
usb000rzmg|mainshock|all,usb000rzmg,mainshock,all,87,0.6482527924689706
usb000rzmg|mainshock|all,usb000rzmg,mainshock,all,88,0.7194060855443399
usb000rzmg|mainshock|all,usb000rzmg,mainshock,all,89,0.5531659630192961
usb000rzmg|mainshock|all,usb000rzmg,mainshock,all,90,0.6153387709332997
usb000rzmg|mainshock|all,usb000rzmg,mainshock,all,91,0.5554864484929938
usb000rzmg|mainshock|all,usb000rzmg,mainshock,all,92,0.5550199114777755
usb000rzmg|mainshock|all,usb000rzmg,mainshock,all,93,0.6164628744896243
usb000rzmg|mainshock|all,usb000rzmg,mainshock,all,94,0.7209434417329303
usb000rzmg|mainshock|all,usb000rzmg,mainshock,all,95,0.6515988541733218
usb000rzmg|mainshock|all,usb000rzmg,mainshock,all,96,0.6734372872985609
usb000rzmg|mainshock|all,usb000rzmg,mainshock,all,97,0.711733599754771
usb000rzmg|mainshock|all,usb000rzmg,mainshock,all,98,0.7394243484026737
usb000rzmg|mainshock|all,usb000rzmg,mainshock,all,99,0.7030132246604962
usb000rzmg|mainshock|all,usb000rzmg,mainshock,all,100,0.6825125502172853
usb000rzmg|mainshock|all,usb000rzmg,mainshock,all,101,0.6372372063142758
usb000rzmg|mainshock|all,usb000rzmg,mainshock,all,102,0.5027358123308034
usb000rzmg|mainshock|all,usb000rzmg,mainshock,all,103,0.6160702033754064
usb000rzmg|mainshock|all,usb000rzmg,mainshock,all,104,0.5951729765263234
usb000rzmg|mainshock|all,usb000rzmg,mainshock,all,105,0.6610634348863029
usb000rzmg|mainshock|all,usb000rzmg,mainshock,all,106,0.6085000838403144
usb000rzmg|mainshock|all,usb000rzmg,mainshock,all,107,0.5985302601013113
usb000rzmg|mainshock|all,usb000rzmg,mainshock,all,108,0.7029688458796516
usb000rzmg|mainshock|all,usb000rzmg,mainshock,all,109,0.6010831059067467
usb000rzmg|mainshock|all,usb000rzmg,mainshock,all,110,0.6514279826197801
usb000rzmg|mainshock|all,usb000rzmg,mainshock,all,111,0.609327691806161
usb000rzmg|mainshock|all,usb000rzmg,mainshock,all,112,0.5986652185593742
usb000rzmg|mainshock|all,usb000rzmg,mainshock,all,113,0.6483477426161964
usb000rzmg|mainshock|all,usb000rzmg,mainshock,all,114,0.6300337413161795
usb000rzmg|mainshock|all,usb000rzmg,mainshock,all,115,0.7159930419075443
usb000rzmg|mainshock|all,usb000rzmg,mainshock,all,116,0.6593842151742748
usb000rzmg|mainshock|all,usb000rzmg,mainshock,all,117,0.6812623622459553
usb000rzmg|mainshock|all,usb000rzmg,mainshock,all,118,0.6809754929298805
usb000rzmg|mainshock|all,usb000rzmg,mainshock,all,119,0.7257645846852836
usb000rzmg|mainshock|all,usb000rzmg,mainshock,all,120,0.6898982623685421
usb000rzmg|mainshock|all,usb000rzmg,mainshock,all,121,0.6335833951217011
usb000rzmg|mainshock|all,usb000rzmg,mainshock,all,122,0.6437338726156987
usb000rzmg|mainshock|all,usb000rzmg,mainshock,all,123,0.7239117810209558
usb000rzmg|mainshock|all,usb000rzmg,mainshock,all,124,0.5736872205821288
usb000rzmg|mainshock|all,usb000rzmg,mainshock,all,125,0.6681895902236479
usb000rzmg|mainshock|all,usb000rzmg,mainshock,all,126,0.5935267232913726
usb000rzmg|mainshock|all,usb000rzmg,mainshock,all,127,0.6594854928138751
usb000rzmg|mainshock|all,usb000rzmg,mainshock,all,128,0.5879934363638197
usb000rzmg|mainshock|all,usb000rzmg,mainshock,all,129,0.6699411057185664
usb000rzmg|mainshock|all,usb000rzmg,mainshock,all,130,0.7191890728897257
usb000rzmg|mainshock|all,usb000rzmg,mainshock,all,131,0.5994672302715272
usb000rzmg|mainshock|all,usb000rzmg,mainshock,all,132,0.6965242282148979
usb000rzmg|mainshock|all,usb000rzmg,mainshock,all,133,0.7751239311242721
usb000rzmg|mainshock|all,usb000rzmg,mainshock,all,134,0.5739659538510619
usb000rzmg|mainshock|all,usb000rzmg,mainshock,all,135,0.679859607572409
usb000rzmg|mainshock|all,usb000rzmg,mainshock,all,136,0.6926149020873033
usb000rzmg|mainshock|all,usb000rzmg,mainshock,all,137,0.6011527514481504
usb000rzmg|mainshock|all,usb000rzmg,mainshock,all,138,0.6812263035788811
usb000rzmg|mainshock|all,usb000rzmg,mainshock,all,139,0.6018435013687651
usb000rzmg|mainshock|all,usb000rzmg,mainshock,all,140,0.6632222468063713
usb000rzmg|mainshock|all,usb000rzmg,mainshock,all,141,0.5041171775421565
usb000rzmg|mainshock|all,usb000rzmg,mainshock,all,142,0.559241862181175
usb000rzmg|mainshock|all,usb000rzmg,mainshock,all,143,0.5215495777579016
usb000rzmg|mainshock|all,usb000rzmg,mainshock,all,144,0.698406816853848
usb000rzmg|mainshock|all,usb000rzmg,mainshock,all,145,0.6171487601483394
usb000rzmg|mainshock|all,usb000rzmg,mainshock,all,146,0.6487910279597264
usb000rzmg|mainshock|all,usb000rzmg,mainshock,all,147,0.618918913877853
usb000rzmg|mainshock|all,usb000rzmg,mainshock,all,148,0.7509849011741664
usb000rzmg|mainshock|all,usb000rzmg,mainshock,all,149,0.7357890077272597
usb000rzmg|mainshock|all,usb000rzmg,mainshock,all,150,0.7071437893782707
usb000rzmg|mainshock|all,usb000rzmg,mainshock,all,151,0.7165449527353485
usb000rzmg|mainshock|all,usb000rzmg,mainshock,all,152,0.6239874013708024
usb000rzmg|mainshock|all,usb000rzmg,mainshock,all,153,0.6645798052515297
usb000rzmg|mainshock|all,usb000rzmg,mainshock,all,154,0.6709510238134254
usb000rzmg|mainshock|all,usb000rzmg,mainshock,all,155,0.7276212666258356
usb000rzmg|mainshock|all,usb000rzmg,mainshock,all,156,0.6281947318818593
usb000rzmg|mainshock|all,usb000rzmg,mainshock,all,157,0.6013854323668315
usb000rzmg|mainshock|all,usb000rzmg,mainshock,all,158,0.6504222200595038
usb000rzmg|mainshock|all,usb000rzmg,mainshock,all,159,0.6547712134887561
usb000rzmg|mainshock|all,usb000rzmg,mainshock,all,160,0.575958869391762
usb000rzmg|mainshock|all,usb000rzmg,mainshock,all,161,0.6353251623719848
usb000rzmg|mainshock|all,usb000rzmg,mainshock,all,162,0.6461766409450282
usb000rzmg|mainshock|all,usb000rzmg,mainshock,all,163,0.6847717804749117
usb000rzmg|mainshock|all,usb000rzmg,mainshock,all,164,0.6595136996274809
usb000rzmg|mainshock|all,usb000rzmg,mainshock,all,165,0.7204351059832125
usb000rzmg|mainshock|all,usb000rzmg,mainshock,all,166,0.6618440733872873
usb000rzmg|mainshock|all,usb000rzmg,mainshock,all,167,0.7336223500609099
usb000rzmg|mainshock|all,usb000rzmg,mainshock,all,168,0.6448371280908806
usb000rzmg|mainshock|all,usb000rzmg,mainshock,all,169,0.7659287136431286
usb000rzmg|mainshock|all,usb000rzmg,mainshock,all,170,0.6085070378035634
usb000rzmg|mainshock|all,usb000rzmg,mainshock,all,171,0.6354456956328668
usb000rzmg|mainshock|all,usb000rzmg,mainshock,all,172,0.5511865983763896
usb000rzmg|mainshock|all,usb000rzmg,mainshock,all,173,0.664911797940495
usb000rzmg|mainshock|all,usb000rzmg,mainshock,all,174,0.6668026492002924
usb000rzmg|mainshock|all,usb000rzmg,mainshock,all,175,0.7251083891534142
usb000rzmg|mainshock|all,usb000rzmg,mainshock,all,176,0.8213308545993971
usb000rzmg|mainshock|all,usb000rzmg,mainshock,all,177,0.6792203175922821
usb000rzmg|mainshock|all,usb000rzmg,mainshock,all,178,0.6127502420595652
usb000rzmg|mainshock|all,usb000rzmg,mainshock,all,179,0.5715563354767323
usb000rzmg|mainshock|all,usb000rzmg,mainshock,all,180,0.6069900644145751
usb000rzmg|mainshock|all,usb000rzmg,mainshock,all,181,0.6009162380149345
usb000rzmg|mainshock|all,usb000rzmg,mainshock,all,182,0.6456982656618194
usb000rzmg|mainshock|all,usb000rzmg,mainshock,all,183,0.5695339969167205
usb000rzmg|mainshock|all,usb000rzmg,mainshock,all,184,0.7808751769822352
usb000rzmg|mainshock|all,usb000rzmg,mainshock,all,185,0.7090808091884787
usb000rzmg|mainshock|all,usb000rzmg,mainshock,all,186,0.7069654144367692
usb000rzmg|mainshock|all,usb000rzmg,mainshock,all,187,0.634570302244215
usb000rzmg|mainshock|all,usb000rzmg,mainshock,all,188,0.6662825118014689
usb000rzmg|mainshock|all,usb000rzmg,mainshock,all,189,0.5630238967245846
usb000rzmg|mainshock|all,usb000rzmg,mainshock,all,190,0.7175566165385866
usb000rzmg|mainshock|all,usb000rzmg,mainshock,all,191,0.6361973354947361
usb000rzmg|mainshock|all,usb000rzmg,mainshock,all,192,0.6328748475036743
usb000rzmg|mainshock|all,usb000rzmg,mainshock,all,193,0.6241813269706008
usb000rzmg|mainshock|all,usb000rzmg,mainshock,all,194,0.7312691127621586
usb000rzmg|mainshock|all,usb000rzmg,mainshock,all,195,0.6283507292287316
usb000rzmg|mainshock|all,usb000rzmg,mainshock,all,196,0.6156281478011615
usb000rzmg|mainshock|all,usb000rzmg,mainshock,all,197,0.6135747453456127
usb000rzmg|mainshock|all,usb000rzmg,mainshock,all,198,0.6725970057687627
usb000rzmg|mainshock|all,usb000rzmg,mainshock,all,199,0.6361755409451326
usb000rzmg|depth|all_depth,usb000rzmg,depth,all_depth,0,0.7393986022557346
usb000rzmg|depth|all_depth,usb000rzmg,depth,all_depth,1,0.6928217404976585
usb000rzmg|depth|all_depth,usb000rzmg,depth,all_depth,2,0.6685946383433272
usb000rzmg|depth|all_depth,usb000rzmg,depth,all_depth,3,0.6956051300658326
usb000rzmg|depth|all_depth,usb000rzmg,depth,all_depth,4,0.7207185225189794
usb000rzmg|depth|all_depth,usb000rzmg,depth,all_depth,5,0.702052013660905
usb000rzmg|depth|all_depth,usb000rzmg,depth,all_depth,6,0.715490065578036
usb000rzmg|depth|all_depth,usb000rzmg,depth,all_depth,7,0.6108282133071925
usb000rzmg|depth|all_depth,usb000rzmg,depth,all_depth,8,0.6480506175672169
usb000rzmg|depth|all_depth,usb000rzmg,depth,all_depth,9,0.6927813156295455
usb000rzmg|depth|all_depth,usb000rzmg,depth,all_depth,10,0.5780891962394342
usb000rzmg|depth|all_depth,usb000rzmg,depth,all_depth,11,0.7704854285733618
usb000rzmg|depth|all_depth,usb000rzmg,depth,all_depth,12,0.5737573193626297
usb000rzmg|depth|all_depth,usb000rzmg,depth,all_depth,13,0.6725953906856315
usb000rzmg|depth|all_depth,usb000rzmg,depth,all_depth,14,0.7498399877358808
usb000rzmg|depth|all_depth,usb000rzmg,depth,all_depth,15,0.5967720049215608
usb000rzmg|depth|all_depth,usb000rzmg,depth,all_depth,16,0.7818094370803443
usb000rzmg|depth|all_depth,usb000rzmg,depth,all_depth,17,0.5927191265734874
usb000rzmg|depth|all_depth,usb000rzmg,depth,all_depth,18,0.5294953183928061
usb000rzmg|depth|all_depth,usb000rzmg,depth,all_depth,19,0.611611635375132
usb000rzmg|depth|all_depth,usb000rzmg,depth,all_depth,20,0.654060544257938
usb000rzmg|depth|all_depth,usb000rzmg,depth,all_depth,21,0.6226887576451066
usb000rzmg|depth|all_depth,usb000rzmg,depth,all_depth,22,0.610436414206659
usb000rzmg|depth|all_depth,usb000rzmg,depth,all_depth,23,1.0138700748982135
usb000rzmg|depth|all_depth,usb000rzmg,depth,all_depth,24,0.7935044321901037
usb000rzmg|depth|all_depth,usb000rzmg,depth,all_depth,25,0.49721868998722335
usb000rzmg|depth|all_depth,usb000rzmg,depth,all_depth,26,0.7165683510079568
usb000rzmg|depth|all_depth,usb000rzmg,depth,all_depth,27,0.7183824718112386
usb000rzmg|depth|all_depth,usb000rzmg,depth,all_depth,28,0.6296604150533145
usb000rzmg|depth|all_depth,usb000rzmg,depth,all_depth,29,0.6477995760602878
usb000rzmg|depth|all_depth,usb000rzmg,depth,all_depth,30,0.7384069265258368
usb000rzmg|depth|all_depth,usb000rzmg,depth,all_depth,31,0.5725030609701912
usb000rzmg|depth|all_depth,usb000rzmg,depth,all_depth,32,0.675885622114553
usb000rzmg|depth|all_depth,usb000rzmg,depth,all_depth,33,0.681939043465839
usb000rzmg|depth|all_depth,usb000rzmg,depth,all_depth,34,0.5712059476850536
usb000rzmg|depth|all_depth,usb000rzmg,depth,all_depth,35,0.6106558194445529
usb000rzmg|depth|all_depth,usb000rzmg,depth,all_depth,36,0.6429544599066493
usb000rzmg|depth|all_depth,usb000rzmg,depth,all_depth,37,0.8181291281330262
usb000rzmg|depth|all_depth,usb000rzmg,depth,all_depth,38,0.7980885197351254
usb000rzmg|depth|all_depth,usb000rzmg,depth,all_depth,39,0.6043104632617036
usb000rzmg|depth|all_depth,usb000rzmg,depth,all_depth,40,0.6309274088053349
usb000rzmg|depth|all_depth,usb000rzmg,depth,all_depth,41,0.7055723971619635
usb000rzmg|depth|all_depth,usb000rzmg,depth,all_depth,42,0.6713283837496691
usb000rzmg|depth|all_depth,usb000rzmg,depth,all_depth,43,0.5461263727313846
usb000rzmg|depth|all_depth,usb000rzmg,depth,all_depth,44,0.6451603131811359
usb000rzmg|depth|all_depth,usb000rzmg,depth,all_depth,45,0.5461084577992424
usb000rzmg|depth|all_depth,usb000rzmg,depth,all_depth,46,0.4777344320772829
usb000rzmg|depth|all_depth,usb000rzmg,depth,all_depth,47,0.6936635568973649
usb000rzmg|depth|all_depth,usb000rzmg,depth,all_depth,48,0.6441329937161753
usb000rzmg|depth|all_depth,usb000rzmg,depth,all_depth,49,0.6071521860414779
usb000rzmg|depth|all_depth,usb000rzmg,depth,all_depth,50,0.6910292113182933
usb000rzmg|depth|all_depth,usb000rzmg,depth,all_depth,51,0.5934783369062473
usb000rzmg|depth|all_depth,usb000rzmg,depth,all_depth,52,0.7453325213317893
usb000rzmg|depth|all_depth,usb000rzmg,depth,all_depth,53,0.6613594785529167
usb000rzmg|depth|all_depth,usb000rzmg,depth,all_depth,54,0.5776692369555069
usb000rzmg|depth|all_depth,usb000rzmg,depth,all_depth,55,0.6393793857523369
usb000rzmg|depth|all_depth,usb000rzmg,depth,all_depth,56,0.5641046934000591
usb000rzmg|depth|all_depth,usb000rzmg,depth,all_depth,57,0.7073328913178866
usb000rzmg|depth|all_depth,usb000rzmg,depth,all_depth,58,0.6699527899925494
usb000rzmg|depth|all_depth,usb000rzmg,depth,all_depth,59,0.6676281948614281
usb000rzmg|depth|all_depth,usb000rzmg,depth,all_depth,60,0.49837782087504284
usb000rzmg|depth|all_depth,usb000rzmg,depth,all_depth,61,0.7490713402476943
usb000rzmg|depth|all_depth,usb000rzmg,depth,all_depth,62,0.49507855947353296
usb000rzmg|depth|all_depth,usb000rzmg,depth,all_depth,63,0.6195115230215922
usb000rzmg|depth|all_depth,usb000rzmg,depth,all_depth,64,0.6157160434121822
usb000rzmg|depth|all_depth,usb000rzmg,depth,all_depth,65,0.6795762213304546
usb000rzmg|depth|all_depth,usb000rzmg,depth,all_depth,66,0.7054370087909422
usb000rzmg|depth|all_depth,usb000rzmg,depth,all_depth,67,0.5896487987921631
usb000rzmg|depth|all_depth,usb000rzmg,depth,all_depth,68,0.6300364146022183
usb000rzmg|depth|all_depth,usb000rzmg,depth,all_depth,69,0.5106517701728559
usb000rzmg|depth|all_depth,usb000rzmg,depth,all_depth,70,0.7070766900589899
usb000rzmg|depth|all_depth,usb000rzmg,depth,all_depth,71,0.5892255861340812
usb000rzmg|depth|all_depth,usb000rzmg,depth,all_depth,72,0.6749101699749441
usb000rzmg|depth|all_depth,usb000rzmg,depth,all_depth,73,0.7556181801226317
usb000rzmg|depth|all_depth,usb000rzmg,depth,all_depth,74,0.5728996597256032
usb000rzmg|depth|all_depth,usb000rzmg,depth,all_depth,75,0.7634295656111754
usb000rzmg|depth|all_depth,usb000rzmg,depth,all_depth,76,0.6227937448434758
usb000rzmg|depth|all_depth,usb000rzmg,depth,all_depth,77,0.786502074899777
usb000rzmg|depth|all_depth,usb000rzmg,depth,all_depth,78,0.6465234742157322
usb000rzmg|depth|all_depth,usb000rzmg,depth,all_depth,79,0.6903526438221277
usb000rzmg|depth|all_depth,usb000rzmg,depth,all_depth,80,0.730659440069369
usb000rzmg|depth|all_depth,usb000rzmg,depth,all_depth,81,0.5924416501400837
usb000rzmg|depth|all_depth,usb000rzmg,depth,all_depth,82,0.5844662441031037
usb000rzmg|depth|all_depth,usb000rzmg,depth,all_depth,83,0.6963881092517885
usb000rzmg|depth|all_depth,usb000rzmg,depth,all_depth,84,0.7409348959735886
usb000rzmg|depth|all_depth,usb000rzmg,depth,all_depth,85,0.7149036729117298
usb000rzmg|depth|all_depth,usb000rzmg,depth,all_depth,86,0.5671030848487446
usb000rzmg|depth|all_depth,usb000rzmg,depth,all_depth,87,0.6912346114525976
usb000rzmg|depth|all_depth,usb000rzmg,depth,all_depth,88,0.6626138382689396
usb000rzmg|depth|all_depth,usb000rzmg,depth,all_depth,89,0.626501682359287
usb000rzmg|depth|all_depth,usb000rzmg,depth,all_depth,90,0.5895008011344122
usb000rzmg|depth|all_depth,usb000rzmg,depth,all_depth,91,0.6775369756305348
usb000rzmg|depth|all_depth,usb000rzmg,depth,all_depth,92,0.6949566321884376
usb000rzmg|depth|all_depth,usb000rzmg,depth,all_depth,93,0.7264524623498068
usb000rzmg|depth|all_depth,usb000rzmg,depth,all_depth,94,0.6018885118044899
usb000rzmg|depth|all_depth,usb000rzmg,depth,all_depth,95,0.7270214507439343
usb000rzmg|depth|all_depth,usb000rzmg,depth,all_depth,96,0.6353433989380256
usb000rzmg|depth|all_depth,usb000rzmg,depth,all_depth,97,0.7214878185518356
usb000rzmg|depth|all_depth,usb000rzmg,depth,all_depth,98,0.691144219784303
usb000rzmg|depth|all_depth,usb000rzmg,depth,all_depth,99,0.6233539250837438
usb000rzmg|depth|all_depth,usb000rzmg,depth,all_depth,100,0.6838764137298868
usb000rzmg|depth|all_depth,usb000rzmg,depth,all_depth,101,0.6568236634939704
usb000rzmg|depth|all_depth,usb000rzmg,depth,all_depth,102,0.6491515424682293
usb000rzmg|depth|all_depth,usb000rzmg,depth,all_depth,103,0.6385119270736599
usb000rzmg|depth|all_depth,usb000rzmg,depth,all_depth,104,0.7230131419813473
usb000rzmg|depth|all_depth,usb000rzmg,depth,all_depth,105,0.6853606173127752
usb000rzmg|depth|all_depth,usb000rzmg,depth,all_depth,106,0.5849815682938592
usb000rzmg|depth|all_depth,usb000rzmg,depth,all_depth,107,0.6498274352618025
usb000rzmg|depth|all_depth,usb000rzmg,depth,all_depth,108,0.6949791847505545
usb000rzmg|depth|all_depth,usb000rzmg,depth,all_depth,109,0.6424567219095872
usb000rzmg|depth|all_depth,usb000rzmg,depth,all_depth,110,0.6289486130063339
usb000rzmg|depth|all_depth,usb000rzmg,depth,all_depth,111,0.536604227820667
usb000rzmg|depth|all_depth,usb000rzmg,depth,all_depth,112,0.521063358865986
usb000rzmg|depth|all_depth,usb000rzmg,depth,all_depth,113,0.6178936531707824
usb000rzmg|depth|all_depth,usb000rzmg,depth,all_depth,114,0.5961727238696795
usb000rzmg|depth|all_depth,usb000rzmg,depth,all_depth,115,0.6917333033019605
usb000rzmg|depth|all_depth,usb000rzmg,depth,all_depth,116,0.6281532023295938
usb000rzmg|depth|all_depth,usb000rzmg,depth,all_depth,117,0.6099663834081276
usb000rzmg|depth|all_depth,usb000rzmg,depth,all_depth,118,0.6028531894001611
usb000rzmg|depth|all_depth,usb000rzmg,depth,all_depth,119,0.5727258100633128
usb000rzmg|depth|all_depth,usb000rzmg,depth,all_depth,120,0.5847319389976644
usb000rzmg|depth|all_depth,usb000rzmg,depth,all_depth,121,0.6631333797366598
usb000rzmg|depth|all_depth,usb000rzmg,depth,all_depth,122,0.6196560461113108
usb000rzmg|depth|all_depth,usb000rzmg,depth,all_depth,123,0.6073225632286062
usb000rzmg|depth|all_depth,usb000rzmg,depth,all_depth,124,0.5791240146639346
usb000rzmg|depth|all_depth,usb000rzmg,depth,all_depth,125,0.6153372769974015
usb000rzmg|depth|all_depth,usb000rzmg,depth,all_depth,126,0.68119209321161
usb000rzmg|depth|all_depth,usb000rzmg,depth,all_depth,127,0.7129740311099819
usb000rzmg|depth|all_depth,usb000rzmg,depth,all_depth,128,0.5219086591330475
usb000rzmg|depth|all_depth,usb000rzmg,depth,all_depth,129,0.6966725574022964
usb000rzmg|depth|all_depth,usb000rzmg,depth,all_depth,130,0.6657645943397164
usb000rzmg|depth|all_depth,usb000rzmg,depth,all_depth,131,0.5593333572523221
usb000rzmg|depth|all_depth,usb000rzmg,depth,all_depth,132,0.6663902116597407
usb000rzmg|depth|all_depth,usb000rzmg,depth,all_depth,133,0.5836803655358497
usb000rzmg|depth|all_depth,usb000rzmg,depth,all_depth,134,0.6671392100926442
usb000rzmg|depth|all_depth,usb000rzmg,depth,all_depth,135,0.7311651649373017
usb000rzmg|depth|all_depth,usb000rzmg,depth,all_depth,136,0.7557922905037378
usb000rzmg|depth|all_depth,usb000rzmg,depth,all_depth,137,0.6766449546727241
usb000rzmg|depth|all_depth,usb000rzmg,depth,all_depth,138,0.7115571440279759
usb000rzmg|depth|all_depth,usb000rzmg,depth,all_depth,139,0.668374929882539
usb000rzmg|depth|all_depth,usb000rzmg,depth,all_depth,140,0.6937252250530559
usb000rzmg|depth|all_depth,usb000rzmg,depth,all_depth,141,0.6994415424201545
usb000rzmg|depth|all_depth,usb000rzmg,depth,all_depth,142,0.6092050678762386
usb000rzmg|depth|all_depth,usb000rzmg,depth,all_depth,143,0.5979207323118708
usb000rzmg|depth|all_depth,usb000rzmg,depth,all_depth,144,0.730354039812168
usb000rzmg|depth|all_depth,usb000rzmg,depth,all_depth,145,0.5543515569973794
usb000rzmg|depth|all_depth,usb000rzmg,depth,all_depth,146,0.734966235998939
usb000rzmg|depth|all_depth,usb000rzmg,depth,all_depth,147,0.8077363016815386
usb000rzmg|depth|all_depth,usb000rzmg,depth,all_depth,148,0.6679379510097847
usb000rzmg|depth|all_depth,usb000rzmg,depth,all_depth,149,0.5944172748526517
usb000rzmg|depth|all_depth,usb000rzmg,depth,all_depth,150,0.6640836983445633
usb000rzmg|depth|all_depth,usb000rzmg,depth,all_depth,151,0.6911156421994304
usb000rzmg|depth|all_depth,usb000rzmg,depth,all_depth,152,0.7747431533603019
usb000rzmg|depth|all_depth,usb000rzmg,depth,all_depth,153,0.5690865132449056
usb000rzmg|depth|all_depth,usb000rzmg,depth,all_depth,154,0.6871952074815119
usb000rzmg|depth|all_depth,usb000rzmg,depth,all_depth,155,0.6295623649270351
usb000rzmg|depth|all_depth,usb000rzmg,depth,all_depth,156,0.6516942742669324
usb000rzmg|depth|all_depth,usb000rzmg,depth,all_depth,157,0.6419006412566755
usb000rzmg|depth|all_depth,usb000rzmg,depth,all_depth,158,0.5751575087984077
usb000rzmg|depth|all_depth,usb000rzmg,depth,all_depth,159,0.642403139789945
usb000rzmg|depth|all_depth,usb000rzmg,depth,all_depth,160,0.5489562794326815
usb000rzmg|depth|all_depth,usb000rzmg,depth,all_depth,161,0.6346925417887895
usb000rzmg|depth|all_depth,usb000rzmg,depth,all_depth,162,0.7343522785643374
usb000rzmg|depth|all_depth,usb000rzmg,depth,all_depth,163,0.7467583515840144
usb000rzmg|depth|all_depth,usb000rzmg,depth,all_depth,164,0.683522805122468
usb000rzmg|depth|all_depth,usb000rzmg,depth,all_depth,165,0.6131890659946236
usb000rzmg|depth|all_depth,usb000rzmg,depth,all_depth,166,0.6265753421967601
usb000rzmg|depth|all_depth,usb000rzmg,depth,all_depth,167,0.5559995388808573
usb000rzmg|depth|all_depth,usb000rzmg,depth,all_depth,168,0.6531208371440141
usb000rzmg|depth|all_depth,usb000rzmg,depth,all_depth,169,0.648808175285448
usb000rzmg|depth|all_depth,usb000rzmg,depth,all_depth,170,0.7136097026941504
usb000rzmg|depth|all_depth,usb000rzmg,depth,all_depth,171,0.6845229004545075
usb000rzmg|depth|all_depth,usb000rzmg,depth,all_depth,172,0.780050282147429
usb000rzmg|depth|all_depth,usb000rzmg,depth,all_depth,173,0.7485968044682967
usb000rzmg|depth|all_depth,usb000rzmg,depth,all_depth,174,0.6959288192254645
usb000rzmg|depth|all_depth,usb000rzmg,depth,all_depth,175,0.7863711100953228
usb000rzmg|depth|all_depth,usb000rzmg,depth,all_depth,176,0.7259143926108529
usb000rzmg|depth|all_depth,usb000rzmg,depth,all_depth,177,0.6825513992593075
usb000rzmg|depth|all_depth,usb000rzmg,depth,all_depth,178,0.6262029864758434
usb000rzmg|depth|all_depth,usb000rzmg,depth,all_depth,179,0.5543527035418494
usb000rzmg|depth|all_depth,usb000rzmg,depth,all_depth,180,0.6907801453259768
usb000rzmg|depth|all_depth,usb000rzmg,depth,all_depth,181,1.0019221839823393
usb000rzmg|depth|all_depth,usb000rzmg,depth,all_depth,182,0.7031418573733045
usb000rzmg|depth|all_depth,usb000rzmg,depth,all_depth,183,0.8038138769599111
usb000rzmg|depth|all_depth,usb000rzmg,depth,all_depth,184,0.6115466426299849
usb000rzmg|depth|all_depth,usb000rzmg,depth,all_depth,185,0.5796832622498993
usb000rzmg|depth|all_depth,usb000rzmg,depth,all_depth,186,0.6540343591758961
usb000rzmg|depth|all_depth,usb000rzmg,depth,all_depth,187,0.5302225486124484
usb000rzmg|depth|all_depth,usb000rzmg,depth,all_depth,188,0.4245270420744339
usb000rzmg|depth|all_depth,usb000rzmg,depth,all_depth,189,0.7062791001236146
usb000rzmg|depth|all_depth,usb000rzmg,depth,all_depth,190,0.663849298060228
usb000rzmg|depth|all_depth,usb000rzmg,depth,all_depth,191,0.8272802301174321
usb000rzmg|depth|all_depth,usb000rzmg,depth,all_depth,192,0.7581960733855375
usb000rzmg|depth|all_depth,usb000rzmg,depth,all_depth,193,0.5442161873871451
usb000rzmg|depth|all_depth,usb000rzmg,depth,all_depth,194,0.7204856873134141
usb000rzmg|depth|all_depth,usb000rzmg,depth,all_depth,195,0.69288810679201
usb000rzmg|depth|all_depth,usb000rzmg,depth,all_depth,196,0.7286497367094326
usb000rzmg|depth|all_depth,usb000rzmg,depth,all_depth,197,0.6340493220863044
usb000rzmg|depth|all_depth,usb000rzmg,depth,all_depth,198,0.7093924720615475
usb000rzmg|depth|all_depth,usb000rzmg,depth,all_depth,199,0.6734272086695474
usb000rzmg|region|East_of_ms,usb000rzmg,region,East_of_ms,0,0.7144892734441709
usb000rzmg|region|East_of_ms,usb000rzmg,region,East_of_ms,1,0.6660461820014383
usb000rzmg|region|East_of_ms,usb000rzmg,region,East_of_ms,2,0.4664402974287963
usb000rzmg|region|East_of_ms,usb000rzmg,region,East_of_ms,3,0.7057817404199367
usb000rzmg|region|East_of_ms,usb000rzmg,region,East_of_ms,4,0.6217346855792706
usb000rzmg|region|East_of_ms,usb000rzmg,region,East_of_ms,5,0.788970347688269
usb000rzmg|region|East_of_ms,usb000rzmg,region,East_of_ms,6,0.7553675727518766
usb000rzmg|region|East_of_ms,usb000rzmg,region,East_of_ms,7,0.5784558707644147
usb000rzmg|region|East_of_ms,usb000rzmg,region,East_of_ms,8,0.5814127073645939
usb000rzmg|region|East_of_ms,usb000rzmg,region,East_of_ms,9,0.8062424481097474
usb000rzmg|region|East_of_ms,usb000rzmg,region,East_of_ms,10,0.6414262376365203
usb000rzmg|region|East_of_ms,usb000rzmg,region,East_of_ms,11,0.6523213614804098
usb000rzmg|region|East_of_ms,usb000rzmg,region,East_of_ms,12,0.8167486285370519
usb000rzmg|region|East_of_ms,usb000rzmg,region,East_of_ms,13,0.6320641076013435
usb000rzmg|region|East_of_ms,usb000rzmg,region,East_of_ms,14,0.6004868424110118
usb000rzmg|region|East_of_ms,usb000rzmg,region,East_of_ms,15,0.6408050564672925
usb000rzmg|region|East_of_ms,usb000rzmg,region,East_of_ms,16,0.7050599569593613
usb000rzmg|region|East_of_ms,usb000rzmg,region,East_of_ms,17,0.6893101671090399
usb000rzmg|region|East_of_ms,usb000rzmg,region,East_of_ms,18,0.6560040564484944
usb000rzmg|region|East_of_ms,usb000rzmg,region,East_of_ms,19,0.5564095764398858
usb000rzmg|region|East_of_ms,usb000rzmg,region,East_of_ms,20,0.6564016335464483
usb000rzmg|region|East_of_ms,usb000rzmg,region,East_of_ms,21,0.708855634272847
usb000rzmg|region|East_of_ms,usb000rzmg,region,East_of_ms,22,0.6740699822439976
usb000rzmg|region|East_of_ms,usb000rzmg,region,East_of_ms,23,0.634474644462616
usb000rzmg|region|East_of_ms,usb000rzmg,region,East_of_ms,24,0.7257174147081388
usb000rzmg|region|East_of_ms,usb000rzmg,region,East_of_ms,25,0.666644367150686
usb000rzmg|region|East_of_ms,usb000rzmg,region,East_of_ms,26,0.7203367417218107
usb000rzmg|region|East_of_ms,usb000rzmg,region,East_of_ms,27,0.6802855876155417
usb000rzmg|region|East_of_ms,usb000rzmg,region,East_of_ms,28,0.7880499320069413
usb000rzmg|region|East_of_ms,usb000rzmg,region,East_of_ms,29,0.641710476696837
usb000rzmg|region|East_of_ms,usb000rzmg,region,East_of_ms,30,0.7156045207421794
usb000rzmg|region|East_of_ms,usb000rzmg,region,East_of_ms,31,0.554952870403159
usb000rzmg|region|East_of_ms,usb000rzmg,region,East_of_ms,32,0.7197152926145595
usb000rzmg|region|East_of_ms,usb000rzmg,region,East_of_ms,33,0.6276050918682362
usb000rzmg|region|East_of_ms,usb000rzmg,region,East_of_ms,34,0.6434485691885263
usb000rzmg|region|East_of_ms,usb000rzmg,region,East_of_ms,35,0.5862203870197306
usb000rzmg|region|East_of_ms,usb000rzmg,region,East_of_ms,36,0.8369490081643934
usb000rzmg|region|East_of_ms,usb000rzmg,region,East_of_ms,37,0.6973217593957215
usb000rzmg|region|East_of_ms,usb000rzmg,region,East_of_ms,38,0.8393130190783523
usb000rzmg|region|East_of_ms,usb000rzmg,region,East_of_ms,39,0.5603700438218345
usb000rzmg|region|East_of_ms,usb000rzmg,region,East_of_ms,40,0.6659406404659692
usb000rzmg|region|East_of_ms,usb000rzmg,region,East_of_ms,41,0.6345085572608052
usb000rzmg|region|East_of_ms,usb000rzmg,region,East_of_ms,42,0.7011350401059149
usb000rzmg|region|East_of_ms,usb000rzmg,region,East_of_ms,43,0.8091484645871289
usb000rzmg|region|East_of_ms,usb000rzmg,region,East_of_ms,44,0.7441539572251645
usb000rzmg|region|East_of_ms,usb000rzmg,region,East_of_ms,45,0.7632265663378763
usb000rzmg|region|East_of_ms,usb000rzmg,region,East_of_ms,46,0.7998388814099776
usb000rzmg|region|East_of_ms,usb000rzmg,region,East_of_ms,47,0.6153225387165512
usb000rzmg|region|East_of_ms,usb000rzmg,region,East_of_ms,48,0.6620985006728662
usb000rzmg|region|East_of_ms,usb000rzmg,region,East_of_ms,49,0.6222313395599485
usb000rzmg|region|East_of_ms,usb000rzmg,region,East_of_ms,50,0.7497065915918716
usb000rzmg|region|East_of_ms,usb000rzmg,region,East_of_ms,51,0.7618706404209304
usb000rzmg|region|East_of_ms,usb000rzmg,region,East_of_ms,52,0.5501934093274382
usb000rzmg|region|East_of_ms,usb000rzmg,region,East_of_ms,53,0.8900972538314209
usb000rzmg|region|East_of_ms,usb000rzmg,region,East_of_ms,54,0.7218025901133653
usb000rzmg|region|East_of_ms,usb000rzmg,region,East_of_ms,55,0.7402691413590604
usb000rzmg|region|East_of_ms,usb000rzmg,region,East_of_ms,56,0.5817043161576575
usb000rzmg|region|East_of_ms,usb000rzmg,region,East_of_ms,57,0.5878175615838142
usb000rzmg|region|East_of_ms,usb000rzmg,region,East_of_ms,58,0.7023663099250285
usb000rzmg|region|East_of_ms,usb000rzmg,region,East_of_ms,59,0.6206608731385698
usb000rzmg|region|East_of_ms,usb000rzmg,region,East_of_ms,60,0.68685229776907
usb000rzmg|region|East_of_ms,usb000rzmg,region,East_of_ms,61,0.44489133555589755
usb000rzmg|region|East_of_ms,usb000rzmg,region,East_of_ms,62,0.5592713559526601
usb000rzmg|region|East_of_ms,usb000rzmg,region,East_of_ms,63,0.5558080956421884
usb000rzmg|region|East_of_ms,usb000rzmg,region,East_of_ms,64,0.6990313902974291
usb000rzmg|region|East_of_ms,usb000rzmg,region,East_of_ms,65,0.7858327756128779
usb000rzmg|region|East_of_ms,usb000rzmg,region,East_of_ms,66,0.6355801724919957
usb000rzmg|region|East_of_ms,usb000rzmg,region,East_of_ms,67,0.5039296162079194
usb000rzmg|region|East_of_ms,usb000rzmg,region,East_of_ms,68,0.6788269629959706
usb000rzmg|region|East_of_ms,usb000rzmg,region,East_of_ms,69,0.5890104563065952
usb000rzmg|region|East_of_ms,usb000rzmg,region,East_of_ms,70,0.6273291134461069
usb000rzmg|region|East_of_ms,usb000rzmg,region,East_of_ms,71,0.7401894580055567
usb000rzmg|region|East_of_ms,usb000rzmg,region,East_of_ms,72,0.648263642017343
usb000rzmg|region|East_of_ms,usb000rzmg,region,East_of_ms,73,0.703421382004358
usb000rzmg|region|East_of_ms,usb000rzmg,region,East_of_ms,74,0.4734177463851655
usb000rzmg|region|East_of_ms,usb000rzmg,region,East_of_ms,75,0.7846059635174557
usb000rzmg|region|East_of_ms,usb000rzmg,region,East_of_ms,76,0.5568731715167444
usb000rzmg|region|East_of_ms,usb000rzmg,region,East_of_ms,77,0.7453196091100444
usb000rzmg|region|East_of_ms,usb000rzmg,region,East_of_ms,78,0.6256659813706744
usb000rzmg|region|East_of_ms,usb000rzmg,region,East_of_ms,79,0.5167402000542747
usb000rzmg|region|East_of_ms,usb000rzmg,region,East_of_ms,80,0.7674264697131024
usb000rzmg|region|East_of_ms,usb000rzmg,region,East_of_ms,81,0.5516513506196383
usb000rzmg|region|East_of_ms,usb000rzmg,region,East_of_ms,82,0.7418244028733314
usb000rzmg|region|East_of_ms,usb000rzmg,region,East_of_ms,83,0.5638500591055016
usb000rzmg|region|East_of_ms,usb000rzmg,region,East_of_ms,84,0.5821447539625771
usb000rzmg|region|East_of_ms,usb000rzmg,region,East_of_ms,85,0.6200306841437122
usb000rzmg|region|East_of_ms,usb000rzmg,region,East_of_ms,86,1.0723160487861205
usb000rzmg|region|East_of_ms,usb000rzmg,region,East_of_ms,87,0.7405613704791159
usb000rzmg|region|East_of_ms,usb000rzmg,region,East_of_ms,88,0.6582275373264531
usb000rzmg|region|East_of_ms,usb000rzmg,region,East_of_ms,89,0.8316864608374366
usb000rzmg|region|East_of_ms,usb000rzmg,region,East_of_ms,90,0.6696417467124743
usb000rzmg|region|East_of_ms,usb000rzmg,region,East_of_ms,91,0.6903720396239259
usb000rzmg|region|East_of_ms,usb000rzmg,region,East_of_ms,92,0.6221915818098531
usb000rzmg|region|East_of_ms,usb000rzmg,region,East_of_ms,93,0.5834027157900789
usb000rzmg|region|East_of_ms,usb000rzmg,region,East_of_ms,94,0.5884965631986604
usb000rzmg|region|East_of_ms,usb000rzmg,region,East_of_ms,95,0.49254072569044716
usb000rzmg|region|East_of_ms,usb000rzmg,region,East_of_ms,96,0.5444622685524648
usb000rzmg|region|East_of_ms,usb000rzmg,region,East_of_ms,97,0.5912246337668197
usb000rzmg|region|East_of_ms,usb000rzmg,region,East_of_ms,98,0.47784594913682193
usb000rzmg|region|East_of_ms,usb000rzmg,region,East_of_ms,99,0.6276375887546615
usb000rzmg|region|East_of_ms,usb000rzmg,region,East_of_ms,100,0.7257194644055607
usb000rzmg|region|East_of_ms,usb000rzmg,region,East_of_ms,101,0.7381970523367734
usb000rzmg|region|East_of_ms,usb000rzmg,region,East_of_ms,102,0.5259054926260862
usb000rzmg|region|East_of_ms,usb000rzmg,region,East_of_ms,103,0.4717804141824357
usb000rzmg|region|East_of_ms,usb000rzmg,region,East_of_ms,104,0.7711201227188356
usb000rzmg|region|East_of_ms,usb000rzmg,region,East_of_ms,105,0.5795991519022352
usb000rzmg|region|East_of_ms,usb000rzmg,region,East_of_ms,106,0.708057846657711
usb000rzmg|region|East_of_ms,usb000rzmg,region,East_of_ms,107,0.7462423151050347
usb000rzmg|region|East_of_ms,usb000rzmg,region,East_of_ms,108,0.6974130828106152
usb000rzmg|region|East_of_ms,usb000rzmg,region,East_of_ms,109,0.698925771958201
usb000rzmg|region|East_of_ms,usb000rzmg,region,East_of_ms,110,0.7103903272239384
usb000rzmg|region|East_of_ms,usb000rzmg,region,East_of_ms,111,0.6645863428784332
usb000rzmg|region|East_of_ms,usb000rzmg,region,East_of_ms,112,0.6596882752763682
usb000rzmg|region|East_of_ms,usb000rzmg,region,East_of_ms,113,0.6786788447434685
usb000rzmg|region|East_of_ms,usb000rzmg,region,East_of_ms,114,0.7768142004141775
usb000rzmg|region|East_of_ms,usb000rzmg,region,East_of_ms,115,0.7321793641348097
usb000rzmg|region|East_of_ms,usb000rzmg,region,East_of_ms,116,0.8104502320444151
usb000rzmg|region|East_of_ms,usb000rzmg,region,East_of_ms,117,0.7771790392319916
usb000rzmg|region|East_of_ms,usb000rzmg,region,East_of_ms,118,0.7097134557713308
usb000rzmg|region|East_of_ms,usb000rzmg,region,East_of_ms,119,0.7041995742811882
usb000rzmg|region|East_of_ms,usb000rzmg,region,East_of_ms,120,0.7170830430561327
usb000rzmg|region|East_of_ms,usb000rzmg,region,East_of_ms,121,0.6392039236945675
usb000rzmg|region|East_of_ms,usb000rzmg,region,East_of_ms,122,0.5851496582693867
usb000rzmg|region|East_of_ms,usb000rzmg,region,East_of_ms,123,0.567479458743091
usb000rzmg|region|East_of_ms,usb000rzmg,region,East_of_ms,124,0.6708375511129636
usb000rzmg|region|East_of_ms,usb000rzmg,region,East_of_ms,125,0.5850006256671982
usb000rzmg|region|East_of_ms,usb000rzmg,region,East_of_ms,126,0.449248266328436
usb000rzmg|region|East_of_ms,usb000rzmg,region,East_of_ms,127,0.7637340997300598
usb000rzmg|region|East_of_ms,usb000rzmg,region,East_of_ms,128,0.7057015403053037
usb000rzmg|region|East_of_ms,usb000rzmg,region,East_of_ms,129,0.6638594575117519
usb000rzmg|region|East_of_ms,usb000rzmg,region,East_of_ms,130,0.8027701260688515
usb000rzmg|region|East_of_ms,usb000rzmg,region,East_of_ms,131,0.5999105345617092
usb000rzmg|region|East_of_ms,usb000rzmg,region,East_of_ms,132,0.6158744936168425
usb000rzmg|region|East_of_ms,usb000rzmg,region,East_of_ms,133,0.6996740087770994
usb000rzmg|region|East_of_ms,usb000rzmg,region,East_of_ms,134,0.6104429782784317
usb000rzmg|region|East_of_ms,usb000rzmg,region,East_of_ms,135,0.5826895969993513
usb000rzmg|region|East_of_ms,usb000rzmg,region,East_of_ms,136,0.6069096256602303
usb000rzmg|region|East_of_ms,usb000rzmg,region,East_of_ms,137,0.7317693595244382
usb000rzmg|region|East_of_ms,usb000rzmg,region,East_of_ms,138,0.642233620774856
usb000rzmg|region|East_of_ms,usb000rzmg,region,East_of_ms,139,0.6610379147236702
usb000rzmg|region|East_of_ms,usb000rzmg,region,East_of_ms,140,0.7029662729122399
usb000rzmg|region|East_of_ms,usb000rzmg,region,East_of_ms,141,0.7290284880906212
usb000rzmg|region|East_of_ms,usb000rzmg,region,East_of_ms,142,0.6499016489176401
usb000rzmg|region|East_of_ms,usb000rzmg,region,East_of_ms,143,0.690737973844435
usb000rzmg|region|East_of_ms,usb000rzmg,region,East_of_ms,144,0.690503746579645
usb000rzmg|region|East_of_ms,usb000rzmg,region,East_of_ms,145,0.6041976574794355
usb000rzmg|region|East_of_ms,usb000rzmg,region,East_of_ms,146,0.6269664602763831
usb000rzmg|region|East_of_ms,usb000rzmg,region,East_of_ms,147,0.6798164705252725
usb000rzmg|region|East_of_ms,usb000rzmg,region,East_of_ms,148,0.5525995258949715
usb000rzmg|region|East_of_ms,usb000rzmg,region,East_of_ms,149,0.6192307403053395
usb000rzmg|region|East_of_ms,usb000rzmg,region,East_of_ms,150,0.747295565728206
usb000rzmg|region|East_of_ms,usb000rzmg,region,East_of_ms,151,0.515831929135062
usb000rzmg|region|East_of_ms,usb000rzmg,region,East_of_ms,152,0.7646064166986111
usb000rzmg|region|East_of_ms,usb000rzmg,region,East_of_ms,153,0.7670333784999035
usb000rzmg|region|East_of_ms,usb000rzmg,region,East_of_ms,154,0.6069869416135143
usb000rzmg|region|East_of_ms,usb000rzmg,region,East_of_ms,155,0.6766868225613869
usb000rzmg|region|East_of_ms,usb000rzmg,region,East_of_ms,156,0.5995758124475442
usb000rzmg|region|East_of_ms,usb000rzmg,region,East_of_ms,157,0.7321831170071318
usb000rzmg|region|East_of_ms,usb000rzmg,region,East_of_ms,158,0.6529436017162527
usb000rzmg|region|East_of_ms,usb000rzmg,region,East_of_ms,159,0.7320963594684109
usb000rzmg|region|East_of_ms,usb000rzmg,region,East_of_ms,160,0.740568647047394
usb000rzmg|region|East_of_ms,usb000rzmg,region,East_of_ms,161,0.7096331465820869
usb000rzmg|region|East_of_ms,usb000rzmg,region,East_of_ms,162,0.5033580399444663
usb000rzmg|region|East_of_ms,usb000rzmg,region,East_of_ms,163,0.7265112303408947
usb000rzmg|region|East_of_ms,usb000rzmg,region,East_of_ms,164,0.8183326610431552
usb000rzmg|region|East_of_ms,usb000rzmg,region,East_of_ms,165,0.7366435823160116
usb000rzmg|region|East_of_ms,usb000rzmg,region,East_of_ms,166,0.6462919937129973
usb000rzmg|region|East_of_ms,usb000rzmg,region,East_of_ms,167,0.6073295683486354
usb000rzmg|region|East_of_ms,usb000rzmg,region,East_of_ms,168,0.806339043721177
usb000rzmg|region|East_of_ms,usb000rzmg,region,East_of_ms,169,0.48835096187858074
usb000rzmg|region|East_of_ms,usb000rzmg,region,East_of_ms,170,0.645093778266495
usb000rzmg|region|East_of_ms,usb000rzmg,region,East_of_ms,171,0.7145897463165736
usb000rzmg|region|East_of_ms,usb000rzmg,region,East_of_ms,172,0.7094631813428045
usb000rzmg|region|East_of_ms,usb000rzmg,region,East_of_ms,173,0.706508706634043
usb000rzmg|region|East_of_ms,usb000rzmg,region,East_of_ms,174,0.6891688889554033
usb000rzmg|region|East_of_ms,usb000rzmg,region,East_of_ms,175,0.6361732510375141
usb000rzmg|region|East_of_ms,usb000rzmg,region,East_of_ms,176,0.7177937220456272
usb000rzmg|region|East_of_ms,usb000rzmg,region,East_of_ms,177,0.5374529393346653
usb000rzmg|region|East_of_ms,usb000rzmg,region,East_of_ms,178,0.7920528243852644
usb000rzmg|region|East_of_ms,usb000rzmg,region,East_of_ms,179,0.6516232674239405
usb000rzmg|region|East_of_ms,usb000rzmg,region,East_of_ms,180,0.5957374348828396
usb000rzmg|region|East_of_ms,usb000rzmg,region,East_of_ms,181,0.7093325794315983
usb000rzmg|region|East_of_ms,usb000rzmg,region,East_of_ms,182,0.6359290616270604
usb000rzmg|region|East_of_ms,usb000rzmg,region,East_of_ms,183,0.5914881643563695
usb000rzmg|region|East_of_ms,usb000rzmg,region,East_of_ms,184,0.5795055483256971
usb000rzmg|region|East_of_ms,usb000rzmg,region,East_of_ms,185,0.6014782727693684
usb000rzmg|region|East_of_ms,usb000rzmg,region,East_of_ms,186,0.578240276046658
usb000rzmg|region|East_of_ms,usb000rzmg,region,East_of_ms,187,0.6951146368151723
usb000rzmg|region|East_of_ms,usb000rzmg,region,East_of_ms,188,0.6102609916830961
usb000rzmg|region|East_of_ms,usb000rzmg,region,East_of_ms,189,0.6607526740647689
usb000rzmg|region|East_of_ms,usb000rzmg,region,East_of_ms,190,0.7695041456202608
usb000rzmg|region|East_of_ms,usb000rzmg,region,East_of_ms,191,0.4596837056904529
usb000rzmg|region|East_of_ms,usb000rzmg,region,East_of_ms,192,0.5249934953216249
usb000rzmg|region|East_of_ms,usb000rzmg,region,East_of_ms,193,0.45564296286645534
usb000rzmg|region|East_of_ms,usb000rzmg,region,East_of_ms,194,0.5755173888806444
usb000rzmg|region|East_of_ms,usb000rzmg,region,East_of_ms,195,0.593629575714427
usb000rzmg|region|East_of_ms,usb000rzmg,region,East_of_ms,196,0.7082884319870444
usb000rzmg|region|East_of_ms,usb000rzmg,region,East_of_ms,197,0.6704412404786415
usb000rzmg|region|East_of_ms,usb000rzmg,region,East_of_ms,198,0.7242608023919331
usb000rzmg|region|East_of_ms,usb000rzmg,region,East_of_ms,199,0.5140286549736517
usb000rzmg|region|North_of_ms,usb000rzmg,region,North_of_ms,0,0.41524809418159575
usb000rzmg|region|North_of_ms,usb000rzmg,region,North_of_ms,1,0.39326160624093526
usb000rzmg|region|North_of_ms,usb000rzmg,region,North_of_ms,2,0.3133656917497868
usb000rzmg|region|North_of_ms,usb000rzmg,region,North_of_ms,3,0.6549483308028372
usb000rzmg|region|North_of_ms,usb000rzmg,region,North_of_ms,4,0.6026903219410833
usb000rzmg|region|North_of_ms,usb000rzmg,region,North_of_ms,5,0.34254501257129644
usb000rzmg|region|North_of_ms,usb000rzmg,region,North_of_ms,6,0.39495828253554677
usb000rzmg|region|North_of_ms,usb000rzmg,region,North_of_ms,7,0.5986093277376175
usb000rzmg|region|North_of_ms,usb000rzmg,region,North_of_ms,8,0.6342244091213551
usb000rzmg|region|North_of_ms,usb000rzmg,region,North_of_ms,9,0.3002767013474811
usb000rzmg|region|North_of_ms,usb000rzmg,region,North_of_ms,10,0.5255900327284568
usb000rzmg|region|North_of_ms,usb000rzmg,region,North_of_ms,11,0.49435482353931054
usb000rzmg|region|North_of_ms,usb000rzmg,region,North_of_ms,12,0.3259053000867885
usb000rzmg|region|North_of_ms,usb000rzmg,region,North_of_ms,13,0.5589770923427333
usb000rzmg|region|North_of_ms,usb000rzmg,region,North_of_ms,14,0.491471151522664
usb000rzmg|region|North_of_ms,usb000rzmg,region,North_of_ms,15,0.47885665704058106
usb000rzmg|region|North_of_ms,usb000rzmg,region,North_of_ms,16,0.5805536362522329
usb000rzmg|region|North_of_ms,usb000rzmg,region,North_of_ms,17,0.2112745280743468
usb000rzmg|region|North_of_ms,usb000rzmg,region,North_of_ms,18,0.44343195419263237
usb000rzmg|region|North_of_ms,usb000rzmg,region,North_of_ms,19,0.4539603236548119
usb000rzmg|region|North_of_ms,usb000rzmg,region,North_of_ms,20,0.4516325599909494
usb000rzmg|region|North_of_ms,usb000rzmg,region,North_of_ms,21,0.5033754910351294
usb000rzmg|region|North_of_ms,usb000rzmg,region,North_of_ms,22,0.30367276761724493
usb000rzmg|region|North_of_ms,usb000rzmg,region,North_of_ms,23,0.37674685698971816
usb000rzmg|region|North_of_ms,usb000rzmg,region,North_of_ms,24,0.5192232619787326
usb000rzmg|region|North_of_ms,usb000rzmg,region,North_of_ms,25,0.6734643992338984
usb000rzmg|region|North_of_ms,usb000rzmg,region,North_of_ms,26,0.4385426940040533
usb000rzmg|region|North_of_ms,usb000rzmg,region,North_of_ms,27,0.3989506452598387
usb000rzmg|region|North_of_ms,usb000rzmg,region,North_of_ms,28,0.7750274756139262
usb000rzmg|region|North_of_ms,usb000rzmg,region,North_of_ms,29,0.3521934801127825
usb000rzmg|region|North_of_ms,usb000rzmg,region,North_of_ms,30,0.4043343174056556
usb000rzmg|region|North_of_ms,usb000rzmg,region,North_of_ms,31,0.27411787862006315
usb000rzmg|region|North_of_ms,usb000rzmg,region,North_of_ms,32,0.9530717067259327
usb000rzmg|region|North_of_ms,usb000rzmg,region,North_of_ms,33,0.3310634402258839
usb000rzmg|region|North_of_ms,usb000rzmg,region,North_of_ms,34,0.2982500355414248
usb000rzmg|region|North_of_ms,usb000rzmg,region,North_of_ms,35,0.4774625182200921
usb000rzmg|region|North_of_ms,usb000rzmg,region,North_of_ms,36,0.6134423980436459
usb000rzmg|region|North_of_ms,usb000rzmg,region,North_of_ms,37,0.3037244899742494
usb000rzmg|region|North_of_ms,usb000rzmg,region,North_of_ms,38,0.2
usb000rzmg|region|North_of_ms,usb000rzmg,region,North_of_ms,39,0.2872959287271183
usb000rzmg|region|North_of_ms,usb000rzmg,region,North_of_ms,40,0.3299083565822262
usb000rzmg|region|North_of_ms,usb000rzmg,region,North_of_ms,41,0.6959380454564669
usb000rzmg|region|North_of_ms,usb000rzmg,region,North_of_ms,42,0.5160970981927065
usb000rzmg|region|North_of_ms,usb000rzmg,region,North_of_ms,43,0.4628193748929045
usb000rzmg|region|North_of_ms,usb000rzmg,region,North_of_ms,44,0.2
usb000rzmg|region|North_of_ms,usb000rzmg,region,North_of_ms,45,0.6657156863288297
usb000rzmg|region|North_of_ms,usb000rzmg,region,North_of_ms,46,0.6170268406934836
usb000rzmg|region|North_of_ms,usb000rzmg,region,North_of_ms,47,0.4404406471959761
usb000rzmg|region|North_of_ms,usb000rzmg,region,North_of_ms,48,0.3215137901675945
usb000rzmg|region|North_of_ms,usb000rzmg,region,North_of_ms,49,0.32419685663284886
usb000rzmg|region|North_of_ms,usb000rzmg,region,North_of_ms,50,0.3371816885262172
usb000rzmg|region|North_of_ms,usb000rzmg,region,North_of_ms,51,0.4380776280074444
usb000rzmg|region|North_of_ms,usb000rzmg,region,North_of_ms,52,0.44715724082834235
usb000rzmg|region|North_of_ms,usb000rzmg,region,North_of_ms,53,0.3955116629936125
usb000rzmg|region|North_of_ms,usb000rzmg,region,North_of_ms,54,0.5558315344354932
usb000rzmg|region|North_of_ms,usb000rzmg,region,North_of_ms,55,0.6570777808158369
usb000rzmg|region|North_of_ms,usb000rzmg,region,North_of_ms,56,0.3622749369360181
usb000rzmg|region|North_of_ms,usb000rzmg,region,North_of_ms,57,0.2738847385935356
usb000rzmg|region|North_of_ms,usb000rzmg,region,North_of_ms,58,0.4648353930588911
usb000rzmg|region|North_of_ms,usb000rzmg,region,North_of_ms,59,0.20925950621598577
usb000rzmg|region|North_of_ms,usb000rzmg,region,North_of_ms,60,0.2
usb000rzmg|region|North_of_ms,usb000rzmg,region,North_of_ms,61,0.4962597498607569
usb000rzmg|region|North_of_ms,usb000rzmg,region,North_of_ms,62,0.37436042209234194
usb000rzmg|region|North_of_ms,usb000rzmg,region,North_of_ms,63,0.6493456616808521
usb000rzmg|region|North_of_ms,usb000rzmg,region,North_of_ms,64,0.6219777448845774
usb000rzmg|region|North_of_ms,usb000rzmg,region,North_of_ms,65,0.4354747153679092
usb000rzmg|region|North_of_ms,usb000rzmg,region,North_of_ms,66,0.5128382722496714
usb000rzmg|region|North_of_ms,usb000rzmg,region,North_of_ms,67,0.37985495987205853
usb000rzmg|region|North_of_ms,usb000rzmg,region,North_of_ms,68,0.6070422884887551
usb000rzmg|region|North_of_ms,usb000rzmg,region,North_of_ms,69,0.9212365568179612
usb000rzmg|region|North_of_ms,usb000rzmg,region,North_of_ms,70,0.6342373597043497
usb000rzmg|region|North_of_ms,usb000rzmg,region,North_of_ms,71,0.6347067939705902
usb000rzmg|region|North_of_ms,usb000rzmg,region,North_of_ms,72,0.6659056917573422
usb000rzmg|region|North_of_ms,usb000rzmg,region,North_of_ms,73,0.6583810160858063
usb000rzmg|region|North_of_ms,usb000rzmg,region,North_of_ms,74,0.45655187062347913
usb000rzmg|region|North_of_ms,usb000rzmg,region,North_of_ms,75,0.6224293895213328
usb000rzmg|region|North_of_ms,usb000rzmg,region,North_of_ms,76,0.45044689390421755
usb000rzmg|region|North_of_ms,usb000rzmg,region,North_of_ms,77,0.33066473765254667
usb000rzmg|region|North_of_ms,usb000rzmg,region,North_of_ms,78,0.4332625282670275
usb000rzmg|region|North_of_ms,usb000rzmg,region,North_of_ms,79,0.4427802745830021
usb000rzmg|region|North_of_ms,usb000rzmg,region,North_of_ms,80,0.4825405304645939
usb000rzmg|region|North_of_ms,usb000rzmg,region,North_of_ms,81,0.3129793166589305
usb000rzmg|region|North_of_ms,usb000rzmg,region,North_of_ms,82,0.40766951982405664
usb000rzmg|region|North_of_ms,usb000rzmg,region,North_of_ms,83,0.7118774139088455
usb000rzmg|region|North_of_ms,usb000rzmg,region,North_of_ms,84,0.46720136714876925
usb000rzmg|region|North_of_ms,usb000rzmg,region,North_of_ms,85,0.40756691507594905
usb000rzmg|region|North_of_ms,usb000rzmg,region,North_of_ms,86,0.5090562787119176
usb000rzmg|region|North_of_ms,usb000rzmg,region,North_of_ms,87,0.6012996802193815
usb000rzmg|region|North_of_ms,usb000rzmg,region,North_of_ms,88,0.8365560291077596
usb000rzmg|region|North_of_ms,usb000rzmg,region,North_of_ms,89,0.48822327614595185
usb000rzmg|region|North_of_ms,usb000rzmg,region,North_of_ms,90,0.33178521158180685
usb000rzmg|region|North_of_ms,usb000rzmg,region,North_of_ms,91,0.48291583412625017
usb000rzmg|region|North_of_ms,usb000rzmg,region,North_of_ms,92,0.5316361437023139
usb000rzmg|region|North_of_ms,usb000rzmg,region,North_of_ms,93,0.2
usb000rzmg|region|North_of_ms,usb000rzmg,region,North_of_ms,94,0.7898178281101155
usb000rzmg|region|North_of_ms,usb000rzmg,region,North_of_ms,95,0.7115870459280538
usb000rzmg|region|North_of_ms,usb000rzmg,region,North_of_ms,96,0.7583123118095114
usb000rzmg|region|North_of_ms,usb000rzmg,region,North_of_ms,97,0.366647189329594
usb000rzmg|region|North_of_ms,usb000rzmg,region,North_of_ms,98,0.6606630325836758
usb000rzmg|region|North_of_ms,usb000rzmg,region,North_of_ms,99,0.8166189478908936
usb000rzmg|region|North_of_ms,usb000rzmg,region,North_of_ms,100,0.716276406089389
usb000rzmg|region|North_of_ms,usb000rzmg,region,North_of_ms,101,0.582508694455563
usb000rzmg|region|North_of_ms,usb000rzmg,region,North_of_ms,102,0.24292633600922894
usb000rzmg|region|North_of_ms,usb000rzmg,region,North_of_ms,103,0.49001590408604323
usb000rzmg|region|North_of_ms,usb000rzmg,region,North_of_ms,104,0.36618435511854847
usb000rzmg|region|North_of_ms,usb000rzmg,region,North_of_ms,105,0.48423715752135876
usb000rzmg|region|North_of_ms,usb000rzmg,region,North_of_ms,106,0.28699358007202863
usb000rzmg|region|North_of_ms,usb000rzmg,region,North_of_ms,107,0.6999425927036004
usb000rzmg|region|North_of_ms,usb000rzmg,region,North_of_ms,108,0.39673171473388047
usb000rzmg|region|North_of_ms,usb000rzmg,region,North_of_ms,109,0.4263337637460949
usb000rzmg|region|North_of_ms,usb000rzmg,region,North_of_ms,110,0.2
usb000rzmg|region|North_of_ms,usb000rzmg,region,North_of_ms,111,0.5823515278746636
usb000rzmg|region|North_of_ms,usb000rzmg,region,North_of_ms,112,0.6849793425933317
usb000rzmg|region|North_of_ms,usb000rzmg,region,North_of_ms,113,0.40744063394480007
usb000rzmg|region|North_of_ms,usb000rzmg,region,North_of_ms,114,0.6676497867883284
usb000rzmg|region|North_of_ms,usb000rzmg,region,North_of_ms,115,0.5250445430240444
usb000rzmg|region|North_of_ms,usb000rzmg,region,North_of_ms,116,0.3706168879614599
usb000rzmg|region|North_of_ms,usb000rzmg,region,North_of_ms,117,0.26085779257117714
usb000rzmg|region|North_of_ms,usb000rzmg,region,North_of_ms,118,0.4890356906308088
usb000rzmg|region|North_of_ms,usb000rzmg,region,North_of_ms,119,0.6807632877929861
usb000rzmg|region|North_of_ms,usb000rzmg,region,North_of_ms,120,0.303504705696157
usb000rzmg|region|North_of_ms,usb000rzmg,region,North_of_ms,121,0.28171769597588275
usb000rzmg|region|North_of_ms,usb000rzmg,region,North_of_ms,122,0.634991778717305
usb000rzmg|region|North_of_ms,usb000rzmg,region,North_of_ms,123,0.465085419737971
usb000rzmg|region|North_of_ms,usb000rzmg,region,North_of_ms,124,0.28673170857654084
usb000rzmg|region|North_of_ms,usb000rzmg,region,North_of_ms,125,0.38086846346062686
usb000rzmg|region|North_of_ms,usb000rzmg,region,North_of_ms,126,0.5524698462042638
usb000rzmg|region|North_of_ms,usb000rzmg,region,North_of_ms,127,0.5957673526903415
usb000rzmg|region|North_of_ms,usb000rzmg,region,North_of_ms,128,0.294323074599914
usb000rzmg|region|North_of_ms,usb000rzmg,region,North_of_ms,129,0.4212488332282037
usb000rzmg|region|North_of_ms,usb000rzmg,region,North_of_ms,130,0.4970042213232142
usb000rzmg|region|North_of_ms,usb000rzmg,region,North_of_ms,131,0.25084608711487605
usb000rzmg|region|North_of_ms,usb000rzmg,region,North_of_ms,132,0.5408735777561592
usb000rzmg|region|North_of_ms,usb000rzmg,region,North_of_ms,133,0.42666648018631476
usb000rzmg|region|North_of_ms,usb000rzmg,region,North_of_ms,134,0.8721178138955249
usb000rzmg|region|North_of_ms,usb000rzmg,region,North_of_ms,135,0.2903097011341157
usb000rzmg|region|North_of_ms,usb000rzmg,region,North_of_ms,136,0.40700940769962374
usb000rzmg|region|North_of_ms,usb000rzmg,region,North_of_ms,137,0.6024406305898331
usb000rzmg|region|North_of_ms,usb000rzmg,region,North_of_ms,138,0.5895867983268721
usb000rzmg|region|North_of_ms,usb000rzmg,region,North_of_ms,139,0.717858094566864
usb000rzmg|region|North_of_ms,usb000rzmg,region,North_of_ms,140,0.32502947194662585
usb000rzmg|region|North_of_ms,usb000rzmg,region,North_of_ms,141,0.2997365739881657
usb000rzmg|region|North_of_ms,usb000rzmg,region,North_of_ms,142,0.5756787177022189
usb000rzmg|region|North_of_ms,usb000rzmg,region,North_of_ms,143,0.4834658254553882
usb000rzmg|region|North_of_ms,usb000rzmg,region,North_of_ms,144,0.4785279235024162
usb000rzmg|region|North_of_ms,usb000rzmg,region,North_of_ms,145,0.39596350588448814
usb000rzmg|region|North_of_ms,usb000rzmg,region,North_of_ms,146,0.5692063631526719
usb000rzmg|region|North_of_ms,usb000rzmg,region,North_of_ms,147,0.4882469026011132
usb000rzmg|region|North_of_ms,usb000rzmg,region,North_of_ms,148,0.5093525607603481
usb000rzmg|region|North_of_ms,usb000rzmg,region,North_of_ms,149,0.5167145230453224
usb000rzmg|region|North_of_ms,usb000rzmg,region,North_of_ms,150,0.7671209373242164
usb000rzmg|region|North_of_ms,usb000rzmg,region,North_of_ms,151,0.4399739958085628
usb000rzmg|region|North_of_ms,usb000rzmg,region,North_of_ms,152,0.5715873950535522
usb000rzmg|region|North_of_ms,usb000rzmg,region,North_of_ms,153,0.6334993387457588
usb000rzmg|region|North_of_ms,usb000rzmg,region,North_of_ms,154,0.7510721548947257
usb000rzmg|region|North_of_ms,usb000rzmg,region,North_of_ms,155,0.4471390935797259
usb000rzmg|region|North_of_ms,usb000rzmg,region,North_of_ms,156,0.4463725298998103
usb000rzmg|region|North_of_ms,usb000rzmg,region,North_of_ms,157,0.8002799942936336
usb000rzmg|region|North_of_ms,usb000rzmg,region,North_of_ms,158,0.6487289843073047
usb000rzmg|region|North_of_ms,usb000rzmg,region,North_of_ms,159,0.46009371831726076
usb000rzmg|region|North_of_ms,usb000rzmg,region,North_of_ms,160,0.5913394069995099
usb000rzmg|region|North_of_ms,usb000rzmg,region,North_of_ms,161,0.4374045484382263
usb000rzmg|region|North_of_ms,usb000rzmg,region,North_of_ms,162,0.4707120855214064
usb000rzmg|region|North_of_ms,usb000rzmg,region,North_of_ms,163,0.5495951413484249
usb000rzmg|region|North_of_ms,usb000rzmg,region,North_of_ms,164,0.38788511122970426
usb000rzmg|region|North_of_ms,usb000rzmg,region,North_of_ms,165,0.8102730905913549
usb000rzmg|region|North_of_ms,usb000rzmg,region,North_of_ms,166,0.835524524452815
usb000rzmg|region|North_of_ms,usb000rzmg,region,North_of_ms,167,0.25300945730426877
usb000rzmg|region|North_of_ms,usb000rzmg,region,North_of_ms,168,0.6927966235284824
usb000rzmg|region|North_of_ms,usb000rzmg,region,North_of_ms,169,0.6001251531090004
usb000rzmg|region|North_of_ms,usb000rzmg,region,North_of_ms,170,0.6128469522950014
usb000rzmg|region|North_of_ms,usb000rzmg,region,North_of_ms,171,0.5814467334499547
usb000rzmg|region|North_of_ms,usb000rzmg,region,North_of_ms,172,0.40093851241837186
usb000rzmg|region|North_of_ms,usb000rzmg,region,North_of_ms,173,0.43076206880657236
usb000rzmg|region|North_of_ms,usb000rzmg,region,North_of_ms,174,0.34776903556756333
usb000rzmg|region|North_of_ms,usb000rzmg,region,North_of_ms,175,0.5029206921621269
usb000rzmg|region|North_of_ms,usb000rzmg,region,North_of_ms,176,0.5941491181598817
usb000rzmg|region|North_of_ms,usb000rzmg,region,North_of_ms,177,0.6162761021648728
usb000rzmg|region|North_of_ms,usb000rzmg,region,North_of_ms,178,0.4515226489965721
usb000rzmg|region|North_of_ms,usb000rzmg,region,North_of_ms,179,0.2838935034831923
usb000rzmg|region|North_of_ms,usb000rzmg,region,North_of_ms,180,0.4718088741662191
usb000rzmg|region|North_of_ms,usb000rzmg,region,North_of_ms,181,0.7178509445148435
usb000rzmg|region|North_of_ms,usb000rzmg,region,North_of_ms,182,0.48163908146250806
usb000rzmg|region|North_of_ms,usb000rzmg,region,North_of_ms,183,0.43995594151916506
usb000rzmg|region|North_of_ms,usb000rzmg,region,North_of_ms,184,0.27823699023813225
usb000rzmg|region|North_of_ms,usb000rzmg,region,North_of_ms,185,0.49953421409035986
usb000rzmg|region|North_of_ms,usb000rzmg,region,North_of_ms,186,0.5011744657419368
usb000rzmg|region|North_of_ms,usb000rzmg,region,North_of_ms,187,0.43120295771526784
usb000rzmg|region|North_of_ms,usb000rzmg,region,North_of_ms,188,0.3324964252328177
usb000rzmg|region|North_of_ms,usb000rzmg,region,North_of_ms,189,0.598773578055416
usb000rzmg|region|North_of_ms,usb000rzmg,region,North_of_ms,190,0.324000488908439
usb000rzmg|region|North_of_ms,usb000rzmg,region,North_of_ms,191,0.3011779744672283
usb000rzmg|region|North_of_ms,usb000rzmg,region,North_of_ms,192,0.4576906997722611
usb000rzmg|region|North_of_ms,usb000rzmg,region,North_of_ms,193,0.35112141991438867
usb000rzmg|region|North_of_ms,usb000rzmg,region,North_of_ms,194,0.49529447996435133
usb000rzmg|region|North_of_ms,usb000rzmg,region,North_of_ms,195,0.25374097596622486
usb000rzmg|region|North_of_ms,usb000rzmg,region,North_of_ms,196,0.5780991007242138
usb000rzmg|region|North_of_ms,usb000rzmg,region,North_of_ms,197,0.3991159829865266
usb000rzmg|region|North_of_ms,usb000rzmg,region,North_of_ms,198,0.31383223004973165
usb000rzmg|region|North_of_ms,usb000rzmg,region,North_of_ms,199,0.5327614526348817
usb000rzmg|ring|0-150km,usb000rzmg,ring,0-150km,0,0.9479964573923778
usb000rzmg|ring|0-150km,usb000rzmg,ring,0-150km,1,0.8965308579564993
usb000rzmg|ring|0-150km,usb000rzmg,ring,0-150km,2,0.9366675681123223
usb000rzmg|ring|0-150km,usb000rzmg,ring,0-150km,3,0.9694278005565025
usb000rzmg|ring|0-150km,usb000rzmg,ring,0-150km,4,0.8905044375648512
usb000rzmg|ring|0-150km,usb000rzmg,ring,0-150km,5,1.034556526308001
usb000rzmg|ring|0-150km,usb000rzmg,ring,0-150km,6,1.0039049081716733
usb000rzmg|ring|0-150km,usb000rzmg,ring,0-150km,7,1.0845963559145921
usb000rzmg|ring|0-150km,usb000rzmg,ring,0-150km,8,0.9623153867512503
usb000rzmg|ring|0-150km,usb000rzmg,ring,0-150km,9,0.9575255857840098
usb000rzmg|ring|0-150km,usb000rzmg,ring,0-150km,10,0.7285271873900856
usb000rzmg|ring|0-150km,usb000rzmg,ring,0-150km,11,0.8759489752420537
usb000rzmg|ring|0-150km,usb000rzmg,ring,0-150km,12,1.0516483426179046
usb000rzmg|ring|0-150km,usb000rzmg,ring,0-150km,13,0.8522109677303966
usb000rzmg|ring|0-150km,usb000rzmg,ring,0-150km,14,0.8733176579651686
usb000rzmg|ring|0-150km,usb000rzmg,ring,0-150km,15,0.9583342185762165
usb000rzmg|ring|0-150km,usb000rzmg,ring,0-150km,16,0.9671810181604927
usb000rzmg|ring|0-150km,usb000rzmg,ring,0-150km,17,0.8434772211245352
usb000rzmg|ring|0-150km,usb000rzmg,ring,0-150km,18,0.938400016686955
usb000rzmg|ring|0-150km,usb000rzmg,ring,0-150km,19,0.8819516928559932
usb000rzmg|ring|0-150km,usb000rzmg,ring,0-150km,20,0.9210904091684257
usb000rzmg|ring|0-150km,usb000rzmg,ring,0-150km,21,0.9998395712602123
usb000rzmg|ring|0-150km,usb000rzmg,ring,0-150km,22,1.0234412158495925
usb000rzmg|ring|0-150km,usb000rzmg,ring,0-150km,23,0.7967355639506719
usb000rzmg|ring|0-150km,usb000rzmg,ring,0-150km,24,0.94317181143141
usb000rzmg|ring|0-150km,usb000rzmg,ring,0-150km,25,0.986616018711151
usb000rzmg|ring|0-150km,usb000rzmg,ring,0-150km,26,0.999240569800923
usb000rzmg|ring|0-150km,usb000rzmg,ring,0-150km,27,0.881148013483909
usb000rzmg|ring|0-150km,usb000rzmg,ring,0-150km,28,0.9719144028014585
usb000rzmg|ring|0-150km,usb000rzmg,ring,0-150km,29,0.9952956774132393
usb000rzmg|ring|0-150km,usb000rzmg,ring,0-150km,30,1.01212335741471
usb000rzmg|ring|0-150km,usb000rzmg,ring,0-150km,31,1.0747739337403128
usb000rzmg|ring|0-150km,usb000rzmg,ring,0-150km,32,0.8679162886887906
usb000rzmg|ring|0-150km,usb000rzmg,ring,0-150km,33,0.8509464869021088
usb000rzmg|ring|0-150km,usb000rzmg,ring,0-150km,34,0.8060918892159109
usb000rzmg|ring|0-150km,usb000rzmg,ring,0-150km,35,0.8844001004611725
usb000rzmg|ring|0-150km,usb000rzmg,ring,0-150km,36,0.9934718352358513
usb000rzmg|ring|0-150km,usb000rzmg,ring,0-150km,37,0.9620575439934173
usb000rzmg|ring|0-150km,usb000rzmg,ring,0-150km,38,0.9401025035690657
usb000rzmg|ring|0-150km,usb000rzmg,ring,0-150km,39,0.977597071022987
usb000rzmg|ring|0-150km,usb000rzmg,ring,0-150km,40,0.7762418014000199
usb000rzmg|ring|0-150km,usb000rzmg,ring,0-150km,41,0.9456409400897549
usb000rzmg|ring|0-150km,usb000rzmg,ring,0-150km,42,1.0051418110379375
usb000rzmg|ring|0-150km,usb000rzmg,ring,0-150km,43,1.0111529443030902
usb000rzmg|ring|0-150km,usb000rzmg,ring,0-150km,44,0.8997795149432756
usb000rzmg|ring|0-150km,usb000rzmg,ring,0-150km,45,0.9814547830758523
usb000rzmg|ring|0-150km,usb000rzmg,ring,0-150km,46,1.0104726327898306
usb000rzmg|ring|0-150km,usb000rzmg,ring,0-150km,47,0.8252674855307522
usb000rzmg|ring|0-150km,usb000rzmg,ring,0-150km,48,0.9207645619736327
usb000rzmg|ring|0-150km,usb000rzmg,ring,0-150km,49,0.8926252511012305
usb000rzmg|ring|0-150km,usb000rzmg,ring,0-150km,50,1.0364700286454176
usb000rzmg|ring|0-150km,usb000rzmg,ring,0-150km,51,0.7519246553759882
usb000rzmg|ring|0-150km,usb000rzmg,ring,0-150km,52,0.8659244499224227
usb000rzmg|ring|0-150km,usb000rzmg,ring,0-150km,53,0.9813602077399831
usb000rzmg|ring|0-150km,usb000rzmg,ring,0-150km,54,0.7577860180474616
usb000rzmg|ring|0-150km,usb000rzmg,ring,0-150km,55,0.955975174409461
usb000rzmg|ring|0-150km,usb000rzmg,ring,0-150km,56,0.8449235948633121
usb000rzmg|ring|0-150km,usb000rzmg,ring,0-150km,57,0.8845343360395872
usb000rzmg|ring|0-150km,usb000rzmg,ring,0-150km,58,0.859004810095595
usb000rzmg|ring|0-150km,usb000rzmg,ring,0-150km,59,0.9488880221216525
usb000rzmg|ring|0-150km,usb000rzmg,ring,0-150km,60,1.0598867277748503
usb000rzmg|ring|0-150km,usb000rzmg,ring,0-150km,61,0.9527766330320173
usb000rzmg|ring|0-150km,usb000rzmg,ring,0-150km,62,0.8322293036460331
usb000rzmg|ring|0-150km,usb000rzmg,ring,0-150km,63,1.0823616627439672
usb000rzmg|ring|0-150km,usb000rzmg,ring,0-150km,64,0.8572546873192106
usb000rzmg|ring|0-150km,usb000rzmg,ring,0-150km,65,0.8672961436983861
usb000rzmg|ring|0-150km,usb000rzmg,ring,0-150km,66,0.8463554783040692
usb000rzmg|ring|0-150km,usb000rzmg,ring,0-150km,67,0.8443270447805135
usb000rzmg|ring|0-150km,usb000rzmg,ring,0-150km,68,0.8557261016526969
usb000rzmg|ring|0-150km,usb000rzmg,ring,0-150km,69,0.7930914366388004
usb000rzmg|ring|0-150km,usb000rzmg,ring,0-150km,70,0.9365010164185177
usb000rzmg|ring|0-150km,usb000rzmg,ring,0-150km,71,1.1262905570026098
usb000rzmg|ring|0-150km,usb000rzmg,ring,0-150km,72,0.9697634026093362
usb000rzmg|ring|0-150km,usb000rzmg,ring,0-150km,73,0.8783128322275928
usb000rzmg|ring|0-150km,usb000rzmg,ring,0-150km,74,1.0033418912811105
usb000rzmg|ring|0-150km,usb000rzmg,ring,0-150km,75,1.0083904790996698
usb000rzmg|ring|0-150km,usb000rzmg,ring,0-150km,76,1.082160086485712
usb000rzmg|ring|0-150km,usb000rzmg,ring,0-150km,77,1.0497312822811609
usb000rzmg|ring|0-150km,usb000rzmg,ring,0-150km,78,1.0472266404984019
usb000rzmg|ring|0-150km,usb000rzmg,ring,0-150km,79,0.901008319422167
usb000rzmg|ring|0-150km,usb000rzmg,ring,0-150km,80,0.9881810046025821
usb000rzmg|ring|0-150km,usb000rzmg,ring,0-150km,81,0.9585505229851299
usb000rzmg|ring|0-150km,usb000rzmg,ring,0-150km,82,1.0191854210204512
usb000rzmg|ring|0-150km,usb000rzmg,ring,0-150km,83,0.9960757864345788
usb000rzmg|ring|0-150km,usb000rzmg,ring,0-150km,84,1.0402370638185958
usb000rzmg|ring|0-150km,usb000rzmg,ring,0-150km,85,0.9248689518063727
usb000rzmg|ring|0-150km,usb000rzmg,ring,0-150km,86,0.8547304940666441
usb000rzmg|ring|0-150km,usb000rzmg,ring,0-150km,87,0.9432598720823433
usb000rzmg|ring|0-150km,usb000rzmg,ring,0-150km,88,0.95062109897523
usb000rzmg|ring|0-150km,usb000rzmg,ring,0-150km,89,1.708899341779908
usb000rzmg|ring|0-150km,usb000rzmg,ring,0-150km,90,0.8508147947882052
usb000rzmg|ring|0-150km,usb000rzmg,ring,0-150km,91,0.8357312099022793
usb000rzmg|ring|0-150km,usb000rzmg,ring,0-150km,92,0.9129468096613331
usb000rzmg|ring|0-150km,usb000rzmg,ring,0-150km,93,0.9831969391847556
usb000rzmg|ring|0-150km,usb000rzmg,ring,0-150km,94,0.9852898149888424
usb000rzmg|ring|0-150km,usb000rzmg,ring,0-150km,95,0.9389718941418729
usb000rzmg|ring|0-150km,usb000rzmg,ring,0-150km,96,1.024073945009576
usb000rzmg|ring|0-150km,usb000rzmg,ring,0-150km,97,0.9137827248630522
usb000rzmg|ring|0-150km,usb000rzmg,ring,0-150km,98,0.9706412339200231
usb000rzmg|ring|0-150km,usb000rzmg,ring,0-150km,99,1.050422788927555
usb000rzmg|ring|0-150km,usb000rzmg,ring,0-150km,100,0.9618078239291251
usb000rzmg|ring|0-150km,usb000rzmg,ring,0-150km,101,0.9130596040611831
usb000rzmg|ring|0-150km,usb000rzmg,ring,0-150km,102,0.9751760801363215
usb000rzmg|ring|0-150km,usb000rzmg,ring,0-150km,103,0.9670349418109956
usb000rzmg|ring|0-150km,usb000rzmg,ring,0-150km,104,0.9277549732461347
usb000rzmg|ring|0-150km,usb000rzmg,ring,0-150km,105,0.819705087439632
usb000rzmg|ring|0-150km,usb000rzmg,ring,0-150km,106,0.8959114558922897
usb000rzmg|ring|0-150km,usb000rzmg,ring,0-150km,107,0.8780234282456377
usb000rzmg|ring|0-150km,usb000rzmg,ring,0-150km,108,0.9133305030943002
usb000rzmg|ring|0-150km,usb000rzmg,ring,0-150km,109,1.037407866632646
usb000rzmg|ring|0-150km,usb000rzmg,ring,0-150km,110,0.9620390006310521
usb000rzmg|ring|0-150km,usb000rzmg,ring,0-150km,111,0.9854974457957658
usb000rzmg|ring|0-150km,usb000rzmg,ring,0-150km,112,0.9900506428328855
usb000rzmg|ring|0-150km,usb000rzmg,ring,0-150km,113,1.018074368275658
usb000rzmg|ring|0-150km,usb000rzmg,ring,0-150km,114,0.7923319645336508
usb000rzmg|ring|0-150km,usb000rzmg,ring,0-150km,115,0.7963211865340113
usb000rzmg|ring|0-150km,usb000rzmg,ring,0-150km,116,1.0377217621246733
usb000rzmg|ring|0-150km,usb000rzmg,ring,0-150km,117,0.935623888781573
usb000rzmg|ring|0-150km,usb000rzmg,ring,0-150km,118,0.7845273827269515
usb000rzmg|ring|0-150km,usb000rzmg,ring,0-150km,119,0.9529174830964466
usb000rzmg|ring|0-150km,usb000rzmg,ring,0-150km,120,0.9960824178076428
usb000rzmg|ring|0-150km,usb000rzmg,ring,0-150km,121,0.9232897849933788
usb000rzmg|ring|0-150km,usb000rzmg,ring,0-150km,122,0.8688031758275349
usb000rzmg|ring|0-150km,usb000rzmg,ring,0-150km,123,0.929240969248232
usb000rzmg|ring|0-150km,usb000rzmg,ring,0-150km,124,1.0734791934161743
usb000rzmg|ring|0-150km,usb000rzmg,ring,0-150km,125,0.9889896547491058
usb000rzmg|ring|0-150km,usb000rzmg,ring,0-150km,126,0.9541008511391766
usb000rzmg|ring|0-150km,usb000rzmg,ring,0-150km,127,0.8253682312336609
usb000rzmg|ring|0-150km,usb000rzmg,ring,0-150km,128,0.9362401560791201
usb000rzmg|ring|0-150km,usb000rzmg,ring,0-150km,129,0.9249060938940225
usb000rzmg|ring|0-150km,usb000rzmg,ring,0-150km,130,1.0149742302492477
usb000rzmg|ring|0-150km,usb000rzmg,ring,0-150km,131,1.0441640846761133
usb000rzmg|ring|0-150km,usb000rzmg,ring,0-150km,132,0.8292143538708379
usb000rzmg|ring|0-150km,usb000rzmg,ring,0-150km,133,0.9450109063144184
usb000rzmg|ring|0-150km,usb000rzmg,ring,0-150km,134,0.9066883799066824
usb000rzmg|ring|0-150km,usb000rzmg,ring,0-150km,135,1.1117399479552859
usb000rzmg|ring|0-150km,usb000rzmg,ring,0-150km,136,0.8423796408737072
usb000rzmg|ring|0-150km,usb000rzmg,ring,0-150km,137,0.8708981637302674
usb000rzmg|ring|0-150km,usb000rzmg,ring,0-150km,138,0.9871481576852098
usb000rzmg|ring|0-150km,usb000rzmg,ring,0-150km,139,0.7171941969926743
usb000rzmg|ring|0-150km,usb000rzmg,ring,0-150km,140,0.7809210722631595
usb000rzmg|ring|0-150km,usb000rzmg,ring,0-150km,141,0.8544730627242001
usb000rzmg|ring|0-150km,usb000rzmg,ring,0-150km,142,0.9553389225555204
usb000rzmg|ring|0-150km,usb000rzmg,ring,0-150km,143,0.9662323643095864
usb000rzmg|ring|0-150km,usb000rzmg,ring,0-150km,144,1.0129354502557573
usb000rzmg|ring|0-150km,usb000rzmg,ring,0-150km,145,0.980409487924583
usb000rzmg|ring|0-150km,usb000rzmg,ring,0-150km,146,0.8159775680409805
usb000rzmg|ring|0-150km,usb000rzmg,ring,0-150km,147,1.0852867533496147
usb000rzmg|ring|0-150km,usb000rzmg,ring,0-150km,148,0.8608293132372948
usb000rzmg|ring|0-150km,usb000rzmg,ring,0-150km,149,0.9806636366058665
usb000rzmg|ring|0-150km,usb000rzmg,ring,0-150km,150,1.036274640962579
usb000rzmg|ring|0-150km,usb000rzmg,ring,0-150km,151,1.0759713029244349
usb000rzmg|ring|0-150km,usb000rzmg,ring,0-150km,152,0.8746844953065822
usb000rzmg|ring|0-150km,usb000rzmg,ring,0-150km,153,0.9629004836722767
usb000rzmg|ring|0-150km,usb000rzmg,ring,0-150km,154,0.9556178359491474
usb000rzmg|ring|0-150km,usb000rzmg,ring,0-150km,155,0.9199461978490948
usb000rzmg|ring|0-150km,usb000rzmg,ring,0-150km,156,0.9542248155161029
usb000rzmg|ring|0-150km,usb000rzmg,ring,0-150km,157,0.7980578068838111
usb000rzmg|ring|0-150km,usb000rzmg,ring,0-150km,158,0.9151857975732071
usb000rzmg|ring|0-150km,usb000rzmg,ring,0-150km,159,1.0519832796318354
usb000rzmg|ring|0-150km,usb000rzmg,ring,0-150km,160,1.4540932547976315
usb000rzmg|ring|0-150km,usb000rzmg,ring,0-150km,161,0.9300342526585945
usb000rzmg|ring|0-150km,usb000rzmg,ring,0-150km,162,2.066601597650617
usb000rzmg|ring|0-150km,usb000rzmg,ring,0-150km,163,0.8203685253273472
usb000rzmg|ring|0-150km,usb000rzmg,ring,0-150km,164,0.8815822347169605
usb000rzmg|ring|0-150km,usb000rzmg,ring,0-150km,165,0.8820825798534137
usb000rzmg|ring|0-150km,usb000rzmg,ring,0-150km,166,0.8497382160362219
usb000rzmg|ring|0-150km,usb000rzmg,ring,0-150km,167,0.7929454555887052
usb000rzmg|ring|0-150km,usb000rzmg,ring,0-150km,168,1.0069813793939386
usb000rzmg|ring|0-150km,usb000rzmg,ring,0-150km,169,1.0093336834646711
usb000rzmg|ring|0-150km,usb000rzmg,ring,0-150km,170,1.0518063883975999
usb000rzmg|ring|0-150km,usb000rzmg,ring,0-150km,171,1.0354822063695208
usb000rzmg|ring|0-150km,usb000rzmg,ring,0-150km,172,0.9834950338587247
usb000rzmg|ring|0-150km,usb000rzmg,ring,0-150km,173,0.9296548258775669
usb000rzmg|ring|0-150km,usb000rzmg,ring,0-150km,174,0.9664833127687081
usb000rzmg|ring|0-150km,usb000rzmg,ring,0-150km,175,0.8300241433302875
usb000rzmg|ring|0-150km,usb000rzmg,ring,0-150km,176,1.1234583619434466
usb000rzmg|ring|0-150km,usb000rzmg,ring,0-150km,177,1.0486387501783125
usb000rzmg|ring|0-150km,usb000rzmg,ring,0-150km,178,0.8221481007444374
usb000rzmg|ring|0-150km,usb000rzmg,ring,0-150km,179,0.9359310449087153
usb000rzmg|ring|0-150km,usb000rzmg,ring,0-150km,180,0.9834097598444926
usb000rzmg|ring|0-150km,usb000rzmg,ring,0-150km,181,1.0400561423141659
usb000rzmg|ring|0-150km,usb000rzmg,ring,0-150km,182,0.8733439133399977
usb000rzmg|ring|0-150km,usb000rzmg,ring,0-150km,183,0.8909380262712318
usb000rzmg|ring|0-150km,usb000rzmg,ring,0-150km,184,0.9043624126492742
usb000rzmg|ring|0-150km,usb000rzmg,ring,0-150km,185,1.071702473236051
usb000rzmg|ring|0-150km,usb000rzmg,ring,0-150km,186,1.020967045844369
usb000rzmg|ring|0-150km,usb000rzmg,ring,0-150km,187,1.0214880889576774
usb000rzmg|ring|0-150km,usb000rzmg,ring,0-150km,188,0.9390922697507542
usb000rzmg|ring|0-150km,usb000rzmg,ring,0-150km,189,0.8072818615770191
usb000rzmg|ring|0-150km,usb000rzmg,ring,0-150km,190,0.9448851405029712
usb000rzmg|ring|0-150km,usb000rzmg,ring,0-150km,191,0.8707820235584385
usb000rzmg|ring|0-150km,usb000rzmg,ring,0-150km,192,1.0727301440691521
usb000rzmg|ring|0-150km,usb000rzmg,ring,0-150km,193,1.27160912479544
usb000rzmg|ring|0-150km,usb000rzmg,ring,0-150km,194,0.9697188155864854
usb000rzmg|ring|0-150km,usb000rzmg,ring,0-150km,195,1.049001507084514
usb000rzmg|ring|0-150km,usb000rzmg,ring,0-150km,196,0.8085558189299755
usb000rzmg|ring|0-150km,usb000rzmg,ring,0-150km,197,0.9144003807066734
usb000rzmg|ring|0-150km,usb000rzmg,ring,0-150km,198,0.9925723224007135
usb000rzmg|ring|0-150km,usb000rzmg,ring,0-150km,199,0.8914206285629241
usb000rzmg|ring|150-400km,usb000rzmg,ring,150-400km,0,0.2
usb000rzmg|ring|150-400km,usb000rzmg,ring,150-400km,1,0.2
usb000rzmg|ring|150-400km,usb000rzmg,ring,150-400km,2,0.2
usb000rzmg|ring|150-400km,usb000rzmg,ring,150-400km,3,0.2
usb000rzmg|ring|150-400km,usb000rzmg,ring,150-400km,4,0.2
usb000rzmg|ring|150-400km,usb000rzmg,ring,150-400km,5,0.2
usb000rzmg|ring|150-400km,usb000rzmg,ring,150-400km,6,0.2
usb000rzmg|ring|150-400km,usb000rzmg,ring,150-400km,7,0.2
usb000rzmg|ring|150-400km,usb000rzmg,ring,150-400km,8,0.2
usb000rzmg|ring|150-400km,usb000rzmg,ring,150-400km,9,0.2
usb000rzmg|ring|150-400km,usb000rzmg,ring,150-400km,10,0.2
usb000rzmg|ring|150-400km,usb000rzmg,ring,150-400km,11,0.2
usb000rzmg|ring|150-400km,usb000rzmg,ring,150-400km,12,0.21472884360933742
usb000rzmg|ring|150-400km,usb000rzmg,ring,150-400km,13,0.2
usb000rzmg|ring|150-400km,usb000rzmg,ring,150-400km,14,0.25731004696405974
usb000rzmg|ring|150-400km,usb000rzmg,ring,150-400km,15,0.2
usb000rzmg|ring|150-400km,usb000rzmg,ring,150-400km,16,0.2
usb000rzmg|ring|150-400km,usb000rzmg,ring,150-400km,17,0.2
usb000rzmg|ring|150-400km,usb000rzmg,ring,150-400km,18,0.2
usb000rzmg|ring|150-400km,usb000rzmg,ring,150-400km,19,0.2
usb000rzmg|ring|150-400km,usb000rzmg,ring,150-400km,20,0.38082932029993144
usb000rzmg|ring|150-400km,usb000rzmg,ring,150-400km,21,0.2
usb000rzmg|ring|150-400km,usb000rzmg,ring,150-400km,22,0.2
usb000rzmg|ring|150-400km,usb000rzmg,ring,150-400km,23,0.2
usb000rzmg|ring|150-400km,usb000rzmg,ring,150-400km,24,0.2
usb000rzmg|ring|150-400km,usb000rzmg,ring,150-400km,25,0.2
usb000rzmg|ring|150-400km,usb000rzmg,ring,150-400km,26,0.2
usb000rzmg|ring|150-400km,usb000rzmg,ring,150-400km,27,0.2
usb000rzmg|ring|150-400km,usb000rzmg,ring,150-400km,28,0.2
usb000rzmg|ring|150-400km,usb000rzmg,ring,150-400km,29,0.2
usb000rzmg|ring|150-400km,usb000rzmg,ring,150-400km,30,0.2
usb000rzmg|ring|150-400km,usb000rzmg,ring,150-400km,31,0.2
usb000rzmg|ring|150-400km,usb000rzmg,ring,150-400km,32,0.2
usb000rzmg|ring|150-400km,usb000rzmg,ring,150-400km,33,0.2
usb000rzmg|ring|150-400km,usb000rzmg,ring,150-400km,34,0.2
usb000rzmg|ring|150-400km,usb000rzmg,ring,150-400km,35,0.2
usb000rzmg|ring|150-400km,usb000rzmg,ring,150-400km,36,0.2
usb000rzmg|ring|150-400km,usb000rzmg,ring,150-400km,37,0.2
usb000rzmg|ring|150-400km,usb000rzmg,ring,150-400km,38,0.2
usb000rzmg|ring|150-400km,usb000rzmg,ring,150-400km,39,0.215540188379042
usb000rzmg|ring|150-400km,usb000rzmg,ring,150-400km,40,0.2
usb000rzmg|ring|150-400km,usb000rzmg,ring,150-400km,41,0.2
usb000rzmg|ring|150-400km,usb000rzmg,ring,150-400km,42,0.2045402323689444
usb000rzmg|ring|150-400km,usb000rzmg,ring,150-400km,43,0.2
usb000rzmg|ring|150-400km,usb000rzmg,ring,150-400km,44,0.2
usb000rzmg|ring|150-400km,usb000rzmg,ring,150-400km,45,0.2100837695791787
usb000rzmg|ring|150-400km,usb000rzmg,ring,150-400km,46,0.2
usb000rzmg|ring|150-400km,usb000rzmg,ring,150-400km,47,0.2
usb000rzmg|ring|150-400km,usb000rzmg,ring,150-400km,48,0.2
usb000rzmg|ring|150-400km,usb000rzmg,ring,150-400km,49,0.2
usb000rzmg|ring|150-400km,usb000rzmg,ring,150-400km,50,0.2
usb000rzmg|ring|150-400km,usb000rzmg,ring,150-400km,51,0.2
usb000rzmg|ring|150-400km,usb000rzmg,ring,150-400km,52,0.2
usb000rzmg|ring|150-400km,usb000rzmg,ring,150-400km,53,0.2
usb000rzmg|ring|150-400km,usb000rzmg,ring,150-400km,54,0.2
usb000rzmg|ring|150-400km,usb000rzmg,ring,150-400km,55,0.2
usb000rzmg|ring|150-400km,usb000rzmg,ring,150-400km,56,0.2
usb000rzmg|ring|150-400km,usb000rzmg,ring,150-400km,57,0.2779621659107775
usb000rzmg|ring|150-400km,usb000rzmg,ring,150-400km,58,0.37103639429818885
usb000rzmg|ring|150-400km,usb000rzmg,ring,150-400km,59,0.2
usb000rzmg|ring|150-400km,usb000rzmg,ring,150-400km,60,0.2
usb000rzmg|ring|150-400km,usb000rzmg,ring,150-400km,61,0.25350107754702744
usb000rzmg|ring|150-400km,usb000rzmg,ring,150-400km,62,0.2
usb000rzmg|ring|150-400km,usb000rzmg,ring,150-400km,63,0.2
usb000rzmg|ring|150-400km,usb000rzmg,ring,150-400km,64,0.2
usb000rzmg|ring|150-400km,usb000rzmg,ring,150-400km,65,0.2
usb000rzmg|ring|150-400km,usb000rzmg,ring,150-400km,66,0.2
usb000rzmg|ring|150-400km,usb000rzmg,ring,150-400km,67,0.2
usb000rzmg|ring|150-400km,usb000rzmg,ring,150-400km,68,0.2
usb000rzmg|ring|150-400km,usb000rzmg,ring,150-400km,69,0.2
usb000rzmg|ring|150-400km,usb000rzmg,ring,150-400km,70,0.26558062016930906
usb000rzmg|ring|150-400km,usb000rzmg,ring,150-400km,71,0.2
usb000rzmg|ring|150-400km,usb000rzmg,ring,150-400km,72,0.2
usb000rzmg|ring|150-400km,usb000rzmg,ring,150-400km,73,0.2
usb000rzmg|ring|150-400km,usb000rzmg,ring,150-400km,74,0.2
usb000rzmg|ring|150-400km,usb000rzmg,ring,150-400km,75,0.2
usb000rzmg|ring|150-400km,usb000rzmg,ring,150-400km,76,0.2
usb000rzmg|ring|150-400km,usb000rzmg,ring,150-400km,77,0.2
usb000rzmg|ring|150-400km,usb000rzmg,ring,150-400km,78,0.2
usb000rzmg|ring|150-400km,usb000rzmg,ring,150-400km,79,0.2
usb000rzmg|ring|150-400km,usb000rzmg,ring,150-400km,80,0.2
usb000rzmg|ring|150-400km,usb000rzmg,ring,150-400km,81,0.3971458894234132
usb000rzmg|ring|150-400km,usb000rzmg,ring,150-400km,82,0.2
usb000rzmg|ring|150-400km,usb000rzmg,ring,150-400km,83,0.2
usb000rzmg|ring|150-400km,usb000rzmg,ring,150-400km,84,0.2
usb000rzmg|ring|150-400km,usb000rzmg,ring,150-400km,85,0.2
usb000rzmg|ring|150-400km,usb000rzmg,ring,150-400km,86,0.2
usb000rzmg|ring|150-400km,usb000rzmg,ring,150-400km,87,0.2
usb000rzmg|ring|150-400km,usb000rzmg,ring,150-400km,88,0.2
usb000rzmg|ring|150-400km,usb000rzmg,ring,150-400km,89,0.2
usb000rzmg|ring|150-400km,usb000rzmg,ring,150-400km,90,0.2
usb000rzmg|ring|150-400km,usb000rzmg,ring,150-400km,91,0.2
usb000rzmg|ring|150-400km,usb000rzmg,ring,150-400km,92,0.2
usb000rzmg|ring|150-400km,usb000rzmg,ring,150-400km,93,0.2
usb000rzmg|ring|150-400km,usb000rzmg,ring,150-400km,94,0.2
usb000rzmg|ring|150-400km,usb000rzmg,ring,150-400km,95,0.2
usb000rzmg|ring|150-400km,usb000rzmg,ring,150-400km,96,0.20348244598059875
usb000rzmg|ring|150-400km,usb000rzmg,ring,150-400km,97,0.2
usb000rzmg|ring|150-400km,usb000rzmg,ring,150-400km,98,0.2
usb000rzmg|ring|150-400km,usb000rzmg,ring,150-400km,99,0.2
usb000rzmg|ring|150-400km,usb000rzmg,ring,150-400km,100,0.2
usb000rzmg|ring|150-400km,usb000rzmg,ring,150-400km,101,0.2
usb000rzmg|ring|150-400km,usb000rzmg,ring,150-400km,102,0.2
usb000rzmg|ring|150-400km,usb000rzmg,ring,150-400km,103,0.2
usb000rzmg|ring|150-400km,usb000rzmg,ring,150-400km,104,0.2
usb000rzmg|ring|150-400km,usb000rzmg,ring,150-400km,105,0.2
usb000rzmg|ring|150-400km,usb000rzmg,ring,150-400km,106,0.2
usb000rzmg|ring|150-400km,usb000rzmg,ring,150-400km,107,0.2
usb000rzmg|ring|150-400km,usb000rzmg,ring,150-400km,108,0.2
usb000rzmg|ring|150-400km,usb000rzmg,ring,150-400km,109,0.2
usb000rzmg|ring|150-400km,usb000rzmg,ring,150-400km,110,0.2
usb000rzmg|ring|150-400km,usb000rzmg,ring,150-400km,111,0.2
usb000rzmg|ring|150-400km,usb000rzmg,ring,150-400km,112,0.2
usb000rzmg|ring|150-400km,usb000rzmg,ring,150-400km,113,0.2
usb000rzmg|ring|150-400km,usb000rzmg,ring,150-400km,114,0.2
usb000rzmg|ring|150-400km,usb000rzmg,ring,150-400km,115,0.2
usb000rzmg|ring|150-400km,usb000rzmg,ring,150-400km,116,0.2
usb000rzmg|ring|150-400km,usb000rzmg,ring,150-400km,117,0.2
usb000rzmg|ring|150-400km,usb000rzmg,ring,150-400km,118,0.2
usb000rzmg|ring|150-400km,usb000rzmg,ring,150-400km,119,0.2
usb000rzmg|ring|150-400km,usb000rzmg,ring,150-400km,120,0.2
usb000rzmg|ring|150-400km,usb000rzmg,ring,150-400km,121,0.2
usb000rzmg|ring|150-400km,usb000rzmg,ring,150-400km,122,0.2
usb000rzmg|ring|150-400km,usb000rzmg,ring,150-400km,123,0.2
usb000rzmg|ring|150-400km,usb000rzmg,ring,150-400km,124,0.2
usb000rzmg|ring|150-400km,usb000rzmg,ring,150-400km,125,0.2
usb000rzmg|ring|150-400km,usb000rzmg,ring,150-400km,126,0.22442973811855785
usb000rzmg|ring|150-400km,usb000rzmg,ring,150-400km,127,0.28493053259258894
usb000rzmg|ring|150-400km,usb000rzmg,ring,150-400km,128,0.2
usb000rzmg|ring|150-400km,usb000rzmg,ring,150-400km,129,0.2
usb000rzmg|ring|150-400km,usb000rzmg,ring,150-400km,130,0.2866306087833093
usb000rzmg|ring|150-400km,usb000rzmg,ring,150-400km,131,0.2
usb000rzmg|ring|150-400km,usb000rzmg,ring,150-400km,132,0.2
usb000rzmg|ring|150-400km,usb000rzmg,ring,150-400km,133,0.2
usb000rzmg|ring|150-400km,usb000rzmg,ring,150-400km,134,0.2002107172574853
usb000rzmg|ring|150-400km,usb000rzmg,ring,150-400km,135,0.2
usb000rzmg|ring|150-400km,usb000rzmg,ring,150-400km,136,0.2
usb000rzmg|ring|150-400km,usb000rzmg,ring,150-400km,137,0.2
usb000rzmg|ring|150-400km,usb000rzmg,ring,150-400km,138,0.2
usb000rzmg|ring|150-400km,usb000rzmg,ring,150-400km,139,0.2
usb000rzmg|ring|150-400km,usb000rzmg,ring,150-400km,140,0.2
usb000rzmg|ring|150-400km,usb000rzmg,ring,150-400km,141,0.2
usb000rzmg|ring|150-400km,usb000rzmg,ring,150-400km,142,0.2
usb000rzmg|ring|150-400km,usb000rzmg,ring,150-400km,143,0.27488336842483413
usb000rzmg|ring|150-400km,usb000rzmg,ring,150-400km,144,0.2
usb000rzmg|ring|150-400km,usb000rzmg,ring,150-400km,145,0.2
usb000rzmg|ring|150-400km,usb000rzmg,ring,150-400km,146,0.2
usb000rzmg|ring|150-400km,usb000rzmg,ring,150-400km,147,0.2
usb000rzmg|ring|150-400km,usb000rzmg,ring,150-400km,148,0.2
usb000rzmg|ring|150-400km,usb000rzmg,ring,150-400km,149,0.2
usb000rzmg|ring|150-400km,usb000rzmg,ring,150-400km,150,0.2
usb000rzmg|ring|150-400km,usb000rzmg,ring,150-400km,151,0.2
usb000rzmg|ring|150-400km,usb000rzmg,ring,150-400km,152,0.2160631481965619
usb000rzmg|ring|150-400km,usb000rzmg,ring,150-400km,153,0.2
usb000rzmg|ring|150-400km,usb000rzmg,ring,150-400km,154,0.2
usb000rzmg|ring|150-400km,usb000rzmg,ring,150-400km,155,0.2
usb000rzmg|ring|150-400km,usb000rzmg,ring,150-400km,156,0.2
usb000rzmg|ring|150-400km,usb000rzmg,ring,150-400km,157,0.2
usb000rzmg|ring|150-400km,usb000rzmg,ring,150-400km,158,0.2
usb000rzmg|ring|150-400km,usb000rzmg,ring,150-400km,159,0.2
usb000rzmg|ring|150-400km,usb000rzmg,ring,150-400km,160,0.2
usb000rzmg|ring|150-400km,usb000rzmg,ring,150-400km,161,0.2
usb000rzmg|ring|150-400km,usb000rzmg,ring,150-400km,162,0.2
usb000rzmg|ring|150-400km,usb000rzmg,ring,150-400km,163,0.2
usb000rzmg|ring|150-400km,usb000rzmg,ring,150-400km,164,0.2
usb000rzmg|ring|150-400km,usb000rzmg,ring,150-400km,165,0.21105315348813034
usb000rzmg|ring|150-400km,usb000rzmg,ring,150-400km,166,0.2
usb000rzmg|ring|150-400km,usb000rzmg,ring,150-400km,167,0.2
usb000rzmg|ring|150-400km,usb000rzmg,ring,150-400km,168,0.2
usb000rzmg|ring|150-400km,usb000rzmg,ring,150-400km,169,0.2
usb000rzmg|ring|150-400km,usb000rzmg,ring,150-400km,170,0.2
usb000rzmg|ring|150-400km,usb000rzmg,ring,150-400km,171,0.2
usb000rzmg|ring|150-400km,usb000rzmg,ring,150-400km,172,0.37214595246069243
usb000rzmg|ring|150-400km,usb000rzmg,ring,150-400km,173,0.2
usb000rzmg|ring|150-400km,usb000rzmg,ring,150-400km,174,0.2
usb000rzmg|ring|150-400km,usb000rzmg,ring,150-400km,175,0.2
usb000rzmg|ring|150-400km,usb000rzmg,ring,150-400km,176,0.2
usb000rzmg|ring|150-400km,usb000rzmg,ring,150-400km,177,0.2
usb000rzmg|ring|150-400km,usb000rzmg,ring,150-400km,178,0.2
usb000rzmg|ring|150-400km,usb000rzmg,ring,150-400km,179,0.2
usb000rzmg|ring|150-400km,usb000rzmg,ring,150-400km,180,0.2
usb000rzmg|ring|150-400km,usb000rzmg,ring,150-400km,181,0.2
usb000rzmg|ring|150-400km,usb000rzmg,ring,150-400km,182,0.2
usb000rzmg|ring|150-400km,usb000rzmg,ring,150-400km,183,0.2
usb000rzmg|ring|150-400km,usb000rzmg,ring,150-400km,184,0.2
usb000rzmg|ring|150-400km,usb000rzmg,ring,150-400km,185,0.2
usb000rzmg|ring|150-400km,usb000rzmg,ring,150-400km,186,0.2
usb000rzmg|ring|150-400km,usb000rzmg,ring,150-400km,187,0.2
usb000rzmg|ring|150-400km,usb000rzmg,ring,150-400km,188,0.2
usb000rzmg|ring|150-400km,usb000rzmg,ring,150-400km,189,0.2
usb000rzmg|ring|150-400km,usb000rzmg,ring,150-400km,190,0.2
usb000rzmg|ring|150-400km,usb000rzmg,ring,150-400km,191,0.2
usb000rzmg|ring|150-400km,usb000rzmg,ring,150-400km,192,0.2
usb000rzmg|ring|150-400km,usb000rzmg,ring,150-400km,193,0.2
usb000rzmg|ring|150-400km,usb000rzmg,ring,150-400km,194,0.2
usb000rzmg|ring|150-400km,usb000rzmg,ring,150-400km,195,0.2
usb000rzmg|ring|150-400km,usb000rzmg,ring,150-400km,196,0.2
usb000rzmg|ring|150-400km,usb000rzmg,ring,150-400km,197,0.2
usb000rzmg|ring|150-400km,usb000rzmg,ring,150-400km,198,0.2
usb000rzmg|ring|150-400km,usb000rzmg,ring,150-400km,199,0.2
usp000c30u|mainshock|all,usp000c30u,mainshock,all,0,0.46940935795351796
usp000c30u|mainshock|all,usp000c30u,mainshock,all,1,0.5659389539968839
usp000c30u|mainshock|all,usp000c30u,mainshock,all,2,0.7049059690561625
usp000c30u|mainshock|all,usp000c30u,mainshock,all,3,0.3929289389686784
usp000c30u|mainshock|all,usp000c30u,mainshock,all,4,0.3071340048882776
usp000c30u|mainshock|all,usp000c30u,mainshock,all,5,0.21821743740588148
usp000c30u|mainshock|all,usp000c30u,mainshock,all,6,0.5989637082963576
usp000c30u|mainshock|all,usp000c30u,mainshock,all,7,0.5795373500344881
usp000c30u|mainshock|all,usp000c30u,mainshock,all,8,0.45804955030911243
usp000c30u|mainshock|all,usp000c30u,mainshock,all,9,0.435035789292654
usp000c30u|mainshock|all,usp000c30u,mainshock,all,10,0.8751170747509728
usp000c30u|mainshock|all,usp000c30u,mainshock,all,11,0.4265973065941163
usp000c30u|mainshock|all,usp000c30u,mainshock,all,12,0.6340390444786214
usp000c30u|mainshock|all,usp000c30u,mainshock,all,13,0.33867319819458996
usp000c30u|mainshock|all,usp000c30u,mainshock,all,14,0.8777206186250447
usp000c30u|mainshock|all,usp000c30u,mainshock,all,15,0.48371561594055285
usp000c30u|mainshock|all,usp000c30u,mainshock,all,16,0.2090417889586045
usp000c30u|mainshock|all,usp000c30u,mainshock,all,17,0.46441217922006933
usp000c30u|mainshock|all,usp000c30u,mainshock,all,18,0.21372647647596624
usp000c30u|mainshock|all,usp000c30u,mainshock,all,19,0.7606226733342125
usp000c30u|mainshock|all,usp000c30u,mainshock,all,20,0.9411762776778718
usp000c30u|mainshock|all,usp000c30u,mainshock,all,21,0.5681175360790308
usp000c30u|mainshock|all,usp000c30u,mainshock,all,22,0.4746923155290597
usp000c30u|mainshock|all,usp000c30u,mainshock,all,23,0.3423532383560034
usp000c30u|mainshock|all,usp000c30u,mainshock,all,24,0.8469819745134255
usp000c30u|mainshock|all,usp000c30u,mainshock,all,25,0.5509527782457382
usp000c30u|mainshock|all,usp000c30u,mainshock,all,26,0.4884408400166749
usp000c30u|mainshock|all,usp000c30u,mainshock,all,27,0.34101252653578673
usp000c30u|mainshock|all,usp000c30u,mainshock,all,28,0.6029343623863211
usp000c30u|mainshock|all,usp000c30u,mainshock,all,29,0.5118982270996116
usp000c30u|mainshock|all,usp000c30u,mainshock,all,30,0.682072961279794
usp000c30u|mainshock|all,usp000c30u,mainshock,all,31,0.561396727815539
usp000c30u|mainshock|all,usp000c30u,mainshock,all,32,0.8222458752231078
usp000c30u|mainshock|all,usp000c30u,mainshock,all,33,0.6808026457372719
usp000c30u|mainshock|all,usp000c30u,mainshock,all,34,0.27241872277315876
usp000c30u|mainshock|all,usp000c30u,mainshock,all,35,0.48539935698949804
usp000c30u|mainshock|all,usp000c30u,mainshock,all,36,0.6783799493549172
usp000c30u|mainshock|all,usp000c30u,mainshock,all,37,0.32570189470866157
usp000c30u|mainshock|all,usp000c30u,mainshock,all,38,0.33317989862590036
usp000c30u|mainshock|all,usp000c30u,mainshock,all,39,0.6387880316279313
usp000c30u|mainshock|all,usp000c30u,mainshock,all,40,0.33257010099256606
usp000c30u|mainshock|all,usp000c30u,mainshock,all,41,0.6244717563574402
usp000c30u|mainshock|all,usp000c30u,mainshock,all,42,0.44177250463756124
usp000c30u|mainshock|all,usp000c30u,mainshock,all,43,0.4740913479485601
usp000c30u|mainshock|all,usp000c30u,mainshock,all,44,0.4497602287298849
usp000c30u|mainshock|all,usp000c30u,mainshock,all,45,0.505428595820353
usp000c30u|mainshock|all,usp000c30u,mainshock,all,46,0.49017992531304594
usp000c30u|mainshock|all,usp000c30u,mainshock,all,47,0.3482572190400955
usp000c30u|mainshock|all,usp000c30u,mainshock,all,48,0.2
usp000c30u|mainshock|all,usp000c30u,mainshock,all,49,0.5388297914135978
usp000c30u|mainshock|all,usp000c30u,mainshock,all,50,0.5962369572290832
usp000c30u|mainshock|all,usp000c30u,mainshock,all,51,0.6130362588949393
usp000c30u|mainshock|all,usp000c30u,mainshock,all,52,0.39918974237579113
usp000c30u|mainshock|all,usp000c30u,mainshock,all,53,0.5978849716425749
usp000c30u|mainshock|all,usp000c30u,mainshock,all,54,0.5753261992457342
usp000c30u|mainshock|all,usp000c30u,mainshock,all,55,0.6677725632040443
usp000c30u|mainshock|all,usp000c30u,mainshock,all,56,0.4734943423574485
usp000c30u|mainshock|all,usp000c30u,mainshock,all,57,0.5334492048608148
usp000c30u|mainshock|all,usp000c30u,mainshock,all,58,0.7560850737248759
usp000c30u|mainshock|all,usp000c30u,mainshock,all,59,0.2
usp000c30u|mainshock|all,usp000c30u,mainshock,all,60,0.5080631417912256
usp000c30u|mainshock|all,usp000c30u,mainshock,all,61,0.25418001307714805
usp000c30u|mainshock|all,usp000c30u,mainshock,all,62,0.5727285291109583
usp000c30u|mainshock|all,usp000c30u,mainshock,all,63,0.5190234399098141
usp000c30u|mainshock|all,usp000c30u,mainshock,all,64,0.5363910546441605
usp000c30u|mainshock|all,usp000c30u,mainshock,all,65,0.337175999591493
usp000c30u|mainshock|all,usp000c30u,mainshock,all,66,0.6255506157862353
usp000c30u|mainshock|all,usp000c30u,mainshock,all,67,0.593042162072123
usp000c30u|mainshock|all,usp000c30u,mainshock,all,68,0.26187340423129435
usp000c30u|mainshock|all,usp000c30u,mainshock,all,69,0.2
usp000c30u|mainshock|all,usp000c30u,mainshock,all,70,0.5162566675478819
usp000c30u|mainshock|all,usp000c30u,mainshock,all,71,0.30424124232718586
usp000c30u|mainshock|all,usp000c30u,mainshock,all,72,0.29770478302904463
usp000c30u|mainshock|all,usp000c30u,mainshock,all,73,0.5116178988821498
usp000c30u|mainshock|all,usp000c30u,mainshock,all,74,0.2919869404449153
usp000c30u|mainshock|all,usp000c30u,mainshock,all,75,0.4761148484546841
usp000c30u|mainshock|all,usp000c30u,mainshock,all,76,0.5989417367720258
usp000c30u|mainshock|all,usp000c30u,mainshock,all,77,0.5748706683217899
usp000c30u|mainshock|all,usp000c30u,mainshock,all,78,0.5409401432549457
usp000c30u|mainshock|all,usp000c30u,mainshock,all,79,0.6943324722523018
usp000c30u|mainshock|all,usp000c30u,mainshock,all,80,0.4866055852071952
usp000c30u|mainshock|all,usp000c30u,mainshock,all,81,0.48998664778774476
usp000c30u|mainshock|all,usp000c30u,mainshock,all,82,0.6163705232983036
usp000c30u|mainshock|all,usp000c30u,mainshock,all,83,0.5654947052244979
usp000c30u|mainshock|all,usp000c30u,mainshock,all,84,0.6036999198752458
usp000c30u|mainshock|all,usp000c30u,mainshock,all,85,0.5115778934847279
usp000c30u|mainshock|all,usp000c30u,mainshock,all,86,0.558991365199486
usp000c30u|mainshock|all,usp000c30u,mainshock,all,87,0.26457432626573013
usp000c30u|mainshock|all,usp000c30u,mainshock,all,88,0.4919124001052727
usp000c30u|mainshock|all,usp000c30u,mainshock,all,89,0.6170539532119133
usp000c30u|mainshock|all,usp000c30u,mainshock,all,90,0.5583647737904388
usp000c30u|mainshock|all,usp000c30u,mainshock,all,91,0.5733834119597159
usp000c30u|mainshock|all,usp000c30u,mainshock,all,92,0.5778242205918035
usp000c30u|mainshock|all,usp000c30u,mainshock,all,93,0.42427615098381904
usp000c30u|mainshock|all,usp000c30u,mainshock,all,94,0.32715064711987896
usp000c30u|mainshock|all,usp000c30u,mainshock,all,95,0.8140535788754039
usp000c30u|mainshock|all,usp000c30u,mainshock,all,96,0.6617808024894313
usp000c30u|mainshock|all,usp000c30u,mainshock,all,97,0.4871700630453353
usp000c30u|mainshock|all,usp000c30u,mainshock,all,98,0.39751505438387935
usp000c30u|mainshock|all,usp000c30u,mainshock,all,99,0.5509564886034763
usp000c30u|mainshock|all,usp000c30u,mainshock,all,100,0.6864812435318031
usp000c30u|mainshock|all,usp000c30u,mainshock,all,101,0.6021675061323282
usp000c30u|mainshock|all,usp000c30u,mainshock,all,102,0.3988270165425667
usp000c30u|mainshock|all,usp000c30u,mainshock,all,103,0.2887364240537698
usp000c30u|mainshock|all,usp000c30u,mainshock,all,104,0.4637864080729512
usp000c30u|mainshock|all,usp000c30u,mainshock,all,105,0.5701041239638993
usp000c30u|mainshock|all,usp000c30u,mainshock,all,106,0.3417681857846262
usp000c30u|mainshock|all,usp000c30u,mainshock,all,107,0.39119995592945617
usp000c30u|mainshock|all,usp000c30u,mainshock,all,108,0.4371396229192379
usp000c30u|mainshock|all,usp000c30u,mainshock,all,109,0.3633181086222049
usp000c30u|mainshock|all,usp000c30u,mainshock,all,110,0.5875645787479772
usp000c30u|mainshock|all,usp000c30u,mainshock,all,111,0.4340618656787113
usp000c30u|mainshock|all,usp000c30u,mainshock,all,112,0.2929583050419791
usp000c30u|mainshock|all,usp000c30u,mainshock,all,113,0.6533167478506515
usp000c30u|mainshock|all,usp000c30u,mainshock,all,114,0.7232510608821485
usp000c30u|mainshock|all,usp000c30u,mainshock,all,115,0.27327436330159055
usp000c30u|mainshock|all,usp000c30u,mainshock,all,116,0.7116573910156426
usp000c30u|mainshock|all,usp000c30u,mainshock,all,117,0.7478114877471311
usp000c30u|mainshock|all,usp000c30u,mainshock,all,118,0.303821238399981
usp000c30u|mainshock|all,usp000c30u,mainshock,all,119,0.5835120561618645
usp000c30u|mainshock|all,usp000c30u,mainshock,all,120,0.2
usp000c30u|mainshock|all,usp000c30u,mainshock,all,121,0.5868258200508035
usp000c30u|mainshock|all,usp000c30u,mainshock,all,122,0.34710259050200487
usp000c30u|mainshock|all,usp000c30u,mainshock,all,123,0.7140600915588556
usp000c30u|mainshock|all,usp000c30u,mainshock,all,124,0.4424459933909582
usp000c30u|mainshock|all,usp000c30u,mainshock,all,125,0.3973492310307151
usp000c30u|mainshock|all,usp000c30u,mainshock,all,126,0.700352508446148
usp000c30u|mainshock|all,usp000c30u,mainshock,all,127,0.6088525604652484
usp000c30u|mainshock|all,usp000c30u,mainshock,all,128,0.44400576060695623
usp000c30u|mainshock|all,usp000c30u,mainshock,all,129,0.2907004454985598
usp000c30u|mainshock|all,usp000c30u,mainshock,all,130,0.446439254513314
usp000c30u|mainshock|all,usp000c30u,mainshock,all,131,0.32810464960078717
usp000c30u|mainshock|all,usp000c30u,mainshock,all,132,0.7772334813065206
usp000c30u|mainshock|all,usp000c30u,mainshock,all,133,0.4924285381009366
usp000c30u|mainshock|all,usp000c30u,mainshock,all,134,0.7977883156090282
usp000c30u|mainshock|all,usp000c30u,mainshock,all,135,0.5414375151053451
usp000c30u|mainshock|all,usp000c30u,mainshock,all,136,0.672058655638256
usp000c30u|mainshock|all,usp000c30u,mainshock,all,137,0.6759148900099846
usp000c30u|mainshock|all,usp000c30u,mainshock,all,138,0.3486359965039897
usp000c30u|mainshock|all,usp000c30u,mainshock,all,139,0.7755285310023964
usp000c30u|mainshock|all,usp000c30u,mainshock,all,140,0.42424325054563355
usp000c30u|mainshock|all,usp000c30u,mainshock,all,141,0.4681867249302228
usp000c30u|mainshock|all,usp000c30u,mainshock,all,142,0.27578068090459545
usp000c30u|mainshock|all,usp000c30u,mainshock,all,143,0.33794992359026943
usp000c30u|mainshock|all,usp000c30u,mainshock,all,144,0.5452694745625178
usp000c30u|mainshock|all,usp000c30u,mainshock,all,145,0.5676189763759498
usp000c30u|mainshock|all,usp000c30u,mainshock,all,146,0.5929261743174259
usp000c30u|mainshock|all,usp000c30u,mainshock,all,147,0.5403981541593365
usp000c30u|mainshock|all,usp000c30u,mainshock,all,148,0.6191990480846509
usp000c30u|mainshock|all,usp000c30u,mainshock,all,149,0.8488341782659885
usp000c30u|mainshock|all,usp000c30u,mainshock,all,150,0.5543412557788391
usp000c30u|mainshock|all,usp000c30u,mainshock,all,151,0.656915154253115
usp000c30u|mainshock|all,usp000c30u,mainshock,all,152,0.6207618755517033
usp000c30u|mainshock|all,usp000c30u,mainshock,all,153,0.7976062676811049
usp000c30u|mainshock|all,usp000c30u,mainshock,all,154,0.38216365622503196
usp000c30u|mainshock|all,usp000c30u,mainshock,all,155,0.7673850478888035
usp000c30u|mainshock|all,usp000c30u,mainshock,all,156,0.4879276870151618
usp000c30u|mainshock|all,usp000c30u,mainshock,all,157,0.4758034599646356
usp000c30u|mainshock|all,usp000c30u,mainshock,all,158,0.6981620752856375
usp000c30u|mainshock|all,usp000c30u,mainshock,all,159,0.3837242565658821
usp000c30u|mainshock|all,usp000c30u,mainshock,all,160,0.7279608849419352
usp000c30u|mainshock|all,usp000c30u,mainshock,all,161,0.5462797930002913
usp000c30u|mainshock|all,usp000c30u,mainshock,all,162,0.37815269743925956
usp000c30u|mainshock|all,usp000c30u,mainshock,all,163,0.33417599009383075
usp000c30u|mainshock|all,usp000c30u,mainshock,all,164,0.6925794690378743
usp000c30u|mainshock|all,usp000c30u,mainshock,all,165,0.42950289228390537
usp000c30u|mainshock|all,usp000c30u,mainshock,all,166,0.4984967370934679
usp000c30u|mainshock|all,usp000c30u,mainshock,all,167,0.49942698969387783
usp000c30u|mainshock|all,usp000c30u,mainshock,all,168,0.5461266881674143
usp000c30u|mainshock|all,usp000c30u,mainshock,all,169,0.35366270631217234
usp000c30u|mainshock|all,usp000c30u,mainshock,all,170,0.37644997113220785
usp000c30u|mainshock|all,usp000c30u,mainshock,all,171,0.6149895888567382
usp000c30u|mainshock|all,usp000c30u,mainshock,all,172,0.5972298267356498
usp000c30u|mainshock|all,usp000c30u,mainshock,all,173,0.3894970959504513
usp000c30u|mainshock|all,usp000c30u,mainshock,all,174,0.2
usp000c30u|mainshock|all,usp000c30u,mainshock,all,175,0.4697455990838459
usp000c30u|mainshock|all,usp000c30u,mainshock,all,176,0.6573244070900809
usp000c30u|mainshock|all,usp000c30u,mainshock,all,177,0.6758118498259804
usp000c30u|mainshock|all,usp000c30u,mainshock,all,178,0.35414993956181184
usp000c30u|mainshock|all,usp000c30u,mainshock,all,179,0.4981755378687852
usp000c30u|mainshock|all,usp000c30u,mainshock,all,180,0.7286107951071016
usp000c30u|mainshock|all,usp000c30u,mainshock,all,181,0.6300076473937017
usp000c30u|mainshock|all,usp000c30u,mainshock,all,182,0.48040644654411835
usp000c30u|mainshock|all,usp000c30u,mainshock,all,183,0.36134642555315327
usp000c30u|mainshock|all,usp000c30u,mainshock,all,184,0.2
usp000c30u|mainshock|all,usp000c30u,mainshock,all,185,0.26558540772540246
usp000c30u|mainshock|all,usp000c30u,mainshock,all,186,0.7450124045428606
usp000c30u|mainshock|all,usp000c30u,mainshock,all,187,0.30759297201007557
usp000c30u|mainshock|all,usp000c30u,mainshock,all,188,0.35724430364366444
usp000c30u|mainshock|all,usp000c30u,mainshock,all,189,0.3861150393396331
usp000c30u|mainshock|all,usp000c30u,mainshock,all,190,0.4101160422918949
usp000c30u|mainshock|all,usp000c30u,mainshock,all,191,0.8533653379554997
usp000c30u|mainshock|all,usp000c30u,mainshock,all,192,0.3154015568976848
usp000c30u|mainshock|all,usp000c30u,mainshock,all,193,0.36452409726536067
usp000c30u|mainshock|all,usp000c30u,mainshock,all,194,0.4877696693010389
usp000c30u|mainshock|all,usp000c30u,mainshock,all,195,0.33200468365404157
usp000c30u|mainshock|all,usp000c30u,mainshock,all,196,0.7532352772789364
usp000c30u|mainshock|all,usp000c30u,mainshock,all,197,0.32545075495081394
usp000c30u|mainshock|all,usp000c30u,mainshock,all,198,0.2735910716028916
usp000c30u|mainshock|all,usp000c30u,mainshock,all,199,0.3763038020257592
usp000c30u|depth|all_depth,usp000c30u,depth,all_depth,0,0.4214636810252574
usp000c30u|depth|all_depth,usp000c30u,depth,all_depth,1,0.6388296799595693
usp000c30u|depth|all_depth,usp000c30u,depth,all_depth,2,0.2745892415262391
usp000c30u|depth|all_depth,usp000c30u,depth,all_depth,3,0.3414363554412894
usp000c30u|depth|all_depth,usp000c30u,depth,all_depth,4,0.4084194822649644
usp000c30u|depth|all_depth,usp000c30u,depth,all_depth,5,0.4477164644433162
usp000c30u|depth|all_depth,usp000c30u,depth,all_depth,6,0.5245103030052146
usp000c30u|depth|all_depth,usp000c30u,depth,all_depth,7,0.2593735931991869
usp000c30u|depth|all_depth,usp000c30u,depth,all_depth,8,0.48171111579384013
usp000c30u|depth|all_depth,usp000c30u,depth,all_depth,9,0.6505959790162658
usp000c30u|depth|all_depth,usp000c30u,depth,all_depth,10,0.5470187186066026
usp000c30u|depth|all_depth,usp000c30u,depth,all_depth,11,0.35505238644168496
usp000c30u|depth|all_depth,usp000c30u,depth,all_depth,12,0.7102132534824979
usp000c30u|depth|all_depth,usp000c30u,depth,all_depth,13,0.6608515584182859
usp000c30u|depth|all_depth,usp000c30u,depth,all_depth,14,0.586070881376177
usp000c30u|depth|all_depth,usp000c30u,depth,all_depth,15,0.8860648707569521
usp000c30u|depth|all_depth,usp000c30u,depth,all_depth,16,0.7726005081370958
usp000c30u|depth|all_depth,usp000c30u,depth,all_depth,17,0.664985507871328
usp000c30u|depth|all_depth,usp000c30u,depth,all_depth,18,0.6257887546078987
usp000c30u|depth|all_depth,usp000c30u,depth,all_depth,19,0.2879894674720899
usp000c30u|depth|all_depth,usp000c30u,depth,all_depth,20,0.34011398027824913
usp000c30u|depth|all_depth,usp000c30u,depth,all_depth,21,0.691055698622644
usp000c30u|depth|all_depth,usp000c30u,depth,all_depth,22,0.7201595678238278
usp000c30u|depth|all_depth,usp000c30u,depth,all_depth,23,0.44687995669154096
usp000c30u|depth|all_depth,usp000c30u,depth,all_depth,24,0.58655518687746
usp000c30u|depth|all_depth,usp000c30u,depth,all_depth,25,0.3112963696750306
usp000c30u|depth|all_depth,usp000c30u,depth,all_depth,26,0.8452934122188529
usp000c30u|depth|all_depth,usp000c30u,depth,all_depth,27,0.6322963101544639
usp000c30u|depth|all_depth,usp000c30u,depth,all_depth,28,0.2842292899893744
usp000c30u|depth|all_depth,usp000c30u,depth,all_depth,29,0.6750690745922489
usp000c30u|depth|all_depth,usp000c30u,depth,all_depth,30,0.4939500869566064
usp000c30u|depth|all_depth,usp000c30u,depth,all_depth,31,0.3345695937673292
usp000c30u|depth|all_depth,usp000c30u,depth,all_depth,32,0.6139089570811639
usp000c30u|depth|all_depth,usp000c30u,depth,all_depth,33,0.6827180255327697
usp000c30u|depth|all_depth,usp000c30u,depth,all_depth,34,0.533703903263019
usp000c30u|depth|all_depth,usp000c30u,depth,all_depth,35,0.3506353298685918
usp000c30u|depth|all_depth,usp000c30u,depth,all_depth,36,0.7748956778964863
usp000c30u|depth|all_depth,usp000c30u,depth,all_depth,37,0.7477955444969939
usp000c30u|depth|all_depth,usp000c30u,depth,all_depth,38,0.2
usp000c30u|depth|all_depth,usp000c30u,depth,all_depth,39,0.5747858586003521
usp000c30u|depth|all_depth,usp000c30u,depth,all_depth,40,0.3963533203790264
usp000c30u|depth|all_depth,usp000c30u,depth,all_depth,41,0.3399907683847773
usp000c30u|depth|all_depth,usp000c30u,depth,all_depth,42,0.39053092782376464
usp000c30u|depth|all_depth,usp000c30u,depth,all_depth,43,0.32809241308251397
usp000c30u|depth|all_depth,usp000c30u,depth,all_depth,44,0.4052148332107137
usp000c30u|depth|all_depth,usp000c30u,depth,all_depth,45,0.5591854363088132
usp000c30u|depth|all_depth,usp000c30u,depth,all_depth,46,0.3101567413231215
usp000c30u|depth|all_depth,usp000c30u,depth,all_depth,47,0.5001916627198324
usp000c30u|depth|all_depth,usp000c30u,depth,all_depth,48,0.764856012431539
usp000c30u|depth|all_depth,usp000c30u,depth,all_depth,49,0.4491404178984265
usp000c30u|depth|all_depth,usp000c30u,depth,all_depth,50,0.4825435358539272
usp000c30u|depth|all_depth,usp000c30u,depth,all_depth,51,0.36701117560199803
usp000c30u|depth|all_depth,usp000c30u,depth,all_depth,52,0.6021929655561704
usp000c30u|depth|all_depth,usp000c30u,depth,all_depth,53,0.42914878652441246
usp000c30u|depth|all_depth,usp000c30u,depth,all_depth,54,0.6571120365891212
usp000c30u|depth|all_depth,usp000c30u,depth,all_depth,55,0.43992724869208644
usp000c30u|depth|all_depth,usp000c30u,depth,all_depth,56,0.2
usp000c30u|depth|all_depth,usp000c30u,depth,all_depth,57,0.49604286163678984
usp000c30u|depth|all_depth,usp000c30u,depth,all_depth,58,0.5681838919210004
usp000c30u|depth|all_depth,usp000c30u,depth,all_depth,59,0.3723382854941598
usp000c30u|depth|all_depth,usp000c30u,depth,all_depth,60,0.27589581801317387
usp000c30u|depth|all_depth,usp000c30u,depth,all_depth,61,0.6026260973717987
usp000c30u|depth|all_depth,usp000c30u,depth,all_depth,62,0.952371081809799
usp000c30u|depth|all_depth,usp000c30u,depth,all_depth,63,0.2789807815315356
usp000c30u|depth|all_depth,usp000c30u,depth,all_depth,64,0.35542801322572476
usp000c30u|depth|all_depth,usp000c30u,depth,all_depth,65,0.5154183398668466
usp000c30u|depth|all_depth,usp000c30u,depth,all_depth,66,0.6711764080232007
usp000c30u|depth|all_depth,usp000c30u,depth,all_depth,67,0.7337233783649977
usp000c30u|depth|all_depth,usp000c30u,depth,all_depth,68,0.7620857374960263
usp000c30u|depth|all_depth,usp000c30u,depth,all_depth,69,0.6282970488013916
usp000c30u|depth|all_depth,usp000c30u,depth,all_depth,70,0.7523959447373066
usp000c30u|depth|all_depth,usp000c30u,depth,all_depth,71,0.5305374919193954
usp000c30u|depth|all_depth,usp000c30u,depth,all_depth,72,0.6377263997900662
usp000c30u|depth|all_depth,usp000c30u,depth,all_depth,73,0.5664014480690766
usp000c30u|depth|all_depth,usp000c30u,depth,all_depth,74,0.8890947040134032
usp000c30u|depth|all_depth,usp000c30u,depth,all_depth,75,0.32200481020310656
usp000c30u|depth|all_depth,usp000c30u,depth,all_depth,76,0.5682329851389493
usp000c30u|depth|all_depth,usp000c30u,depth,all_depth,77,0.5970949981987649
usp000c30u|depth|all_depth,usp000c30u,depth,all_depth,78,0.7727573664460209
usp000c30u|depth|all_depth,usp000c30u,depth,all_depth,79,0.6950740750707886
usp000c30u|depth|all_depth,usp000c30u,depth,all_depth,80,0.5945071625591744
usp000c30u|depth|all_depth,usp000c30u,depth,all_depth,81,0.5474640657674419
usp000c30u|depth|all_depth,usp000c30u,depth,all_depth,82,0.5352855244494901
usp000c30u|depth|all_depth,usp000c30u,depth,all_depth,83,0.5533546165363052
usp000c30u|depth|all_depth,usp000c30u,depth,all_depth,84,0.4104979229338216
usp000c30u|depth|all_depth,usp000c30u,depth,all_depth,85,0.48742892845671726
usp000c30u|depth|all_depth,usp000c30u,depth,all_depth,86,0.5250898842137179
usp000c30u|depth|all_depth,usp000c30u,depth,all_depth,87,0.326690065742498
usp000c30u|depth|all_depth,usp000c30u,depth,all_depth,88,0.34844514978571495
usp000c30u|depth|all_depth,usp000c30u,depth,all_depth,89,0.3017659206236762
usp000c30u|depth|all_depth,usp000c30u,depth,all_depth,90,0.7290776829850077
usp000c30u|depth|all_depth,usp000c30u,depth,all_depth,91,0.4734009751042127
usp000c30u|depth|all_depth,usp000c30u,depth,all_depth,92,0.2
usp000c30u|depth|all_depth,usp000c30u,depth,all_depth,93,0.24211269934486132
usp000c30u|depth|all_depth,usp000c30u,depth,all_depth,94,0.7330289382317547
usp000c30u|depth|all_depth,usp000c30u,depth,all_depth,95,0.6154707546277183
usp000c30u|depth|all_depth,usp000c30u,depth,all_depth,96,0.46816851615598465
usp000c30u|depth|all_depth,usp000c30u,depth,all_depth,97,0.41285975766357863
usp000c30u|depth|all_depth,usp000c30u,depth,all_depth,98,0.8067751551398225
usp000c30u|depth|all_depth,usp000c30u,depth,all_depth,99,0.29385509118613995
usp000c30u|depth|all_depth,usp000c30u,depth,all_depth,100,0.8986637787261006
usp000c30u|depth|all_depth,usp000c30u,depth,all_depth,101,0.6086724085600331
usp000c30u|depth|all_depth,usp000c30u,depth,all_depth,102,0.5637194593877228
usp000c30u|depth|all_depth,usp000c30u,depth,all_depth,103,0.573677237205337
usp000c30u|depth|all_depth,usp000c30u,depth,all_depth,104,0.6253380259274752
usp000c30u|depth|all_depth,usp000c30u,depth,all_depth,105,0.3671285601747012
usp000c30u|depth|all_depth,usp000c30u,depth,all_depth,106,0.39707364357638586
usp000c30u|depth|all_depth,usp000c30u,depth,all_depth,107,0.596866386578842
usp000c30u|depth|all_depth,usp000c30u,depth,all_depth,108,0.6429986345557873
usp000c30u|depth|all_depth,usp000c30u,depth,all_depth,109,0.6564231396002495
usp000c30u|depth|all_depth,usp000c30u,depth,all_depth,110,0.29223195748903547
usp000c30u|depth|all_depth,usp000c30u,depth,all_depth,111,0.8674729648260062
usp000c30u|depth|all_depth,usp000c30u,depth,all_depth,112,0.6394817120147099
usp000c30u|depth|all_depth,usp000c30u,depth,all_depth,113,0.28756539483171767
usp000c30u|depth|all_depth,usp000c30u,depth,all_depth,114,0.5928016488986629
usp000c30u|depth|all_depth,usp000c30u,depth,all_depth,115,0.44470798903474035
usp000c30u|depth|all_depth,usp000c30u,depth,all_depth,116,0.2
usp000c30u|depth|all_depth,usp000c30u,depth,all_depth,117,0.5020922612500541
usp000c30u|depth|all_depth,usp000c30u,depth,all_depth,118,0.7257490220909628
usp000c30u|depth|all_depth,usp000c30u,depth,all_depth,119,0.5594138201278253
usp000c30u|depth|all_depth,usp000c30u,depth,all_depth,120,0.5889682918680151
usp000c30u|depth|all_depth,usp000c30u,depth,all_depth,121,0.5290517365396534
usp000c30u|depth|all_depth,usp000c30u,depth,all_depth,122,0.6691099931876825
usp000c30u|depth|all_depth,usp000c30u,depth,all_depth,123,0.3067330301910142
usp000c30u|depth|all_depth,usp000c30u,depth,all_depth,124,0.39781648148714366
usp000c30u|depth|all_depth,usp000c30u,depth,all_depth,125,0.6552185459872798
usp000c30u|depth|all_depth,usp000c30u,depth,all_depth,126,0.6673038742985622
usp000c30u|depth|all_depth,usp000c30u,depth,all_depth,127,0.5216896260912709
usp000c30u|depth|all_depth,usp000c30u,depth,all_depth,128,0.6754969845378388
usp000c30u|depth|all_depth,usp000c30u,depth,all_depth,129,0.3908395170361977
usp000c30u|depth|all_depth,usp000c30u,depth,all_depth,130,0.6671670514430319
usp000c30u|depth|all_depth,usp000c30u,depth,all_depth,131,0.32519277262279794
usp000c30u|depth|all_depth,usp000c30u,depth,all_depth,132,0.3421851913363539
usp000c30u|depth|all_depth,usp000c30u,depth,all_depth,133,0.6642083896793465
usp000c30u|depth|all_depth,usp000c30u,depth,all_depth,134,0.31749755404878505
usp000c30u|depth|all_depth,usp000c30u,depth,all_depth,135,0.2594544348085802
usp000c30u|depth|all_depth,usp000c30u,depth,all_depth,136,0.3835384228910647
usp000c30u|depth|all_depth,usp000c30u,depth,all_depth,137,0.7461157980205365
usp000c30u|depth|all_depth,usp000c30u,depth,all_depth,138,0.5842434940080194
usp000c30u|depth|all_depth,usp000c30u,depth,all_depth,139,0.2148589486047833
usp000c30u|depth|all_depth,usp000c30u,depth,all_depth,140,0.3973167860361356
usp000c30u|depth|all_depth,usp000c30u,depth,all_depth,141,0.574193934499705
usp000c30u|depth|all_depth,usp000c30u,depth,all_depth,142,0.3232541356019764
usp000c30u|depth|all_depth,usp000c30u,depth,all_depth,143,0.7023587160287328
usp000c30u|depth|all_depth,usp000c30u,depth,all_depth,144,0.4923758287048793
usp000c30u|depth|all_depth,usp000c30u,depth,all_depth,145,0.3903595886203148
usp000c30u|depth|all_depth,usp000c30u,depth,all_depth,146,0.21789040605067547
usp000c30u|depth|all_depth,usp000c30u,depth,all_depth,147,0.43973194798523
usp000c30u|depth|all_depth,usp000c30u,depth,all_depth,148,0.451567937753375
usp000c30u|depth|all_depth,usp000c30u,depth,all_depth,149,0.3881418083462335
usp000c30u|depth|all_depth,usp000c30u,depth,all_depth,150,0.41569911122338016
usp000c30u|depth|all_depth,usp000c30u,depth,all_depth,151,0.6450629410732305
usp000c30u|depth|all_depth,usp000c30u,depth,all_depth,152,0.38020472877357986
usp000c30u|depth|all_depth,usp000c30u,depth,all_depth,153,0.3168053247739076
usp000c30u|depth|all_depth,usp000c30u,depth,all_depth,154,0.3151290676406345
usp000c30u|depth|all_depth,usp000c30u,depth,all_depth,155,0.5317936933889893
usp000c30u|depth|all_depth,usp000c30u,depth,all_depth,156,0.48389832590775766
usp000c30u|depth|all_depth,usp000c30u,depth,all_depth,157,0.5939558963595835
usp000c30u|depth|all_depth,usp000c30u,depth,all_depth,158,0.6249099006297635
usp000c30u|depth|all_depth,usp000c30u,depth,all_depth,159,0.7940715610074646
usp000c30u|depth|all_depth,usp000c30u,depth,all_depth,160,0.348378154194808
usp000c30u|depth|all_depth,usp000c30u,depth,all_depth,161,0.6033176701554123
usp000c30u|depth|all_depth,usp000c30u,depth,all_depth,162,0.748439937847136
usp000c30u|depth|all_depth,usp000c30u,depth,all_depth,163,0.3155053363104079
usp000c30u|depth|all_depth,usp000c30u,depth,all_depth,164,0.3148181035965947
usp000c30u|depth|all_depth,usp000c30u,depth,all_depth,165,0.7091007699706163
usp000c30u|depth|all_depth,usp000c30u,depth,all_depth,166,0.35235017897632626
usp000c30u|depth|all_depth,usp000c30u,depth,all_depth,167,0.5741003686873379
usp000c30u|depth|all_depth,usp000c30u,depth,all_depth,168,0.503297802906608
usp000c30u|depth|all_depth,usp000c30u,depth,all_depth,169,0.32162264685636044
usp000c30u|depth|all_depth,usp000c30u,depth,all_depth,170,0.7092418117747927
usp000c30u|depth|all_depth,usp000c30u,depth,all_depth,171,0.45583460470735654
usp000c30u|depth|all_depth,usp000c30u,depth,all_depth,172,0.43070775339103656
usp000c30u|depth|all_depth,usp000c30u,depth,all_depth,173,0.310893471732655
usp000c30u|depth|all_depth,usp000c30u,depth,all_depth,174,0.750214753992458
usp000c30u|depth|all_depth,usp000c30u,depth,all_depth,175,0.4052631731892359
usp000c30u|depth|all_depth,usp000c30u,depth,all_depth,176,0.4179923280864315
usp000c30u|depth|all_depth,usp000c30u,depth,all_depth,177,0.6319261854264225
usp000c30u|depth|all_depth,usp000c30u,depth,all_depth,178,0.3623723469652608
usp000c30u|depth|all_depth,usp000c30u,depth,all_depth,179,0.5634192694680014
usp000c30u|depth|all_depth,usp000c30u,depth,all_depth,180,0.3787890613035596
usp000c30u|depth|all_depth,usp000c30u,depth,all_depth,181,0.5165175030913433
usp000c30u|depth|all_depth,usp000c30u,depth,all_depth,182,0.7702005937280192
usp000c30u|depth|all_depth,usp000c30u,depth,all_depth,183,0.4748998517512634
usp000c30u|depth|all_depth,usp000c30u,depth,all_depth,184,0.5060874023792671
usp000c30u|depth|all_depth,usp000c30u,depth,all_depth,185,0.797023456584478
usp000c30u|depth|all_depth,usp000c30u,depth,all_depth,186,0.6011295485376292
usp000c30u|depth|all_depth,usp000c30u,depth,all_depth,187,0.29392226515439185
usp000c30u|depth|all_depth,usp000c30u,depth,all_depth,188,0.6232832474640101
usp000c30u|depth|all_depth,usp000c30u,depth,all_depth,189,0.6405751806984514
usp000c30u|depth|all_depth,usp000c30u,depth,all_depth,190,0.6019131064309453
usp000c30u|depth|all_depth,usp000c30u,depth,all_depth,191,0.6223221331978768
usp000c30u|depth|all_depth,usp000c30u,depth,all_depth,192,0.36244391391364833
usp000c30u|depth|all_depth,usp000c30u,depth,all_depth,193,0.2532089588832456
usp000c30u|depth|all_depth,usp000c30u,depth,all_depth,194,0.6073767152482176
usp000c30u|depth|all_depth,usp000c30u,depth,all_depth,195,0.5024739748067449
usp000c30u|depth|all_depth,usp000c30u,depth,all_depth,196,0.7556711466346728
usp000c30u|depth|all_depth,usp000c30u,depth,all_depth,197,0.8195405203412259
usp000c30u|depth|all_depth,usp000c30u,depth,all_depth,198,0.5525251476629998
usp000c30u|depth|all_depth,usp000c30u,depth,all_depth,199,0.43617373211148064
usp000c30u|ring|0-400km,usp000c30u,ring,0-400km,0,0.5104090502036827
usp000c30u|ring|0-400km,usp000c30u,ring,0-400km,1,0.4882466934378783
usp000c30u|ring|0-400km,usp000c30u,ring,0-400km,2,0.6546096585362118
usp000c30u|ring|0-400km,usp000c30u,ring,0-400km,3,0.6104616258156783
usp000c30u|ring|0-400km,usp000c30u,ring,0-400km,4,0.4683216420095522
usp000c30u|ring|0-400km,usp000c30u,ring,0-400km,5,0.7175364772351829
usp000c30u|ring|0-400km,usp000c30u,ring,0-400km,6,0.7353090549004065
usp000c30u|ring|0-400km,usp000c30u,ring,0-400km,7,0.433599141367021
usp000c30u|ring|0-400km,usp000c30u,ring,0-400km,8,0.6682067102153674
usp000c30u|ring|0-400km,usp000c30u,ring,0-400km,9,0.27302709113305934
usp000c30u|ring|0-400km,usp000c30u,ring,0-400km,10,0.38814479413019143
usp000c30u|ring|0-400km,usp000c30u,ring,0-400km,11,0.29377994876567587
usp000c30u|ring|0-400km,usp000c30u,ring,0-400km,12,0.6242442303417389
usp000c30u|ring|0-400km,usp000c30u,ring,0-400km,13,0.5372262701908511
usp000c30u|ring|0-400km,usp000c30u,ring,0-400km,14,0.5787183201842678
usp000c30u|ring|0-400km,usp000c30u,ring,0-400km,15,0.6584697888367586
usp000c30u|ring|0-400km,usp000c30u,ring,0-400km,16,0.4700186608377686
usp000c30u|ring|0-400km,usp000c30u,ring,0-400km,17,0.4436741680389478
usp000c30u|ring|0-400km,usp000c30u,ring,0-400km,18,0.5765134907209353
usp000c30u|ring|0-400km,usp000c30u,ring,0-400km,19,0.29253377583578527
usp000c30u|ring|0-400km,usp000c30u,ring,0-400km,20,0.6006899276460554
usp000c30u|ring|0-400km,usp000c30u,ring,0-400km,21,0.4219895073581348
usp000c30u|ring|0-400km,usp000c30u,ring,0-400km,22,0.42510261352240186
usp000c30u|ring|0-400km,usp000c30u,ring,0-400km,23,0.3011043882825948
usp000c30u|ring|0-400km,usp000c30u,ring,0-400km,24,0.4133651135474385
usp000c30u|ring|0-400km,usp000c30u,ring,0-400km,25,0.564475600715915
usp000c30u|ring|0-400km,usp000c30u,ring,0-400km,26,0.5487128158240384
usp000c30u|ring|0-400km,usp000c30u,ring,0-400km,27,0.5379231220447419
usp000c30u|ring|0-400km,usp000c30u,ring,0-400km,28,0.5344755166075974
usp000c30u|ring|0-400km,usp000c30u,ring,0-400km,29,0.5018314433987986
usp000c30u|ring|0-400km,usp000c30u,ring,0-400km,30,0.5386880442985541
usp000c30u|ring|0-400km,usp000c30u,ring,0-400km,31,0.4888563710886753
usp000c30u|ring|0-400km,usp000c30u,ring,0-400km,32,0.3336889087593432
usp000c30u|ring|0-400km,usp000c30u,ring,0-400km,33,0.36666940821274563
usp000c30u|ring|0-400km,usp000c30u,ring,0-400km,34,0.8073876386914972
usp000c30u|ring|0-400km,usp000c30u,ring,0-400km,35,0.4418008404835347
usp000c30u|ring|0-400km,usp000c30u,ring,0-400km,36,0.4014232494097501
usp000c30u|ring|0-400km,usp000c30u,ring,0-400km,37,0.4932149111109002
usp000c30u|ring|0-400km,usp000c30u,ring,0-400km,38,0.26200552497919477
usp000c30u|ring|0-400km,usp000c30u,ring,0-400km,39,0.7984854568432689
usp000c30u|ring|0-400km,usp000c30u,ring,0-400km,40,0.2590245651784462
usp000c30u|ring|0-400km,usp000c30u,ring,0-400km,41,0.2931696001626599
usp000c30u|ring|0-400km,usp000c30u,ring,0-400km,42,0.3987265189329015
usp000c30u|ring|0-400km,usp000c30u,ring,0-400km,43,0.5480495716650226
usp000c30u|ring|0-400km,usp000c30u,ring,0-400km,44,0.5139814323220357
usp000c30u|ring|0-400km,usp000c30u,ring,0-400km,45,0.43831841449755743
usp000c30u|ring|0-400km,usp000c30u,ring,0-400km,46,0.8976791073842287
usp000c30u|ring|0-400km,usp000c30u,ring,0-400km,47,0.5188818295866469
usp000c30u|ring|0-400km,usp000c30u,ring,0-400km,48,0.4667603718548433
usp000c30u|ring|0-400km,usp000c30u,ring,0-400km,49,0.2741203420108441
usp000c30u|ring|0-400km,usp000c30u,ring,0-400km,50,0.5700435524337274
usp000c30u|ring|0-400km,usp000c30u,ring,0-400km,51,0.6507156696129882
usp000c30u|ring|0-400km,usp000c30u,ring,0-400km,52,0.6711088193199579
usp000c30u|ring|0-400km,usp000c30u,ring,0-400km,53,0.8618877927627322
usp000c30u|ring|0-400km,usp000c30u,ring,0-400km,54,0.9301949705446266
usp000c30u|ring|0-400km,usp000c30u,ring,0-400km,55,0.579954753253413
usp000c30u|ring|0-400km,usp000c30u,ring,0-400km,56,0.7748872389022656
usp000c30u|ring|0-400km,usp000c30u,ring,0-400km,57,0.4618807745620232
usp000c30u|ring|0-400km,usp000c30u,ring,0-400km,58,0.5887682154874945
usp000c30u|ring|0-400km,usp000c30u,ring,0-400km,59,0.48525100368798013
usp000c30u|ring|0-400km,usp000c30u,ring,0-400km,60,0.30514638214237555
usp000c30u|ring|0-400km,usp000c30u,ring,0-400km,61,0.5252239198342766
usp000c30u|ring|0-400km,usp000c30u,ring,0-400km,62,0.5252184698593179
usp000c30u|ring|0-400km,usp000c30u,ring,0-400km,63,0.39779986956354635
usp000c30u|ring|0-400km,usp000c30u,ring,0-400km,64,0.659351242413693
usp000c30u|ring|0-400km,usp000c30u,ring,0-400km,65,0.6314903216630019
usp000c30u|ring|0-400km,usp000c30u,ring,0-400km,66,0.4611901971249576
usp000c30u|ring|0-400km,usp000c30u,ring,0-400km,67,0.6308118784824575
usp000c30u|ring|0-400km,usp000c30u,ring,0-400km,68,0.570959435719154
usp000c30u|ring|0-400km,usp000c30u,ring,0-400km,69,0.8151648114318361
usp000c30u|ring|0-400km,usp000c30u,ring,0-400km,70,0.6054468084361466
usp000c30u|ring|0-400km,usp000c30u,ring,0-400km,71,0.3672996853916168
usp000c30u|ring|0-400km,usp000c30u,ring,0-400km,72,0.4780430117892462
usp000c30u|ring|0-400km,usp000c30u,ring,0-400km,73,0.5885016379873815
usp000c30u|ring|0-400km,usp000c30u,ring,0-400km,74,0.37920230062105964
usp000c30u|ring|0-400km,usp000c30u,ring,0-400km,75,0.7798428878054017
usp000c30u|ring|0-400km,usp000c30u,ring,0-400km,76,0.6359664160398427
usp000c30u|ring|0-400km,usp000c30u,ring,0-400km,77,0.3496446266335355
usp000c30u|ring|0-400km,usp000c30u,ring,0-400km,78,0.4727837706337761
usp000c30u|ring|0-400km,usp000c30u,ring,0-400km,79,0.40022915060747744
usp000c30u|ring|0-400km,usp000c30u,ring,0-400km,80,0.6110426329678788
usp000c30u|ring|0-400km,usp000c30u,ring,0-400km,81,0.2804008855886618
usp000c30u|ring|0-400km,usp000c30u,ring,0-400km,82,0.7261104780723885
usp000c30u|ring|0-400km,usp000c30u,ring,0-400km,83,0.5170407329633518
usp000c30u|ring|0-400km,usp000c30u,ring,0-400km,84,0.45178853581385686
usp000c30u|ring|0-400km,usp000c30u,ring,0-400km,85,0.6011236039903088
usp000c30u|ring|0-400km,usp000c30u,ring,0-400km,86,0.7207894165704106
usp000c30u|ring|0-400km,usp000c30u,ring,0-400km,87,0.4690013087403764
usp000c30u|ring|0-400km,usp000c30u,ring,0-400km,88,0.6432479837402069
usp000c30u|ring|0-400km,usp000c30u,ring,0-400km,89,0.6751443459746548
usp000c30u|ring|0-400km,usp000c30u,ring,0-400km,90,0.5733785360608037
usp000c30u|ring|0-400km,usp000c30u,ring,0-400km,91,0.5469663589273199
usp000c30u|ring|0-400km,usp000c30u,ring,0-400km,92,0.3956762569067914
usp000c30u|ring|0-400km,usp000c30u,ring,0-400km,93,0.5040794756648226
usp000c30u|ring|0-400km,usp000c30u,ring,0-400km,94,0.6399299537572826
usp000c30u|ring|0-400km,usp000c30u,ring,0-400km,95,0.3608546409536103
usp000c30u|ring|0-400km,usp000c30u,ring,0-400km,96,0.48978196617648373
usp000c30u|ring|0-400km,usp000c30u,ring,0-400km,97,0.47759578267688724
usp000c30u|ring|0-400km,usp000c30u,ring,0-400km,98,0.5265426452330232
usp000c30u|ring|0-400km,usp000c30u,ring,0-400km,99,0.7797774885332647
usp000c30u|ring|0-400km,usp000c30u,ring,0-400km,100,0.2723851127422551
usp000c30u|ring|0-400km,usp000c30u,ring,0-400km,101,0.3957544506852834
usp000c30u|ring|0-400km,usp000c30u,ring,0-400km,102,0.5406872764307539
usp000c30u|ring|0-400km,usp000c30u,ring,0-400km,103,0.8317703428076316
usp000c30u|ring|0-400km,usp000c30u,ring,0-400km,104,0.35981436153458757
usp000c30u|ring|0-400km,usp000c30u,ring,0-400km,105,0.40141831058771016
usp000c30u|ring|0-400km,usp000c30u,ring,0-400km,106,0.3000974260356003
usp000c30u|ring|0-400km,usp000c30u,ring,0-400km,107,0.4692972131134783
usp000c30u|ring|0-400km,usp000c30u,ring,0-400km,108,0.289400558283096
usp000c30u|ring|0-400km,usp000c30u,ring,0-400km,109,0.6446367068745134
usp000c30u|ring|0-400km,usp000c30u,ring,0-400km,110,0.7777032277535463
usp000c30u|ring|0-400km,usp000c30u,ring,0-400km,111,0.5551028557677936
usp000c30u|ring|0-400km,usp000c30u,ring,0-400km,112,0.30940898240197684
usp000c30u|ring|0-400km,usp000c30u,ring,0-400km,113,0.7499474626741692
usp000c30u|ring|0-400km,usp000c30u,ring,0-400km,114,0.5233732658496832
usp000c30u|ring|0-400km,usp000c30u,ring,0-400km,115,0.5535786481134177
usp000c30u|ring|0-400km,usp000c30u,ring,0-400km,116,0.5880501828619817
usp000c30u|ring|0-400km,usp000c30u,ring,0-400km,117,0.6447532626708188
usp000c30u|ring|0-400km,usp000c30u,ring,0-400km,118,0.48314302790678104
usp000c30u|ring|0-400km,usp000c30u,ring,0-400km,119,0.40679235332875274
usp000c30u|ring|0-400km,usp000c30u,ring,0-400km,120,0.34978180903391687
usp000c30u|ring|0-400km,usp000c30u,ring,0-400km,121,0.4832223141275308
usp000c30u|ring|0-400km,usp000c30u,ring,0-400km,122,0.6638473158018624
usp000c30u|ring|0-400km,usp000c30u,ring,0-400km,123,0.5700221131109058
usp000c30u|ring|0-400km,usp000c30u,ring,0-400km,124,0.5535429721533458
usp000c30u|ring|0-400km,usp000c30u,ring,0-400km,125,0.7020731370496789
usp000c30u|ring|0-400km,usp000c30u,ring,0-400km,126,0.35890848890763516
usp000c30u|ring|0-400km,usp000c30u,ring,0-400km,127,0.579162877141905
usp000c30u|ring|0-400km,usp000c30u,ring,0-400km,128,0.465658907575959
usp000c30u|ring|0-400km,usp000c30u,ring,0-400km,129,0.5341354985214568
usp000c30u|ring|0-400km,usp000c30u,ring,0-400km,130,0.8013138291613084
usp000c30u|ring|0-400km,usp000c30u,ring,0-400km,131,0.3057296956649526
usp000c30u|ring|0-400km,usp000c30u,ring,0-400km,132,0.317359875200409
usp000c30u|ring|0-400km,usp000c30u,ring,0-400km,133,0.778067496669581
usp000c30u|ring|0-400km,usp000c30u,ring,0-400km,134,0.5905328365614365
usp000c30u|ring|0-400km,usp000c30u,ring,0-400km,135,0.47262658217775183
usp000c30u|ring|0-400km,usp000c30u,ring,0-400km,136,0.49649457595241925
usp000c30u|ring|0-400km,usp000c30u,ring,0-400km,137,0.6281666667929039
usp000c30u|ring|0-400km,usp000c30u,ring,0-400km,138,0.5885353258536865
usp000c30u|ring|0-400km,usp000c30u,ring,0-400km,139,0.2975094189650122
usp000c30u|ring|0-400km,usp000c30u,ring,0-400km,140,0.4359853989393068
usp000c30u|ring|0-400km,usp000c30u,ring,0-400km,141,0.21557010979396868
usp000c30u|ring|0-400km,usp000c30u,ring,0-400km,142,0.3374718740079012
usp000c30u|ring|0-400km,usp000c30u,ring,0-400km,143,0.6842783753500834
usp000c30u|ring|0-400km,usp000c30u,ring,0-400km,144,0.7636675940829825
usp000c30u|ring|0-400km,usp000c30u,ring,0-400km,145,0.760344919692255
usp000c30u|ring|0-400km,usp000c30u,ring,0-400km,146,0.5569309666963127
usp000c30u|ring|0-400km,usp000c30u,ring,0-400km,147,0.6162193257014456
usp000c30u|ring|0-400km,usp000c30u,ring,0-400km,148,0.39262804412604385
usp000c30u|ring|0-400km,usp000c30u,ring,0-400km,149,0.5215291487183505
usp000c30u|ring|0-400km,usp000c30u,ring,0-400km,150,0.6207778320261181
usp000c30u|ring|0-400km,usp000c30u,ring,0-400km,151,0.32769397887256796
usp000c30u|ring|0-400km,usp000c30u,ring,0-400km,152,0.6750818865577229
usp000c30u|ring|0-400km,usp000c30u,ring,0-400km,153,0.7971029441715476
usp000c30u|ring|0-400km,usp000c30u,ring,0-400km,154,0.6110676052098435
usp000c30u|ring|0-400km,usp000c30u,ring,0-400km,155,0.6346241860823051
usp000c30u|ring|0-400km,usp000c30u,ring,0-400km,156,0.47107882805434703
usp000c30u|ring|0-400km,usp000c30u,ring,0-400km,157,0.3914898213779819
usp000c30u|ring|0-400km,usp000c30u,ring,0-400km,158,0.5366331156185161
usp000c30u|ring|0-400km,usp000c30u,ring,0-400km,159,0.5622921360288028
usp000c30u|ring|0-400km,usp000c30u,ring,0-400km,160,0.7663108119580294
usp000c30u|ring|0-400km,usp000c30u,ring,0-400km,161,0.5241716733362153
usp000c30u|ring|0-400km,usp000c30u,ring,0-400km,162,0.7596215872259238
usp000c30u|ring|0-400km,usp000c30u,ring,0-400km,163,0.32495725224773864
usp000c30u|ring|0-400km,usp000c30u,ring,0-400km,164,0.5994945730742697
usp000c30u|ring|0-400km,usp000c30u,ring,0-400km,165,0.5064871052452194
usp000c30u|ring|0-400km,usp000c30u,ring,0-400km,166,0.7386226669794859
usp000c30u|ring|0-400km,usp000c30u,ring,0-400km,167,0.7783847080413052
usp000c30u|ring|0-400km,usp000c30u,ring,0-400km,168,0.550662426819521
usp000c30u|ring|0-400km,usp000c30u,ring,0-400km,169,0.5665372038530374
usp000c30u|ring|0-400km,usp000c30u,ring,0-400km,170,0.7177973961372057
usp000c30u|ring|0-400km,usp000c30u,ring,0-400km,171,0.4498533733753943
usp000c30u|ring|0-400km,usp000c30u,ring,0-400km,172,0.6541040561185951
usp000c30u|ring|0-400km,usp000c30u,ring,0-400km,173,0.47084508272527237
usp000c30u|ring|0-400km,usp000c30u,ring,0-400km,174,0.5429242228782192
usp000c30u|ring|0-400km,usp000c30u,ring,0-400km,175,0.7602650017105032
usp000c30u|ring|0-400km,usp000c30u,ring,0-400km,176,0.4428852292265753
usp000c30u|ring|0-400km,usp000c30u,ring,0-400km,177,0.4451700465872566
usp000c30u|ring|0-400km,usp000c30u,ring,0-400km,178,0.6441071096859196
usp000c30u|ring|0-400km,usp000c30u,ring,0-400km,179,0.9887652725803616
usp000c30u|ring|0-400km,usp000c30u,ring,0-400km,180,0.5195015694778629
usp000c30u|ring|0-400km,usp000c30u,ring,0-400km,181,0.48176805033655973
usp000c30u|ring|0-400km,usp000c30u,ring,0-400km,182,0.301770055524154
usp000c30u|ring|0-400km,usp000c30u,ring,0-400km,183,0.3722876526834419
usp000c30u|ring|0-400km,usp000c30u,ring,0-400km,184,0.48009279471755795
usp000c30u|ring|0-400km,usp000c30u,ring,0-400km,185,0.4289452038915057
usp000c30u|ring|0-400km,usp000c30u,ring,0-400km,186,0.5681076702290013
usp000c30u|ring|0-400km,usp000c30u,ring,0-400km,187,0.6893128950927204
usp000c30u|ring|0-400km,usp000c30u,ring,0-400km,188,0.7675517512745013
usp000c30u|ring|0-400km,usp000c30u,ring,0-400km,189,0.3718934587640316
usp000c30u|ring|0-400km,usp000c30u,ring,0-400km,190,0.40631123571361144
usp000c30u|ring|0-400km,usp000c30u,ring,0-400km,191,0.3932677183188072
usp000c30u|ring|0-400km,usp000c30u,ring,0-400km,192,0.22958756831796764
usp000c30u|ring|0-400km,usp000c30u,ring,0-400km,193,0.39181609627444963
usp000c30u|ring|0-400km,usp000c30u,ring,0-400km,194,0.2905038337265652
usp000c30u|ring|0-400km,usp000c30u,ring,0-400km,195,0.335024288800832
usp000c30u|ring|0-400km,usp000c30u,ring,0-400km,196,0.4729650105342462
usp000c30u|ring|0-400km,usp000c30u,ring,0-400km,197,0.30746963883545236
usp000c30u|ring|0-400km,usp000c30u,ring,0-400km,198,0.857926151089483
usp000c30u|ring|0-400km,usp000c30u,ring,0-400km,199,0.7599396278892254
usp000fd8a|mainshock|all,usp000fd8a,mainshock,all,0,0.603527487847827
usp000fd8a|mainshock|all,usp000fd8a,mainshock,all,1,0.662969345123715
usp000fd8a|mainshock|all,usp000fd8a,mainshock,all,2,0.5332900487427686
usp000fd8a|mainshock|all,usp000fd8a,mainshock,all,3,0.43782472482134516
usp000fd8a|mainshock|all,usp000fd8a,mainshock,all,4,0.6149036571591352
usp000fd8a|mainshock|all,usp000fd8a,mainshock,all,5,0.3924355516613737
usp000fd8a|mainshock|all,usp000fd8a,mainshock,all,6,0.6718326472408207
usp000fd8a|mainshock|all,usp000fd8a,mainshock,all,7,0.5086678930940381
usp000fd8a|mainshock|all,usp000fd8a,mainshock,all,8,0.5709688261029254
usp000fd8a|mainshock|all,usp000fd8a,mainshock,all,9,0.6203283176990081
usp000fd8a|mainshock|all,usp000fd8a,mainshock,all,10,0.6746766591805597
usp000fd8a|mainshock|all,usp000fd8a,mainshock,all,11,0.5903757997011077
usp000fd8a|mainshock|all,usp000fd8a,mainshock,all,12,0.5088792354432814
usp000fd8a|mainshock|all,usp000fd8a,mainshock,all,13,0.6186990093132619
usp000fd8a|mainshock|all,usp000fd8a,mainshock,all,14,0.42417262740395933
usp000fd8a|mainshock|all,usp000fd8a,mainshock,all,15,0.44427910428943657
usp000fd8a|mainshock|all,usp000fd8a,mainshock,all,16,0.3978780870780158
usp000fd8a|mainshock|all,usp000fd8a,mainshock,all,17,0.4559715570616441
usp000fd8a|mainshock|all,usp000fd8a,mainshock,all,18,0.5737114683478624
usp000fd8a|mainshock|all,usp000fd8a,mainshock,all,19,0.5045838965722866
usp000fd8a|mainshock|all,usp000fd8a,mainshock,all,20,0.5825638923809431
usp000fd8a|mainshock|all,usp000fd8a,mainshock,all,21,0.46217460494383716
usp000fd8a|mainshock|all,usp000fd8a,mainshock,all,22,0.5367233942907543
usp000fd8a|mainshock|all,usp000fd8a,mainshock,all,23,0.5657818317050985
usp000fd8a|mainshock|all,usp000fd8a,mainshock,all,24,0.39938950256523825
usp000fd8a|mainshock|all,usp000fd8a,mainshock,all,25,0.42839060928563827
usp000fd8a|mainshock|all,usp000fd8a,mainshock,all,26,0.652936651748019
usp000fd8a|mainshock|all,usp000fd8a,mainshock,all,27,0.7200031273409772
usp000fd8a|mainshock|all,usp000fd8a,mainshock,all,28,0.5154848001033089
usp000fd8a|mainshock|all,usp000fd8a,mainshock,all,29,0.2
usp000fd8a|mainshock|all,usp000fd8a,mainshock,all,30,0.4235552626962095
usp000fd8a|mainshock|all,usp000fd8a,mainshock,all,31,0.3686544197516952
usp000fd8a|mainshock|all,usp000fd8a,mainshock,all,32,0.5118720987105988
usp000fd8a|mainshock|all,usp000fd8a,mainshock,all,33,0.5693225791838987
usp000fd8a|mainshock|all,usp000fd8a,mainshock,all,34,0.5118756408202647
usp000fd8a|mainshock|all,usp000fd8a,mainshock,all,35,0.5261909479000388
usp000fd8a|mainshock|all,usp000fd8a,mainshock,all,36,0.3906850945228643
usp000fd8a|mainshock|all,usp000fd8a,mainshock,all,37,0.448812983652529
usp000fd8a|mainshock|all,usp000fd8a,mainshock,all,38,0.2932454517686598
usp000fd8a|mainshock|all,usp000fd8a,mainshock,all,39,0.5258587658285978
usp000fd8a|mainshock|all,usp000fd8a,mainshock,all,40,0.37358350953516684
usp000fd8a|mainshock|all,usp000fd8a,mainshock,all,41,0.4527883671853534
usp000fd8a|mainshock|all,usp000fd8a,mainshock,all,42,0.6451483539753848
usp000fd8a|mainshock|all,usp000fd8a,mainshock,all,43,0.4932828457049746
usp000fd8a|mainshock|all,usp000fd8a,mainshock,all,44,0.5000679132829725
usp000fd8a|mainshock|all,usp000fd8a,mainshock,all,45,0.5409559979208585
usp000fd8a|mainshock|all,usp000fd8a,mainshock,all,46,0.7296145194617334
usp000fd8a|mainshock|all,usp000fd8a,mainshock,all,47,0.7416248060940771
usp000fd8a|mainshock|all,usp000fd8a,mainshock,all,48,0.5915539115796691
usp000fd8a|mainshock|all,usp000fd8a,mainshock,all,49,0.3262256244195294
usp000fd8a|mainshock|all,usp000fd8a,mainshock,all,50,0.29846819180269446
usp000fd8a|mainshock|all,usp000fd8a,mainshock,all,51,0.34409224640420655
usp000fd8a|mainshock|all,usp000fd8a,mainshock,all,52,0.5189688133096172
usp000fd8a|mainshock|all,usp000fd8a,mainshock,all,53,0.38180863425354633
usp000fd8a|mainshock|all,usp000fd8a,mainshock,all,54,0.6216290153098936
usp000fd8a|mainshock|all,usp000fd8a,mainshock,all,55,0.4136175474355967
usp000fd8a|mainshock|all,usp000fd8a,mainshock,all,56,0.462142412352287
usp000fd8a|mainshock|all,usp000fd8a,mainshock,all,57,0.5047798832415589
usp000fd8a|mainshock|all,usp000fd8a,mainshock,all,58,0.40858684915924337
usp000fd8a|mainshock|all,usp000fd8a,mainshock,all,59,0.5332596962962323
usp000fd8a|mainshock|all,usp000fd8a,mainshock,all,60,0.619844996284537
usp000fd8a|mainshock|all,usp000fd8a,mainshock,all,61,0.6018692991668368
usp000fd8a|mainshock|all,usp000fd8a,mainshock,all,62,0.559960059404946
usp000fd8a|mainshock|all,usp000fd8a,mainshock,all,63,0.7068730947761288
usp000fd8a|mainshock|all,usp000fd8a,mainshock,all,64,0.5178695596478509
usp000fd8a|mainshock|all,usp000fd8a,mainshock,all,65,0.6709870422905386
usp000fd8a|mainshock|all,usp000fd8a,mainshock,all,66,0.7199863248619558
usp000fd8a|mainshock|all,usp000fd8a,mainshock,all,67,0.5364292664975169
usp000fd8a|mainshock|all,usp000fd8a,mainshock,all,68,0.4393101510104382
usp000fd8a|mainshock|all,usp000fd8a,mainshock,all,69,0.39882212678308315
usp000fd8a|mainshock|all,usp000fd8a,mainshock,all,70,0.6677486438023625
usp000fd8a|mainshock|all,usp000fd8a,mainshock,all,71,0.47973683239490067
usp000fd8a|mainshock|all,usp000fd8a,mainshock,all,72,0.3414973779944663
usp000fd8a|mainshock|all,usp000fd8a,mainshock,all,73,0.5665303635897521
usp000fd8a|mainshock|all,usp000fd8a,mainshock,all,74,0.2
usp000fd8a|mainshock|all,usp000fd8a,mainshock,all,75,0.5802863405359893
usp000fd8a|mainshock|all,usp000fd8a,mainshock,all,76,0.49026449960421564
usp000fd8a|mainshock|all,usp000fd8a,mainshock,all,77,0.6100205973605984
usp000fd8a|mainshock|all,usp000fd8a,mainshock,all,78,0.37766576136968616
usp000fd8a|mainshock|all,usp000fd8a,mainshock,all,79,0.6861319138014137
usp000fd8a|mainshock|all,usp000fd8a,mainshock,all,80,0.4507270939498105
usp000fd8a|mainshock|all,usp000fd8a,mainshock,all,81,0.6784275670017073
usp000fd8a|mainshock|all,usp000fd8a,mainshock,all,82,0.6035947235985686
usp000fd8a|mainshock|all,usp000fd8a,mainshock,all,83,0.3655011311587944
usp000fd8a|mainshock|all,usp000fd8a,mainshock,all,84,0.2
usp000fd8a|mainshock|all,usp000fd8a,mainshock,all,85,0.30178686313579123
usp000fd8a|mainshock|all,usp000fd8a,mainshock,all,86,0.5420181518446775
usp000fd8a|mainshock|all,usp000fd8a,mainshock,all,87,0.4578373942844686
usp000fd8a|mainshock|all,usp000fd8a,mainshock,all,88,0.30053978381503105
usp000fd8a|mainshock|all,usp000fd8a,mainshock,all,89,0.5303769219967147
usp000fd8a|mainshock|all,usp000fd8a,mainshock,all,90,0.6567371703611665
usp000fd8a|mainshock|all,usp000fd8a,mainshock,all,91,0.5946277652953166
usp000fd8a|mainshock|all,usp000fd8a,mainshock,all,92,0.43200363905791034
usp000fd8a|mainshock|all,usp000fd8a,mainshock,all,93,0.6594227853712263
usp000fd8a|mainshock|all,usp000fd8a,mainshock,all,94,0.6491753522156543
usp000fd8a|mainshock|all,usp000fd8a,mainshock,all,95,0.6271007095936418
usp000fd8a|mainshock|all,usp000fd8a,mainshock,all,96,0.4171589601876074
usp000fd8a|mainshock|all,usp000fd8a,mainshock,all,97,0.5423329405653831
usp000fd8a|mainshock|all,usp000fd8a,mainshock,all,98,0.267388851158655
usp000fd8a|mainshock|all,usp000fd8a,mainshock,all,99,0.549495609232765
usp000fd8a|mainshock|all,usp000fd8a,mainshock,all,100,0.3644365591585574
usp000fd8a|mainshock|all,usp000fd8a,mainshock,all,101,0.47640238350773373
usp000fd8a|mainshock|all,usp000fd8a,mainshock,all,102,0.764273633593718
usp000fd8a|mainshock|all,usp000fd8a,mainshock,all,103,0.6368956991758662
usp000fd8a|mainshock|all,usp000fd8a,mainshock,all,104,0.5618725573579072
usp000fd8a|mainshock|all,usp000fd8a,mainshock,all,105,0.4967585864383606
usp000fd8a|mainshock|all,usp000fd8a,mainshock,all,106,0.512386683749187
usp000fd8a|mainshock|all,usp000fd8a,mainshock,all,107,0.613214687277148
usp000fd8a|mainshock|all,usp000fd8a,mainshock,all,108,0.6169164907655817
usp000fd8a|mainshock|all,usp000fd8a,mainshock,all,109,0.5611597578308992
usp000fd8a|mainshock|all,usp000fd8a,mainshock,all,110,0.26059165682215013
usp000fd8a|mainshock|all,usp000fd8a,mainshock,all,111,0.35465013058568023
usp000fd8a|mainshock|all,usp000fd8a,mainshock,all,112,0.5111349977490769
usp000fd8a|mainshock|all,usp000fd8a,mainshock,all,113,0.5610936848033513
usp000fd8a|mainshock|all,usp000fd8a,mainshock,all,114,0.26273237617829276
usp000fd8a|mainshock|all,usp000fd8a,mainshock,all,115,0.2
usp000fd8a|mainshock|all,usp000fd8a,mainshock,all,116,0.5691811664548206
usp000fd8a|mainshock|all,usp000fd8a,mainshock,all,117,0.38925140986643253
usp000fd8a|mainshock|all,usp000fd8a,mainshock,all,118,0.35143957242374224
usp000fd8a|mainshock|all,usp000fd8a,mainshock,all,119,0.5839550902958659
usp000fd8a|mainshock|all,usp000fd8a,mainshock,all,120,0.7225238324129339
usp000fd8a|mainshock|all,usp000fd8a,mainshock,all,121,0.4756586874309951
usp000fd8a|mainshock|all,usp000fd8a,mainshock,all,122,0.42061931955006265
usp000fd8a|mainshock|all,usp000fd8a,mainshock,all,123,0.4142142514364623
usp000fd8a|mainshock|all,usp000fd8a,mainshock,all,124,0.5215569346232256
usp000fd8a|mainshock|all,usp000fd8a,mainshock,all,125,0.4920928175462288
usp000fd8a|mainshock|all,usp000fd8a,mainshock,all,126,0.5751480943057562
usp000fd8a|mainshock|all,usp000fd8a,mainshock,all,127,0.5943727552099309
usp000fd8a|mainshock|all,usp000fd8a,mainshock,all,128,0.6549294140703497
usp000fd8a|mainshock|all,usp000fd8a,mainshock,all,129,0.6078369387533158
usp000fd8a|mainshock|all,usp000fd8a,mainshock,all,130,0.522643553596161
usp000fd8a|mainshock|all,usp000fd8a,mainshock,all,131,0.5479063925544735
usp000fd8a|mainshock|all,usp000fd8a,mainshock,all,132,0.42757451264318996
usp000fd8a|mainshock|all,usp000fd8a,mainshock,all,133,0.46351038475094963
usp000fd8a|mainshock|all,usp000fd8a,mainshock,all,134,0.3805797350774337
usp000fd8a|mainshock|all,usp000fd8a,mainshock,all,135,0.4656723033926324
usp000fd8a|mainshock|all,usp000fd8a,mainshock,all,136,0.4833181677321185
usp000fd8a|mainshock|all,usp000fd8a,mainshock,all,137,0.6081127727856646
usp000fd8a|mainshock|all,usp000fd8a,mainshock,all,138,0.51668522886252
usp000fd8a|mainshock|all,usp000fd8a,mainshock,all,139,0.41545375493562736
usp000fd8a|mainshock|all,usp000fd8a,mainshock,all,140,0.5380132926592247
usp000fd8a|mainshock|all,usp000fd8a,mainshock,all,141,0.38068910007875467
usp000fd8a|mainshock|all,usp000fd8a,mainshock,all,142,0.28262070910479026
usp000fd8a|mainshock|all,usp000fd8a,mainshock,all,143,0.5719316215785085
usp000fd8a|mainshock|all,usp000fd8a,mainshock,all,144,0.5315031890117212
usp000fd8a|mainshock|all,usp000fd8a,mainshock,all,145,0.5721377541618542
usp000fd8a|mainshock|all,usp000fd8a,mainshock,all,146,0.5796903376808342
usp000fd8a|mainshock|all,usp000fd8a,mainshock,all,147,0.6243880581135809
usp000fd8a|mainshock|all,usp000fd8a,mainshock,all,148,0.29521691023900887
usp000fd8a|mainshock|all,usp000fd8a,mainshock,all,149,0.4526175496944287
usp000fd8a|mainshock|all,usp000fd8a,mainshock,all,150,0.6332407718282627
usp000fd8a|mainshock|all,usp000fd8a,mainshock,all,151,0.373543831791583
usp000fd8a|mainshock|all,usp000fd8a,mainshock,all,152,0.3676658789764833
usp000fd8a|mainshock|all,usp000fd8a,mainshock,all,153,0.3852968195990869
usp000fd8a|mainshock|all,usp000fd8a,mainshock,all,154,0.503375634384523
usp000fd8a|mainshock|all,usp000fd8a,mainshock,all,155,0.560034187940172
usp000fd8a|mainshock|all,usp000fd8a,mainshock,all,156,0.5643618233006484
usp000fd8a|mainshock|all,usp000fd8a,mainshock,all,157,0.6615071527936989
usp000fd8a|mainshock|all,usp000fd8a,mainshock,all,158,0.32566610671172314
usp000fd8a|mainshock|all,usp000fd8a,mainshock,all,159,0.362941355255049
usp000fd8a|mainshock|all,usp000fd8a,mainshock,all,160,0.4576816987667352
usp000fd8a|mainshock|all,usp000fd8a,mainshock,all,161,0.5510057670286033
usp000fd8a|mainshock|all,usp000fd8a,mainshock,all,162,0.406564509056855
usp000fd8a|mainshock|all,usp000fd8a,mainshock,all,163,0.3511480484370028
usp000fd8a|mainshock|all,usp000fd8a,mainshock,all,164,0.6733699833427322
usp000fd8a|mainshock|all,usp000fd8a,mainshock,all,165,0.29598805499980196
usp000fd8a|mainshock|all,usp000fd8a,mainshock,all,166,0.5080397906594594
usp000fd8a|mainshock|all,usp000fd8a,mainshock,all,167,0.5956296613891313
usp000fd8a|mainshock|all,usp000fd8a,mainshock,all,168,0.6641182132083189
usp000fd8a|mainshock|all,usp000fd8a,mainshock,all,169,0.27234656088993625
usp000fd8a|mainshock|all,usp000fd8a,mainshock,all,170,0.6495893291669428
usp000fd8a|mainshock|all,usp000fd8a,mainshock,all,171,0.5967774778873445
usp000fd8a|mainshock|all,usp000fd8a,mainshock,all,172,0.3735574207489316
usp000fd8a|mainshock|all,usp000fd8a,mainshock,all,173,0.5224054090605091
usp000fd8a|mainshock|all,usp000fd8a,mainshock,all,174,0.6493946319404158
usp000fd8a|mainshock|all,usp000fd8a,mainshock,all,175,0.490890782524724
usp000fd8a|mainshock|all,usp000fd8a,mainshock,all,176,0.3330943418511646
usp000fd8a|mainshock|all,usp000fd8a,mainshock,all,177,0.33821113406846304
usp000fd8a|mainshock|all,usp000fd8a,mainshock,all,178,0.6232054891661379
usp000fd8a|mainshock|all,usp000fd8a,mainshock,all,179,0.5059941962396937
usp000fd8a|mainshock|all,usp000fd8a,mainshock,all,180,0.5730602157857864
usp000fd8a|mainshock|all,usp000fd8a,mainshock,all,181,0.40847777220739506
usp000fd8a|mainshock|all,usp000fd8a,mainshock,all,182,0.32241050814334865
usp000fd8a|mainshock|all,usp000fd8a,mainshock,all,183,0.53683283751979
usp000fd8a|mainshock|all,usp000fd8a,mainshock,all,184,0.4952660926371469
usp000fd8a|mainshock|all,usp000fd8a,mainshock,all,185,0.4734342163582444
usp000fd8a|mainshock|all,usp000fd8a,mainshock,all,186,0.5208941543950191
usp000fd8a|mainshock|all,usp000fd8a,mainshock,all,187,0.5731959028274475
usp000fd8a|mainshock|all,usp000fd8a,mainshock,all,188,0.5207199903260326
usp000fd8a|mainshock|all,usp000fd8a,mainshock,all,189,0.6753424786328572
usp000fd8a|mainshock|all,usp000fd8a,mainshock,all,190,0.3109832589995548
usp000fd8a|mainshock|all,usp000fd8a,mainshock,all,191,0.5953686529156593
usp000fd8a|mainshock|all,usp000fd8a,mainshock,all,192,0.6728991523910309
usp000fd8a|mainshock|all,usp000fd8a,mainshock,all,193,0.44224032076381825
usp000fd8a|mainshock|all,usp000fd8a,mainshock,all,194,0.663038715145506
usp000fd8a|mainshock|all,usp000fd8a,mainshock,all,195,0.2
usp000fd8a|mainshock|all,usp000fd8a,mainshock,all,196,0.45791913625666464
usp000fd8a|mainshock|all,usp000fd8a,mainshock,all,197,0.6116378842659418
usp000fd8a|mainshock|all,usp000fd8a,mainshock,all,198,0.44920703691578906
usp000fd8a|mainshock|all,usp000fd8a,mainshock,all,199,0.6305579349473791
usp000fd8a|depth|all_depth,usp000fd8a,depth,all_depth,0,0.6911791486299826
usp000fd8a|depth|all_depth,usp000fd8a,depth,all_depth,1,0.351757629240192
usp000fd8a|depth|all_depth,usp000fd8a,depth,all_depth,2,0.5446024166016352
usp000fd8a|depth|all_depth,usp000fd8a,depth,all_depth,3,0.2
usp000fd8a|depth|all_depth,usp000fd8a,depth,all_depth,4,0.48809524763027595
usp000fd8a|depth|all_depth,usp000fd8a,depth,all_depth,5,0.5189992457116297
usp000fd8a|depth|all_depth,usp000fd8a,depth,all_depth,6,0.6216630956725762
usp000fd8a|depth|all_depth,usp000fd8a,depth,all_depth,7,0.4566271800326178
usp000fd8a|depth|all_depth,usp000fd8a,depth,all_depth,8,0.6025383546056754
usp000fd8a|depth|all_depth,usp000fd8a,depth,all_depth,9,0.5880899745232415
usp000fd8a|depth|all_depth,usp000fd8a,depth,all_depth,10,0.6412312602209477
usp000fd8a|depth|all_depth,usp000fd8a,depth,all_depth,11,0.3571917637677323
usp000fd8a|depth|all_depth,usp000fd8a,depth,all_depth,12,0.45747792041863816
usp000fd8a|depth|all_depth,usp000fd8a,depth,all_depth,13,0.5210159370732841
usp000fd8a|depth|all_depth,usp000fd8a,depth,all_depth,14,0.6138062181904118
usp000fd8a|depth|all_depth,usp000fd8a,depth,all_depth,15,0.2
usp000fd8a|depth|all_depth,usp000fd8a,depth,all_depth,16,0.2102423429175941
usp000fd8a|depth|all_depth,usp000fd8a,depth,all_depth,17,0.46160868832849006
usp000fd8a|depth|all_depth,usp000fd8a,depth,all_depth,18,0.461811250673847
usp000fd8a|depth|all_depth,usp000fd8a,depth,all_depth,19,0.5220965438742908
usp000fd8a|depth|all_depth,usp000fd8a,depth,all_depth,20,0.42507416165636247
usp000fd8a|depth|all_depth,usp000fd8a,depth,all_depth,21,0.35741984454474995
usp000fd8a|depth|all_depth,usp000fd8a,depth,all_depth,22,0.4327234895824421
usp000fd8a|depth|all_depth,usp000fd8a,depth,all_depth,23,0.6280560238759959
usp000fd8a|depth|all_depth,usp000fd8a,depth,all_depth,24,0.3206765140288416
usp000fd8a|depth|all_depth,usp000fd8a,depth,all_depth,25,0.5633204754773554
usp000fd8a|depth|all_depth,usp000fd8a,depth,all_depth,26,0.502813500954407
usp000fd8a|depth|all_depth,usp000fd8a,depth,all_depth,27,0.5626786950387137
usp000fd8a|depth|all_depth,usp000fd8a,depth,all_depth,28,0.48408290977061774
usp000fd8a|depth|all_depth,usp000fd8a,depth,all_depth,29,0.2
usp000fd8a|depth|all_depth,usp000fd8a,depth,all_depth,30,0.49578580147200174
usp000fd8a|depth|all_depth,usp000fd8a,depth,all_depth,31,0.39778158450754836
usp000fd8a|depth|all_depth,usp000fd8a,depth,all_depth,32,0.3809547276888253
usp000fd8a|depth|all_depth,usp000fd8a,depth,all_depth,33,0.44014667855573414
usp000fd8a|depth|all_depth,usp000fd8a,depth,all_depth,34,0.6007818992051009
usp000fd8a|depth|all_depth,usp000fd8a,depth,all_depth,35,0.6537159840440561
usp000fd8a|depth|all_depth,usp000fd8a,depth,all_depth,36,0.28757034946584104
usp000fd8a|depth|all_depth,usp000fd8a,depth,all_depth,37,0.2791617542915453
usp000fd8a|depth|all_depth,usp000fd8a,depth,all_depth,38,0.6915440816254904
usp000fd8a|depth|all_depth,usp000fd8a,depth,all_depth,39,0.541741304469569
usp000fd8a|depth|all_depth,usp000fd8a,depth,all_depth,40,0.7657615349796543
usp000fd8a|depth|all_depth,usp000fd8a,depth,all_depth,41,0.5403353124504151
usp000fd8a|depth|all_depth,usp000fd8a,depth,all_depth,42,0.6072675710800232
usp000fd8a|depth|all_depth,usp000fd8a,depth,all_depth,43,0.6426212612314018
usp000fd8a|depth|all_depth,usp000fd8a,depth,all_depth,44,0.6983520296053499
usp000fd8a|depth|all_depth,usp000fd8a,depth,all_depth,45,0.34359912131067916
usp000fd8a|depth|all_depth,usp000fd8a,depth,all_depth,46,0.5186195788982848
usp000fd8a|depth|all_depth,usp000fd8a,depth,all_depth,47,0.36856495913542625
usp000fd8a|depth|all_depth,usp000fd8a,depth,all_depth,48,0.44163863209623666
usp000fd8a|depth|all_depth,usp000fd8a,depth,all_depth,49,0.7110671799999619
usp000fd8a|depth|all_depth,usp000fd8a,depth,all_depth,50,0.4413488000954008
usp000fd8a|depth|all_depth,usp000fd8a,depth,all_depth,51,0.3451519260286227
usp000fd8a|depth|all_depth,usp000fd8a,depth,all_depth,52,0.4265850817842733
usp000fd8a|depth|all_depth,usp000fd8a,depth,all_depth,53,0.5695290991925732
usp000fd8a|depth|all_depth,usp000fd8a,depth,all_depth,54,0.35308184372947576
usp000fd8a|depth|all_depth,usp000fd8a,depth,all_depth,55,0.4668072285389261
usp000fd8a|depth|all_depth,usp000fd8a,depth,all_depth,56,0.2
usp000fd8a|depth|all_depth,usp000fd8a,depth,all_depth,57,0.5270106094588772
usp000fd8a|depth|all_depth,usp000fd8a,depth,all_depth,58,0.23015289498937477
usp000fd8a|depth|all_depth,usp000fd8a,depth,all_depth,59,0.4874933112309875
usp000fd8a|depth|all_depth,usp000fd8a,depth,all_depth,60,0.5479656557317709
usp000fd8a|depth|all_depth,usp000fd8a,depth,all_depth,61,0.6093928762315528
usp000fd8a|depth|all_depth,usp000fd8a,depth,all_depth,62,0.5654992212021935
usp000fd8a|depth|all_depth,usp000fd8a,depth,all_depth,63,0.6020749810816113
usp000fd8a|depth|all_depth,usp000fd8a,depth,all_depth,64,0.3769230659927686
usp000fd8a|depth|all_depth,usp000fd8a,depth,all_depth,65,0.2
usp000fd8a|depth|all_depth,usp000fd8a,depth,all_depth,66,0.2
usp000fd8a|depth|all_depth,usp000fd8a,depth,all_depth,67,0.5990767925511321
usp000fd8a|depth|all_depth,usp000fd8a,depth,all_depth,68,0.3718478046938483
usp000fd8a|depth|all_depth,usp000fd8a,depth,all_depth,69,0.2
usp000fd8a|depth|all_depth,usp000fd8a,depth,all_depth,70,0.4909095744476645
usp000fd8a|depth|all_depth,usp000fd8a,depth,all_depth,71,0.2
usp000fd8a|depth|all_depth,usp000fd8a,depth,all_depth,72,0.5638332749925351
usp000fd8a|depth|all_depth,usp000fd8a,depth,all_depth,73,0.48704180055264357
usp000fd8a|depth|all_depth,usp000fd8a,depth,all_depth,74,0.3357051330559305
usp000fd8a|depth|all_depth,usp000fd8a,depth,all_depth,75,0.3749066955683986
usp000fd8a|depth|all_depth,usp000fd8a,depth,all_depth,76,0.6565706568978785
usp000fd8a|depth|all_depth,usp000fd8a,depth,all_depth,77,0.5034576903640627
usp000fd8a|depth|all_depth,usp000fd8a,depth,all_depth,78,0.6989241617582475
usp000fd8a|depth|all_depth,usp000fd8a,depth,all_depth,79,0.4187830030071185
usp000fd8a|depth|all_depth,usp000fd8a,depth,all_depth,80,0.6299549719940656
usp000fd8a|depth|all_depth,usp000fd8a,depth,all_depth,81,0.3882004173093367
usp000fd8a|depth|all_depth,usp000fd8a,depth,all_depth,82,0.654812733823666
usp000fd8a|depth|all_depth,usp000fd8a,depth,all_depth,83,0.22726262500581174
usp000fd8a|depth|all_depth,usp000fd8a,depth,all_depth,84,0.5070984289036624
usp000fd8a|depth|all_depth,usp000fd8a,depth,all_depth,85,0.2754191561833038
usp000fd8a|depth|all_depth,usp000fd8a,depth,all_depth,86,0.7532141725127015
usp000fd8a|depth|all_depth,usp000fd8a,depth,all_depth,87,0.45394739023991
usp000fd8a|depth|all_depth,usp000fd8a,depth,all_depth,88,0.7150093344132066
usp000fd8a|depth|all_depth,usp000fd8a,depth,all_depth,89,0.44718409283153493
usp000fd8a|depth|all_depth,usp000fd8a,depth,all_depth,90,0.5887649173185473
usp000fd8a|depth|all_depth,usp000fd8a,depth,all_depth,91,0.6116478532222215
usp000fd8a|depth|all_depth,usp000fd8a,depth,all_depth,92,0.516123659219877
usp000fd8a|depth|all_depth,usp000fd8a,depth,all_depth,93,0.5376324419602867
usp000fd8a|depth|all_depth,usp000fd8a,depth,all_depth,94,0.4938590824469727
usp000fd8a|depth|all_depth,usp000fd8a,depth,all_depth,95,0.2
usp000fd8a|depth|all_depth,usp000fd8a,depth,all_depth,96,0.5971830150686831
usp000fd8a|depth|all_depth,usp000fd8a,depth,all_depth,97,0.551404566090323
usp000fd8a|depth|all_depth,usp000fd8a,depth,all_depth,98,0.5607371855602001
usp000fd8a|depth|all_depth,usp000fd8a,depth,all_depth,99,0.5854336869262506
usp000fd8a|depth|all_depth,usp000fd8a,depth,all_depth,100,0.5382672385587792
usp000fd8a|depth|all_depth,usp000fd8a,depth,all_depth,101,0.3666709821483904
usp000fd8a|depth|all_depth,usp000fd8a,depth,all_depth,102,0.6773480182728763
usp000fd8a|depth|all_depth,usp000fd8a,depth,all_depth,103,0.40953488272701455
usp000fd8a|depth|all_depth,usp000fd8a,depth,all_depth,104,0.35050664039588697
usp000fd8a|depth|all_depth,usp000fd8a,depth,all_depth,105,0.4909653118426399
usp000fd8a|depth|all_depth,usp000fd8a,depth,all_depth,106,0.26438532595309083
usp000fd8a|depth|all_depth,usp000fd8a,depth,all_depth,107,0.2
usp000fd8a|depth|all_depth,usp000fd8a,depth,all_depth,108,0.4347025676369772
usp000fd8a|depth|all_depth,usp000fd8a,depth,all_depth,109,0.47192136438186494
usp000fd8a|depth|all_depth,usp000fd8a,depth,all_depth,110,0.24525728679525263
usp000fd8a|depth|all_depth,usp000fd8a,depth,all_depth,111,0.6076616385310742
usp000fd8a|depth|all_depth,usp000fd8a,depth,all_depth,112,0.7442225461293057
usp000fd8a|depth|all_depth,usp000fd8a,depth,all_depth,113,0.43633444345930816
usp000fd8a|depth|all_depth,usp000fd8a,depth,all_depth,114,0.28270047291493566
usp000fd8a|depth|all_depth,usp000fd8a,depth,all_depth,115,0.4379497575838451
usp000fd8a|depth|all_depth,usp000fd8a,depth,all_depth,116,0.3634493986689815
usp000fd8a|depth|all_depth,usp000fd8a,depth,all_depth,117,0.5141046898907732
usp000fd8a|depth|all_depth,usp000fd8a,depth,all_depth,118,0.2859970701462427
usp000fd8a|depth|all_depth,usp000fd8a,depth,all_depth,119,0.41932957687418965
usp000fd8a|depth|all_depth,usp000fd8a,depth,all_depth,120,0.5644539512084459
usp000fd8a|depth|all_depth,usp000fd8a,depth,all_depth,121,0.38893947263004414
usp000fd8a|depth|all_depth,usp000fd8a,depth,all_depth,122,0.513100806572666
usp000fd8a|depth|all_depth,usp000fd8a,depth,all_depth,123,0.5196987556383481
usp000fd8a|depth|all_depth,usp000fd8a,depth,all_depth,124,0.4670666880967294
usp000fd8a|depth|all_depth,usp000fd8a,depth,all_depth,125,0.38928196250484254
usp000fd8a|depth|all_depth,usp000fd8a,depth,all_depth,126,0.29585084100365466
usp000fd8a|depth|all_depth,usp000fd8a,depth,all_depth,127,0.6281368593454867
usp000fd8a|depth|all_depth,usp000fd8a,depth,all_depth,128,0.36833221374895986
usp000fd8a|depth|all_depth,usp000fd8a,depth,all_depth,129,0.5519284732159293
usp000fd8a|depth|all_depth,usp000fd8a,depth,all_depth,130,0.5112611826925905
usp000fd8a|depth|all_depth,usp000fd8a,depth,all_depth,131,0.4996307886939122
usp000fd8a|depth|all_depth,usp000fd8a,depth,all_depth,132,0.6290811142864582
usp000fd8a|depth|all_depth,usp000fd8a,depth,all_depth,133,0.5388048989957919
usp000fd8a|depth|all_depth,usp000fd8a,depth,all_depth,134,0.2
usp000fd8a|depth|all_depth,usp000fd8a,depth,all_depth,135,0.4804052874882337
usp000fd8a|depth|all_depth,usp000fd8a,depth,all_depth,136,0.36747010705713956
usp000fd8a|depth|all_depth,usp000fd8a,depth,all_depth,137,0.41190213759217054
usp000fd8a|depth|all_depth,usp000fd8a,depth,all_depth,138,0.5538613545166758
usp000fd8a|depth|all_depth,usp000fd8a,depth,all_depth,139,0.4283423492970733
usp000fd8a|depth|all_depth,usp000fd8a,depth,all_depth,140,0.6295322692877914
usp000fd8a|depth|all_depth,usp000fd8a,depth,all_depth,141,0.6198428089534517
usp000fd8a|depth|all_depth,usp000fd8a,depth,all_depth,142,0.7308836987260049
usp000fd8a|depth|all_depth,usp000fd8a,depth,all_depth,143,0.4200754886106119
usp000fd8a|depth|all_depth,usp000fd8a,depth,all_depth,144,0.3586787966091017
usp000fd8a|depth|all_depth,usp000fd8a,depth,all_depth,145,0.47504509403808154
usp000fd8a|depth|all_depth,usp000fd8a,depth,all_depth,146,0.39867768529056824
usp000fd8a|depth|all_depth,usp000fd8a,depth,all_depth,147,0.5283521186023684
usp000fd8a|depth|all_depth,usp000fd8a,depth,all_depth,148,0.32279967141768645
usp000fd8a|depth|all_depth,usp000fd8a,depth,all_depth,149,0.6193777510269296
usp000fd8a|depth|all_depth,usp000fd8a,depth,all_depth,150,0.6167062516664211
usp000fd8a|depth|all_depth,usp000fd8a,depth,all_depth,151,0.4134286924002869
usp000fd8a|depth|all_depth,usp000fd8a,depth,all_depth,152,0.456882623784646
usp000fd8a|depth|all_depth,usp000fd8a,depth,all_depth,153,0.5651090396171287
usp000fd8a|depth|all_depth,usp000fd8a,depth,all_depth,154,0.5802570158584607
usp000fd8a|depth|all_depth,usp000fd8a,depth,all_depth,155,0.44576774558347637
usp000fd8a|depth|all_depth,usp000fd8a,depth,all_depth,156,0.5160364300108599
usp000fd8a|depth|all_depth,usp000fd8a,depth,all_depth,157,0.6266522966498722
usp000fd8a|depth|all_depth,usp000fd8a,depth,all_depth,158,0.4942946565769404
usp000fd8a|depth|all_depth,usp000fd8a,depth,all_depth,159,0.5737403948799153
usp000fd8a|depth|all_depth,usp000fd8a,depth,all_depth,160,0.33821921294879936
usp000fd8a|depth|all_depth,usp000fd8a,depth,all_depth,161,0.5519076982711545
usp000fd8a|depth|all_depth,usp000fd8a,depth,all_depth,162,0.46175471342838526
usp000fd8a|depth|all_depth,usp000fd8a,depth,all_depth,163,0.5689924261577877
usp000fd8a|depth|all_depth,usp000fd8a,depth,all_depth,164,0.5147029776218967
usp000fd8a|depth|all_depth,usp000fd8a,depth,all_depth,165,0.41106706751779265
usp000fd8a|depth|all_depth,usp000fd8a,depth,all_depth,166,0.5723012836987132
usp000fd8a|depth|all_depth,usp000fd8a,depth,all_depth,167,0.3882096764788084
usp000fd8a|depth|all_depth,usp000fd8a,depth,all_depth,168,0.4718053804847269
usp000fd8a|depth|all_depth,usp000fd8a,depth,all_depth,169,0.5749135615330007
usp000fd8a|depth|all_depth,usp000fd8a,depth,all_depth,170,0.4038067614632975
usp000fd8a|depth|all_depth,usp000fd8a,depth,all_depth,171,0.22398395255589615
usp000fd8a|depth|all_depth,usp000fd8a,depth,all_depth,172,0.6306503170104697
usp000fd8a|depth|all_depth,usp000fd8a,depth,all_depth,173,0.4406033603804637
usp000fd8a|depth|all_depth,usp000fd8a,depth,all_depth,174,0.2
usp000fd8a|depth|all_depth,usp000fd8a,depth,all_depth,175,0.4880686410660285
usp000fd8a|depth|all_depth,usp000fd8a,depth,all_depth,176,0.3611075342003271
usp000fd8a|depth|all_depth,usp000fd8a,depth,all_depth,177,0.617629679531141
usp000fd8a|depth|all_depth,usp000fd8a,depth,all_depth,178,0.2808515019737355
usp000fd8a|depth|all_depth,usp000fd8a,depth,all_depth,179,0.46087094503208603
usp000fd8a|depth|all_depth,usp000fd8a,depth,all_depth,180,0.5515600334719242
usp000fd8a|depth|all_depth,usp000fd8a,depth,all_depth,181,0.7351316802133455
usp000fd8a|depth|all_depth,usp000fd8a,depth,all_depth,182,0.5553616038744511
usp000fd8a|depth|all_depth,usp000fd8a,depth,all_depth,183,0.7505064583373615
usp000fd8a|depth|all_depth,usp000fd8a,depth,all_depth,184,0.48009476272317597
usp000fd8a|depth|all_depth,usp000fd8a,depth,all_depth,185,0.46079637482578584
usp000fd8a|depth|all_depth,usp000fd8a,depth,all_depth,186,0.6938430975324774
usp000fd8a|depth|all_depth,usp000fd8a,depth,all_depth,187,0.5290742466231196
usp000fd8a|depth|all_depth,usp000fd8a,depth,all_depth,188,0.4185232249971469
usp000fd8a|depth|all_depth,usp000fd8a,depth,all_depth,189,0.4363814918879863
usp000fd8a|depth|all_depth,usp000fd8a,depth,all_depth,190,0.7792318078700557
usp000fd8a|depth|all_depth,usp000fd8a,depth,all_depth,191,0.4403631961674038
usp000fd8a|depth|all_depth,usp000fd8a,depth,all_depth,192,0.4964441648133335
usp000fd8a|depth|all_depth,usp000fd8a,depth,all_depth,193,0.3217642913284723
usp000fd8a|depth|all_depth,usp000fd8a,depth,all_depth,194,0.5204594069062826
usp000fd8a|depth|all_depth,usp000fd8a,depth,all_depth,195,0.3974522022185751
usp000fd8a|depth|all_depth,usp000fd8a,depth,all_depth,196,0.4397857192223418
usp000fd8a|depth|all_depth,usp000fd8a,depth,all_depth,197,0.3843584826805599
usp000fd8a|depth|all_depth,usp000fd8a,depth,all_depth,198,0.37017431903830345
usp000fd8a|depth|all_depth,usp000fd8a,depth,all_depth,199,0.2936262091412713
usp000fd8a|ring|0-400km,usp000fd8a,ring,0-400km,0,0.6720495303212451
usp000fd8a|ring|0-400km,usp000fd8a,ring,0-400km,1,0.637921956939785
usp000fd8a|ring|0-400km,usp000fd8a,ring,0-400km,2,0.6626968219572119
usp000fd8a|ring|0-400km,usp000fd8a,ring,0-400km,3,0.4460249870777246
usp000fd8a|ring|0-400km,usp000fd8a,ring,0-400km,4,0.6271729280468238
usp000fd8a|ring|0-400km,usp000fd8a,ring,0-400km,5,0.7014016661439422
usp000fd8a|ring|0-400km,usp000fd8a,ring,0-400km,6,0.5957685499143018
usp000fd8a|ring|0-400km,usp000fd8a,ring,0-400km,7,0.5178511542877651
usp000fd8a|ring|0-400km,usp000fd8a,ring,0-400km,8,0.30377310214623765
usp000fd8a|ring|0-400km,usp000fd8a,ring,0-400km,9,0.2
usp000fd8a|ring|0-400km,usp000fd8a,ring,0-400km,10,0.5755565638746745
usp000fd8a|ring|0-400km,usp000fd8a,ring,0-400km,11,0.7007320299634415
usp000fd8a|ring|0-400km,usp000fd8a,ring,0-400km,12,0.7271503441398558
usp000fd8a|ring|0-400km,usp000fd8a,ring,0-400km,13,0.32113858191840416
usp000fd8a|ring|0-400km,usp000fd8a,ring,0-400km,14,0.4552516272239282
usp000fd8a|ring|0-400km,usp000fd8a,ring,0-400km,15,0.4062245692523611
usp000fd8a|ring|0-400km,usp000fd8a,ring,0-400km,16,0.2
usp000fd8a|ring|0-400km,usp000fd8a,ring,0-400km,17,0.27030730561531446
usp000fd8a|ring|0-400km,usp000fd8a,ring,0-400km,18,0.40618671200694667
usp000fd8a|ring|0-400km,usp000fd8a,ring,0-400km,19,0.5053587094728862
usp000fd8a|ring|0-400km,usp000fd8a,ring,0-400km,20,0.3498758131655216
usp000fd8a|ring|0-400km,usp000fd8a,ring,0-400km,21,0.271302174679186
usp000fd8a|ring|0-400km,usp000fd8a,ring,0-400km,22,0.36875102724681946
usp000fd8a|ring|0-400km,usp000fd8a,ring,0-400km,23,0.413290155159368
usp000fd8a|ring|0-400km,usp000fd8a,ring,0-400km,24,0.4187609610559619
usp000fd8a|ring|0-400km,usp000fd8a,ring,0-400km,25,0.29847034886207086
usp000fd8a|ring|0-400km,usp000fd8a,ring,0-400km,26,0.47869051995035244
usp000fd8a|ring|0-400km,usp000fd8a,ring,0-400km,27,0.6254275980541902
usp000fd8a|ring|0-400km,usp000fd8a,ring,0-400km,28,0.4777688042120326
usp000fd8a|ring|0-400km,usp000fd8a,ring,0-400km,29,0.5444818940879537
usp000fd8a|ring|0-400km,usp000fd8a,ring,0-400km,30,0.470273870474155
usp000fd8a|ring|0-400km,usp000fd8a,ring,0-400km,31,0.7672184707014988
usp000fd8a|ring|0-400km,usp000fd8a,ring,0-400km,32,0.7464102315941398
usp000fd8a|ring|0-400km,usp000fd8a,ring,0-400km,33,0.44940330252224614
usp000fd8a|ring|0-400km,usp000fd8a,ring,0-400km,34,0.6802432773936613
usp000fd8a|ring|0-400km,usp000fd8a,ring,0-400km,35,0.45878498831152303
usp000fd8a|ring|0-400km,usp000fd8a,ring,0-400km,36,0.5910074253644506
usp000fd8a|ring|0-400km,usp000fd8a,ring,0-400km,37,0.32657285461866103
usp000fd8a|ring|0-400km,usp000fd8a,ring,0-400km,38,0.45518963481299446
usp000fd8a|ring|0-400km,usp000fd8a,ring,0-400km,39,0.6576029660627791
usp000fd8a|ring|0-400km,usp000fd8a,ring,0-400km,40,0.5681824621132738
usp000fd8a|ring|0-400km,usp000fd8a,ring,0-400km,41,0.6558541451143615
usp000fd8a|ring|0-400km,usp000fd8a,ring,0-400km,42,0.555452055178077
usp000fd8a|ring|0-400km,usp000fd8a,ring,0-400km,43,0.7223085905809349
usp000fd8a|ring|0-400km,usp000fd8a,ring,0-400km,44,0.3455248563029644
usp000fd8a|ring|0-400km,usp000fd8a,ring,0-400km,45,0.45804526918697025
usp000fd8a|ring|0-400km,usp000fd8a,ring,0-400km,46,0.40434646543329256
usp000fd8a|ring|0-400km,usp000fd8a,ring,0-400km,47,0.3469127793855179
usp000fd8a|ring|0-400km,usp000fd8a,ring,0-400km,48,0.7410545304308909
usp000fd8a|ring|0-400km,usp000fd8a,ring,0-400km,49,0.48238615211560293
usp000fd8a|ring|0-400km,usp000fd8a,ring,0-400km,50,0.554591465076463
usp000fd8a|ring|0-400km,usp000fd8a,ring,0-400km,51,0.35538857484963143
usp000fd8a|ring|0-400km,usp000fd8a,ring,0-400km,52,0.5758891001494888
usp000fd8a|ring|0-400km,usp000fd8a,ring,0-400km,53,0.6374758096597762
usp000fd8a|ring|0-400km,usp000fd8a,ring,0-400km,54,0.7058386806013327
usp000fd8a|ring|0-400km,usp000fd8a,ring,0-400km,55,0.2643025916162054
usp000fd8a|ring|0-400km,usp000fd8a,ring,0-400km,56,0.5958872170338649
usp000fd8a|ring|0-400km,usp000fd8a,ring,0-400km,57,0.4512370835441882
usp000fd8a|ring|0-400km,usp000fd8a,ring,0-400km,58,0.4910497981872147
usp000fd8a|ring|0-400km,usp000fd8a,ring,0-400km,59,0.6037770182369926
usp000fd8a|ring|0-400km,usp000fd8a,ring,0-400km,60,0.5557886641195461
usp000fd8a|ring|0-400km,usp000fd8a,ring,0-400km,61,0.36698927853767815
usp000fd8a|ring|0-400km,usp000fd8a,ring,0-400km,62,0.4928459469514804
usp000fd8a|ring|0-400km,usp000fd8a,ring,0-400km,63,0.5198521503771881
usp000fd8a|ring|0-400km,usp000fd8a,ring,0-400km,64,0.7634352708588024
usp000fd8a|ring|0-400km,usp000fd8a,ring,0-400km,65,0.5154696674757193
usp000fd8a|ring|0-400km,usp000fd8a,ring,0-400km,66,0.5090501624506318
usp000fd8a|ring|0-400km,usp000fd8a,ring,0-400km,67,0.6917710918886487
usp000fd8a|ring|0-400km,usp000fd8a,ring,0-400km,68,0.3282537522890192
usp000fd8a|ring|0-400km,usp000fd8a,ring,0-400km,69,0.5828682956467729
usp000fd8a|ring|0-400km,usp000fd8a,ring,0-400km,70,0.6004406295927553
usp000fd8a|ring|0-400km,usp000fd8a,ring,0-400km,71,0.2758815121667941
usp000fd8a|ring|0-400km,usp000fd8a,ring,0-400km,72,0.5719681155372339
usp000fd8a|ring|0-400km,usp000fd8a,ring,0-400km,73,0.5905656201486302
usp000fd8a|ring|0-400km,usp000fd8a,ring,0-400km,74,0.629559977072412
usp000fd8a|ring|0-400km,usp000fd8a,ring,0-400km,75,0.4831553745813391
usp000fd8a|ring|0-400km,usp000fd8a,ring,0-400km,76,0.39322107507609005
usp000fd8a|ring|0-400km,usp000fd8a,ring,0-400km,77,0.6893498370330279
usp000fd8a|ring|0-400km,usp000fd8a,ring,0-400km,78,0.42008455597151184
usp000fd8a|ring|0-400km,usp000fd8a,ring,0-400km,79,0.5447718478683724
usp000fd8a|ring|0-400km,usp000fd8a,ring,0-400km,80,0.504067893958384
usp000fd8a|ring|0-400km,usp000fd8a,ring,0-400km,81,0.46569068099091826
usp000fd8a|ring|0-400km,usp000fd8a,ring,0-400km,82,0.34320698336171124
usp000fd8a|ring|0-400km,usp000fd8a,ring,0-400km,83,0.572064731327156
usp000fd8a|ring|0-400km,usp000fd8a,ring,0-400km,84,0.32217778156300003
usp000fd8a|ring|0-400km,usp000fd8a,ring,0-400km,85,0.2
usp000fd8a|ring|0-400km,usp000fd8a,ring,0-400km,86,0.6593643687854706
usp000fd8a|ring|0-400km,usp000fd8a,ring,0-400km,87,0.21893877553747731
usp000fd8a|ring|0-400km,usp000fd8a,ring,0-400km,88,0.5620393336181949
usp000fd8a|ring|0-400km,usp000fd8a,ring,0-400km,89,0.4991538416407048
usp000fd8a|ring|0-400km,usp000fd8a,ring,0-400km,90,0.4741653512079037
usp000fd8a|ring|0-400km,usp000fd8a,ring,0-400km,91,0.5817279081225574
usp000fd8a|ring|0-400km,usp000fd8a,ring,0-400km,92,0.630439759228852
usp000fd8a|ring|0-400km,usp000fd8a,ring,0-400km,93,0.5765145441506689
usp000fd8a|ring|0-400km,usp000fd8a,ring,0-400km,94,0.4632907320090485
usp000fd8a|ring|0-400km,usp000fd8a,ring,0-400km,95,0.4717033507894807
usp000fd8a|ring|0-400km,usp000fd8a,ring,0-400km,96,0.35789617644838934
usp000fd8a|ring|0-400km,usp000fd8a,ring,0-400km,97,0.33513270153018476
usp000fd8a|ring|0-400km,usp000fd8a,ring,0-400km,98,0.5425180070044251
usp000fd8a|ring|0-400km,usp000fd8a,ring,0-400km,99,0.508161208554247
usp000fd8a|ring|0-400km,usp000fd8a,ring,0-400km,100,0.47753246454974424
usp000fd8a|ring|0-400km,usp000fd8a,ring,0-400km,101,0.4648929783736442
usp000fd8a|ring|0-400km,usp000fd8a,ring,0-400km,102,0.5469566620348892
usp000fd8a|ring|0-400km,usp000fd8a,ring,0-400km,103,0.4303333761316196
usp000fd8a|ring|0-400km,usp000fd8a,ring,0-400km,104,0.4671249189127439
usp000fd8a|ring|0-400km,usp000fd8a,ring,0-400km,105,0.3960162506556124
usp000fd8a|ring|0-400km,usp000fd8a,ring,0-400km,106,0.4893799159558109
usp000fd8a|ring|0-400km,usp000fd8a,ring,0-400km,107,0.35066800268530807
usp000fd8a|ring|0-400km,usp000fd8a,ring,0-400km,108,0.5122346865314846
usp000fd8a|ring|0-400km,usp000fd8a,ring,0-400km,109,0.5914584432533249
usp000fd8a|ring|0-400km,usp000fd8a,ring,0-400km,110,0.36613142260988596
usp000fd8a|ring|0-400km,usp000fd8a,ring,0-400km,111,0.29528360307481805
usp000fd8a|ring|0-400km,usp000fd8a,ring,0-400km,112,0.43530094210327996
usp000fd8a|ring|0-400km,usp000fd8a,ring,0-400km,113,0.43750030172423326
usp000fd8a|ring|0-400km,usp000fd8a,ring,0-400km,114,0.4154587267542418
usp000fd8a|ring|0-400km,usp000fd8a,ring,0-400km,115,0.3325891954337056
usp000fd8a|ring|0-400km,usp000fd8a,ring,0-400km,116,0.6049329162684549
usp000fd8a|ring|0-400km,usp000fd8a,ring,0-400km,117,0.6027953184569459
usp000fd8a|ring|0-400km,usp000fd8a,ring,0-400km,118,0.5050013886109291
usp000fd8a|ring|0-400km,usp000fd8a,ring,0-400km,119,0.6149008676427713
usp000fd8a|ring|0-400km,usp000fd8a,ring,0-400km,120,0.5995556326013706
usp000fd8a|ring|0-400km,usp000fd8a,ring,0-400km,121,0.5711927693817821
usp000fd8a|ring|0-400km,usp000fd8a,ring,0-400km,122,0.3966005791297034
usp000fd8a|ring|0-400km,usp000fd8a,ring,0-400km,123,0.4373180289486305
usp000fd8a|ring|0-400km,usp000fd8a,ring,0-400km,124,0.3949065155241276
usp000fd8a|ring|0-400km,usp000fd8a,ring,0-400km,125,0.5744735630980103
usp000fd8a|ring|0-400km,usp000fd8a,ring,0-400km,126,0.25914282488953944
usp000fd8a|ring|0-400km,usp000fd8a,ring,0-400km,127,0.33576993442190356
usp000fd8a|ring|0-400km,usp000fd8a,ring,0-400km,128,0.3325261081053761
usp000fd8a|ring|0-400km,usp000fd8a,ring,0-400km,129,0.4474914875070952
usp000fd8a|ring|0-400km,usp000fd8a,ring,0-400km,130,0.48534446407212545
usp000fd8a|ring|0-400km,usp000fd8a,ring,0-400km,131,0.5587327139076828
usp000fd8a|ring|0-400km,usp000fd8a,ring,0-400km,132,0.3568694865996815
usp000fd8a|ring|0-400km,usp000fd8a,ring,0-400km,133,0.5184209950855325
usp000fd8a|ring|0-400km,usp000fd8a,ring,0-400km,134,0.5771756757753379
usp000fd8a|ring|0-400km,usp000fd8a,ring,0-400km,135,0.5467184768675813
usp000fd8a|ring|0-400km,usp000fd8a,ring,0-400km,136,0.36785887343036117
usp000fd8a|ring|0-400km,usp000fd8a,ring,0-400km,137,0.6602889150469357
usp000fd8a|ring|0-400km,usp000fd8a,ring,0-400km,138,0.4988017120743354
usp000fd8a|ring|0-400km,usp000fd8a,ring,0-400km,139,0.5328178406534146
usp000fd8a|ring|0-400km,usp000fd8a,ring,0-400km,140,0.6407864254038939
usp000fd8a|ring|0-400km,usp000fd8a,ring,0-400km,141,0.571787785714801
usp000fd8a|ring|0-400km,usp000fd8a,ring,0-400km,142,0.40649310390667437
usp000fd8a|ring|0-400km,usp000fd8a,ring,0-400km,143,0.6499787958453401
usp000fd8a|ring|0-400km,usp000fd8a,ring,0-400km,144,0.40499417419587014
usp000fd8a|ring|0-400km,usp000fd8a,ring,0-400km,145,0.5507305770152672
usp000fd8a|ring|0-400km,usp000fd8a,ring,0-400km,146,0.3525102757196712
usp000fd8a|ring|0-400km,usp000fd8a,ring,0-400km,147,0.36859672244031444
usp000fd8a|ring|0-400km,usp000fd8a,ring,0-400km,148,0.5469387983896652
usp000fd8a|ring|0-400km,usp000fd8a,ring,0-400km,149,0.45988865868650136
usp000fd8a|ring|0-400km,usp000fd8a,ring,0-400km,150,0.6132012074652442
usp000fd8a|ring|0-400km,usp000fd8a,ring,0-400km,151,0.6291996795770687
usp000fd8a|ring|0-400km,usp000fd8a,ring,0-400km,152,0.5098164020370831
usp000fd8a|ring|0-400km,usp000fd8a,ring,0-400km,153,0.32330711873785006
usp000fd8a|ring|0-400km,usp000fd8a,ring,0-400km,154,0.4874358113115182
usp000fd8a|ring|0-400km,usp000fd8a,ring,0-400km,155,0.6045916790082146
usp000fd8a|ring|0-400km,usp000fd8a,ring,0-400km,156,0.44202035180165306
usp000fd8a|ring|0-400km,usp000fd8a,ring,0-400km,157,0.40847470407640935
usp000fd8a|ring|0-400km,usp000fd8a,ring,0-400km,158,0.557244428693056
usp000fd8a|ring|0-400km,usp000fd8a,ring,0-400km,159,0.6596133679098761
usp000fd8a|ring|0-400km,usp000fd8a,ring,0-400km,160,0.546847087431659
usp000fd8a|ring|0-400km,usp000fd8a,ring,0-400km,161,0.46085954526660494
usp000fd8a|ring|0-400km,usp000fd8a,ring,0-400km,162,0.6841462459602995
usp000fd8a|ring|0-400km,usp000fd8a,ring,0-400km,163,0.33351483311382935
usp000fd8a|ring|0-400km,usp000fd8a,ring,0-400km,164,0.5935645146155385
usp000fd8a|ring|0-400km,usp000fd8a,ring,0-400km,165,0.6382984430157634
usp000fd8a|ring|0-400km,usp000fd8a,ring,0-400km,166,0.45390121041766635
usp000fd8a|ring|0-400km,usp000fd8a,ring,0-400km,167,0.3126941692219151
usp000fd8a|ring|0-400km,usp000fd8a,ring,0-400km,168,0.4975575460732598
usp000fd8a|ring|0-400km,usp000fd8a,ring,0-400km,169,0.6590565100884799
usp000fd8a|ring|0-400km,usp000fd8a,ring,0-400km,170,0.3292499667993549
usp000fd8a|ring|0-400km,usp000fd8a,ring,0-400km,171,0.47436361312025066
usp000fd8a|ring|0-400km,usp000fd8a,ring,0-400km,172,0.3716162029830306
usp000fd8a|ring|0-400km,usp000fd8a,ring,0-400km,173,0.5375810885904185
usp000fd8a|ring|0-400km,usp000fd8a,ring,0-400km,174,0.6442173045116542
usp000fd8a|ring|0-400km,usp000fd8a,ring,0-400km,175,0.675390848980073
usp000fd8a|ring|0-400km,usp000fd8a,ring,0-400km,176,0.5469395388704735
usp000fd8a|ring|0-400km,usp000fd8a,ring,0-400km,177,0.46730894947326873
usp000fd8a|ring|0-400km,usp000fd8a,ring,0-400km,178,0.35222347444734614
usp000fd8a|ring|0-400km,usp000fd8a,ring,0-400km,179,0.5627399032440975
usp000fd8a|ring|0-400km,usp000fd8a,ring,0-400km,180,0.48176900428408925
usp000fd8a|ring|0-400km,usp000fd8a,ring,0-400km,181,0.5680205079187022
usp000fd8a|ring|0-400km,usp000fd8a,ring,0-400km,182,0.6630788653387935
usp000fd8a|ring|0-400km,usp000fd8a,ring,0-400km,183,0.4107007333361836
usp000fd8a|ring|0-400km,usp000fd8a,ring,0-400km,184,0.2
usp000fd8a|ring|0-400km,usp000fd8a,ring,0-400km,185,0.4309499615964487
usp000fd8a|ring|0-400km,usp000fd8a,ring,0-400km,186,0.6219379918812312
usp000fd8a|ring|0-400km,usp000fd8a,ring,0-400km,187,0.6464867977439812
usp000fd8a|ring|0-400km,usp000fd8a,ring,0-400km,188,0.6278497221537664
usp000fd8a|ring|0-400km,usp000fd8a,ring,0-400km,189,0.4999442028902971
usp000fd8a|ring|0-400km,usp000fd8a,ring,0-400km,190,0.2680375027233889
usp000fd8a|ring|0-400km,usp000fd8a,ring,0-400km,191,0.554012275159342
usp000fd8a|ring|0-400km,usp000fd8a,ring,0-400km,192,0.3113758302946106
usp000fd8a|ring|0-400km,usp000fd8a,ring,0-400km,193,0.2
usp000fd8a|ring|0-400km,usp000fd8a,ring,0-400km,194,0.5765164808524493
usp000fd8a|ring|0-400km,usp000fd8a,ring,0-400km,195,0.46353171793583237
usp000fd8a|ring|0-400km,usp000fd8a,ring,0-400km,196,0.5178790026436653
usp000fd8a|ring|0-400km,usp000fd8a,ring,0-400km,197,0.5910877956652683
usp000fd8a|ring|0-400km,usp000fd8a,ring,0-400km,198,0.5459155551866858
usp000fd8a|ring|0-400km,usp000fd8a,ring,0-400km,199,0.6537390401075338
usp000g650|mainshock|all,usp000g650,mainshock,all,0,1.114109110224412
usp000g650|mainshock|all,usp000g650,mainshock,all,1,1.1198234061602332
usp000g650|mainshock|all,usp000g650,mainshock,all,2,1.0487118019568997
usp000g650|mainshock|all,usp000g650,mainshock,all,3,1.1723817198976427
usp000g650|mainshock|all,usp000g650,mainshock,all,4,1.1814064948587946
usp000g650|mainshock|all,usp000g650,mainshock,all,5,1.1005828226119783
usp000g650|mainshock|all,usp000g650,mainshock,all,6,1.1394909269027724
usp000g650|mainshock|all,usp000g650,mainshock,all,7,1.1685981083319399
usp000g650|mainshock|all,usp000g650,mainshock,all,8,1.1129481146327385
usp000g650|mainshock|all,usp000g650,mainshock,all,9,1.1197075809918902
usp000g650|mainshock|all,usp000g650,mainshock,all,10,1.1131690240036218
usp000g650|mainshock|all,usp000g650,mainshock,all,11,1.1628051368500303
usp000g650|mainshock|all,usp000g650,mainshock,all,12,1.118337573663043
usp000g650|mainshock|all,usp000g650,mainshock,all,13,1.1228029619389024
usp000g650|mainshock|all,usp000g650,mainshock,all,14,1.1464376935352116
usp000g650|mainshock|all,usp000g650,mainshock,all,15,1.1123224588780547
usp000g650|mainshock|all,usp000g650,mainshock,all,16,1.1608207453142019
usp000g650|mainshock|all,usp000g650,mainshock,all,17,1.107579160970526
usp000g650|mainshock|all,usp000g650,mainshock,all,18,1.0933056929678715
usp000g650|mainshock|all,usp000g650,mainshock,all,19,1.1414506956270856
usp000g650|mainshock|all,usp000g650,mainshock,all,20,1.1113691331154743
usp000g650|mainshock|all,usp000g650,mainshock,all,21,1.0977815303935343
usp000g650|mainshock|all,usp000g650,mainshock,all,22,1.151441011144143
usp000g650|mainshock|all,usp000g650,mainshock,all,23,1.1319911218240508
usp000g650|mainshock|all,usp000g650,mainshock,all,24,1.171536408417384
usp000g650|mainshock|all,usp000g650,mainshock,all,25,1.1402908830098717
usp000g650|mainshock|all,usp000g650,mainshock,all,26,1.1535788682182373
usp000g650|mainshock|all,usp000g650,mainshock,all,27,1.1255318312329516
usp000g650|mainshock|all,usp000g650,mainshock,all,28,1.1146159533996742
usp000g650|mainshock|all,usp000g650,mainshock,all,29,1.1164636013269107
usp000g650|mainshock|all,usp000g650,mainshock,all,30,1.1303644929193104
usp000g650|mainshock|all,usp000g650,mainshock,all,31,1.109900480758005
usp000g650|mainshock|all,usp000g650,mainshock,all,32,1.127529493947108
usp000g650|mainshock|all,usp000g650,mainshock,all,33,1.1236804544873062
usp000g650|mainshock|all,usp000g650,mainshock,all,34,1.1667582319614391
usp000g650|mainshock|all,usp000g650,mainshock,all,35,1.1500998694870543
usp000g650|mainshock|all,usp000g650,mainshock,all,36,1.1150732231171883
usp000g650|mainshock|all,usp000g650,mainshock,all,37,1.1190694920495954
usp000g650|mainshock|all,usp000g650,mainshock,all,38,1.1487182188850937
usp000g650|mainshock|all,usp000g650,mainshock,all,39,1.1668610406876443
usp000g650|mainshock|all,usp000g650,mainshock,all,40,1.1787411890763264
usp000g650|mainshock|all,usp000g650,mainshock,all,41,1.1598253479339073
usp000g650|mainshock|all,usp000g650,mainshock,all,42,1.1595512324507584
usp000g650|mainshock|all,usp000g650,mainshock,all,43,1.1160290685230934
usp000g650|mainshock|all,usp000g650,mainshock,all,44,1.1506640827285441
usp000g650|mainshock|all,usp000g650,mainshock,all,45,1.1254541455161347
usp000g650|mainshock|all,usp000g650,mainshock,all,46,1.1541006693348996
usp000g650|mainshock|all,usp000g650,mainshock,all,47,1.1579392647462987
usp000g650|mainshock|all,usp000g650,mainshock,all,48,1.1176667854384976
usp000g650|mainshock|all,usp000g650,mainshock,all,49,1.1700396224579888
usp000g650|mainshock|all,usp000g650,mainshock,all,50,1.1641680762407656
usp000g650|mainshock|all,usp000g650,mainshock,all,51,1.1147030012948138
usp000g650|mainshock|all,usp000g650,mainshock,all,52,1.0969099441688202
usp000g650|mainshock|all,usp000g650,mainshock,all,53,1.1664883886356059
usp000g650|mainshock|all,usp000g650,mainshock,all,54,1.1437589029779873
usp000g650|mainshock|all,usp000g650,mainshock,all,55,1.1096793186895213
usp000g650|mainshock|all,usp000g650,mainshock,all,56,1.1399343720811381
usp000g650|mainshock|all,usp000g650,mainshock,all,57,1.1423986076536794
usp000g650|mainshock|all,usp000g650,mainshock,all,58,1.096139508282806
usp000g650|mainshock|all,usp000g650,mainshock,all,59,1.1680778249885884
usp000g650|mainshock|all,usp000g650,mainshock,all,60,1.1182236362865572
usp000g650|mainshock|all,usp000g650,mainshock,all,61,1.1390222327200485
usp000g650|mainshock|all,usp000g650,mainshock,all,62,1.14645198993437
usp000g650|mainshock|all,usp000g650,mainshock,all,63,1.11754901874087
usp000g650|mainshock|all,usp000g650,mainshock,all,64,1.1018394526664712
usp000g650|mainshock|all,usp000g650,mainshock,all,65,1.1636169690955265
usp000g650|mainshock|all,usp000g650,mainshock,all,66,1.1127585170508811
usp000g650|mainshock|all,usp000g650,mainshock,all,67,1.1340216494964555
usp000g650|mainshock|all,usp000g650,mainshock,all,68,1.0916278980372207
usp000g650|mainshock|all,usp000g650,mainshock,all,69,1.141512508078507
usp000g650|mainshock|all,usp000g650,mainshock,all,70,1.115953909870941
usp000g650|mainshock|all,usp000g650,mainshock,all,71,1.1538875545207246
usp000g650|mainshock|all,usp000g650,mainshock,all,72,1.125879513298996
usp000g650|mainshock|all,usp000g650,mainshock,all,73,1.1363771656130743
usp000g650|mainshock|all,usp000g650,mainshock,all,74,1.1507605928884943
usp000g650|mainshock|all,usp000g650,mainshock,all,75,1.1458803819387064
usp000g650|mainshock|all,usp000g650,mainshock,all,76,1.1344091072681222
usp000g650|mainshock|all,usp000g650,mainshock,all,77,1.1130209966781788
usp000g650|mainshock|all,usp000g650,mainshock,all,78,1.137749280487916
usp000g650|mainshock|all,usp000g650,mainshock,all,79,1.1649935531403401
usp000g650|mainshock|all,usp000g650,mainshock,all,80,1.1054261615938212
usp000g650|mainshock|all,usp000g650,mainshock,all,81,1.142539233399864
usp000g650|mainshock|all,usp000g650,mainshock,all,82,1.1115504342539884
usp000g650|mainshock|all,usp000g650,mainshock,all,83,1.1375081174276347
usp000g650|mainshock|all,usp000g650,mainshock,all,84,1.1573161456574497
usp000g650|mainshock|all,usp000g650,mainshock,all,85,1.111957611715939
usp000g650|mainshock|all,usp000g650,mainshock,all,86,1.1621417478882035
usp000g650|mainshock|all,usp000g650,mainshock,all,87,1.1146229988237941
usp000g650|mainshock|all,usp000g650,mainshock,all,88,1.135703957716467
usp000g650|mainshock|all,usp000g650,mainshock,all,89,1.1392656408373127
usp000g650|mainshock|all,usp000g650,mainshock,all,90,1.1181402589104117
usp000g650|mainshock|all,usp000g650,mainshock,all,91,1.1454100245286125
usp000g650|mainshock|all,usp000g650,mainshock,all,92,1.1210899906852942
usp000g650|mainshock|all,usp000g650,mainshock,all,93,1.1854168753306744
usp000g650|mainshock|all,usp000g650,mainshock,all,94,1.173241671434917
usp000g650|mainshock|all,usp000g650,mainshock,all,95,1.1430994290588614
usp000g650|mainshock|all,usp000g650,mainshock,all,96,1.1615745378137918
usp000g650|mainshock|all,usp000g650,mainshock,all,97,1.1638179048995165
usp000g650|mainshock|all,usp000g650,mainshock,all,98,1.1322696625395596
usp000g650|mainshock|all,usp000g650,mainshock,all,99,1.1360278878011507
usp000g650|mainshock|all,usp000g650,mainshock,all,100,1.1568220365057025
usp000g650|mainshock|all,usp000g650,mainshock,all,101,1.0955760549603997
usp000g650|mainshock|all,usp000g650,mainshock,all,102,1.1524820554294624
usp000g650|mainshock|all,usp000g650,mainshock,all,103,1.1318422392547072
usp000g650|mainshock|all,usp000g650,mainshock,all,104,1.1472792452390075
usp000g650|mainshock|all,usp000g650,mainshock,all,105,1.1250658530189568
usp000g650|mainshock|all,usp000g650,mainshock,all,106,1.145374783909591
usp000g650|mainshock|all,usp000g650,mainshock,all,107,1.169056452753111
usp000g650|mainshock|all,usp000g650,mainshock,all,108,1.1206496387060556
usp000g650|mainshock|all,usp000g650,mainshock,all,109,1.1187441837057057
usp000g650|mainshock|all,usp000g650,mainshock,all,110,1.1414249114295705
usp000g650|mainshock|all,usp000g650,mainshock,all,111,1.1203507413518696
usp000g650|mainshock|all,usp000g650,mainshock,all,112,1.1978925301113195
usp000g650|mainshock|all,usp000g650,mainshock,all,113,1.1499348437467702
usp000g650|mainshock|all,usp000g650,mainshock,all,114,1.1349143748601498
usp000g650|mainshock|all,usp000g650,mainshock,all,115,1.169547352487316
usp000g650|mainshock|all,usp000g650,mainshock,all,116,1.151002170779901
usp000g650|mainshock|all,usp000g650,mainshock,all,117,1.110288225468725
usp000g650|mainshock|all,usp000g650,mainshock,all,118,1.149332081481989
usp000g650|mainshock|all,usp000g650,mainshock,all,119,1.1615192881812204
usp000g650|mainshock|all,usp000g650,mainshock,all,120,1.1518263616654216
usp000g650|mainshock|all,usp000g650,mainshock,all,121,1.1491961869460814
usp000g650|mainshock|all,usp000g650,mainshock,all,122,1.1624607196557022
usp000g650|mainshock|all,usp000g650,mainshock,all,123,1.128712461763611
usp000g650|mainshock|all,usp000g650,mainshock,all,124,1.1302295346302944
usp000g650|mainshock|all,usp000g650,mainshock,all,125,1.1235705484011058
usp000g650|mainshock|all,usp000g650,mainshock,all,126,1.1253311792564844
usp000g650|mainshock|all,usp000g650,mainshock,all,127,1.114806454914719
usp000g650|mainshock|all,usp000g650,mainshock,all,128,1.1302478453477125
usp000g650|mainshock|all,usp000g650,mainshock,all,129,1.1317176782694855
usp000g650|mainshock|all,usp000g650,mainshock,all,130,1.111357381368289
usp000g650|mainshock|all,usp000g650,mainshock,all,131,1.143493683103566
usp000g650|mainshock|all,usp000g650,mainshock,all,132,1.1730228814841508
usp000g650|mainshock|all,usp000g650,mainshock,all,133,1.1444099513828911
usp000g650|mainshock|all,usp000g650,mainshock,all,134,1.111361664688302
usp000g650|mainshock|all,usp000g650,mainshock,all,135,1.1468918428672694
usp000g650|mainshock|all,usp000g650,mainshock,all,136,1.1263286431308706
usp000g650|mainshock|all,usp000g650,mainshock,all,137,1.1050768854614728
usp000g650|mainshock|all,usp000g650,mainshock,all,138,1.180046586297888
usp000g650|mainshock|all,usp000g650,mainshock,all,139,1.1430558477276498
usp000g650|mainshock|all,usp000g650,mainshock,all,140,1.168139161171669
usp000g650|mainshock|all,usp000g650,mainshock,all,141,1.135568589320706
usp000g650|mainshock|all,usp000g650,mainshock,all,142,1.1437709819059525
usp000g650|mainshock|all,usp000g650,mainshock,all,143,1.1509731489204305
usp000g650|mainshock|all,usp000g650,mainshock,all,144,1.1052061678546574
usp000g650|mainshock|all,usp000g650,mainshock,all,145,1.154961429207143
usp000g650|mainshock|all,usp000g650,mainshock,all,146,1.1609643962052492
usp000g650|mainshock|all,usp000g650,mainshock,all,147,1.1339678671395492
usp000g650|mainshock|all,usp000g650,mainshock,all,148,1.1359874134609937
usp000g650|mainshock|all,usp000g650,mainshock,all,149,1.1594303555790977
usp000g650|mainshock|all,usp000g650,mainshock,all,150,1.1329044513103061
usp000g650|mainshock|all,usp000g650,mainshock,all,151,1.1514648765406785
usp000g650|mainshock|all,usp000g650,mainshock,all,152,1.1370972901756322
usp000g650|mainshock|all,usp000g650,mainshock,all,153,1.1362410701591554
usp000g650|mainshock|all,usp000g650,mainshock,all,154,1.114967675963229
usp000g650|mainshock|all,usp000g650,mainshock,all,155,1.0829458012523645
usp000g650|mainshock|all,usp000g650,mainshock,all,156,1.1600083782859776
usp000g650|mainshock|all,usp000g650,mainshock,all,157,1.1144535156078474
usp000g650|mainshock|all,usp000g650,mainshock,all,158,1.1249127203946727
usp000g650|mainshock|all,usp000g650,mainshock,all,159,1.1270320336991424
usp000g650|mainshock|all,usp000g650,mainshock,all,160,1.1494792927630963
usp000g650|mainshock|all,usp000g650,mainshock,all,161,1.0989463730380724
usp000g650|mainshock|all,usp000g650,mainshock,all,162,1.1635654102557427
usp000g650|mainshock|all,usp000g650,mainshock,all,163,1.1190703000618405
usp000g650|mainshock|all,usp000g650,mainshock,all,164,1.1293947513470333
usp000g650|mainshock|all,usp000g650,mainshock,all,165,1.1589204288506376
usp000g650|mainshock|all,usp000g650,mainshock,all,166,1.168499726543773
usp000g650|mainshock|all,usp000g650,mainshock,all,167,1.1273715063891587
usp000g650|mainshock|all,usp000g650,mainshock,all,168,1.1489702730632672
usp000g650|mainshock|all,usp000g650,mainshock,all,169,1.1375071645585761
usp000g650|mainshock|all,usp000g650,mainshock,all,170,1.0933186922070908
usp000g650|mainshock|all,usp000g650,mainshock,all,171,1.1267325285293261
usp000g650|mainshock|all,usp000g650,mainshock,all,172,1.1565495302939115
usp000g650|mainshock|all,usp000g650,mainshock,all,173,1.1410698693758896
usp000g650|mainshock|all,usp000g650,mainshock,all,174,1.1453787782025155
usp000g650|mainshock|all,usp000g650,mainshock,all,175,1.1258601822095362
usp000g650|mainshock|all,usp000g650,mainshock,all,176,1.1126437476491933
usp000g650|mainshock|all,usp000g650,mainshock,all,177,1.1749399149065027
usp000g650|mainshock|all,usp000g650,mainshock,all,178,1.1445266623818275
usp000g650|mainshock|all,usp000g650,mainshock,all,179,1.1441186274674315
usp000g650|mainshock|all,usp000g650,mainshock,all,180,1.0977705352123577
usp000g650|mainshock|all,usp000g650,mainshock,all,181,1.1289573531904105
usp000g650|mainshock|all,usp000g650,mainshock,all,182,1.1311303767571144
usp000g650|mainshock|all,usp000g650,mainshock,all,183,1.1316912189620805
usp000g650|mainshock|all,usp000g650,mainshock,all,184,1.144562483739294
usp000g650|mainshock|all,usp000g650,mainshock,all,185,1.170383832595868
usp000g650|mainshock|all,usp000g650,mainshock,all,186,1.1500199058808598
usp000g650|mainshock|all,usp000g650,mainshock,all,187,1.150912007508085
usp000g650|mainshock|all,usp000g650,mainshock,all,188,1.1845079570786345
usp000g650|mainshock|all,usp000g650,mainshock,all,189,1.1268890080387313
usp000g650|mainshock|all,usp000g650,mainshock,all,190,1.1236050025017836
usp000g650|mainshock|all,usp000g650,mainshock,all,191,1.0950182255399072
usp000g650|mainshock|all,usp000g650,mainshock,all,192,1.1332771611620722
usp000g650|mainshock|all,usp000g650,mainshock,all,193,1.1358519130122575
usp000g650|mainshock|all,usp000g650,mainshock,all,194,1.131168460087506
usp000g650|mainshock|all,usp000g650,mainshock,all,195,1.1241819468834306
usp000g650|mainshock|all,usp000g650,mainshock,all,196,1.1565093319623772
usp000g650|mainshock|all,usp000g650,mainshock,all,197,1.185561542958725
usp000g650|mainshock|all,usp000g650,mainshock,all,198,1.1241541719628156
usp000g650|mainshock|all,usp000g650,mainshock,all,199,1.148039496073008
usp000g650|depth|all_depth,usp000g650,depth,all_depth,0,1.1976286377667125
usp000g650|depth|all_depth,usp000g650,depth,all_depth,1,1.1448185720599966
usp000g650|depth|all_depth,usp000g650,depth,all_depth,2,1.1287706934413844
usp000g650|depth|all_depth,usp000g650,depth,all_depth,3,1.1339011591767028
usp000g650|depth|all_depth,usp000g650,depth,all_depth,4,1.1465322748971811
usp000g650|depth|all_depth,usp000g650,depth,all_depth,5,1.1397940832325133
usp000g650|depth|all_depth,usp000g650,depth,all_depth,6,1.1228911839095603
usp000g650|depth|all_depth,usp000g650,depth,all_depth,7,1.1183740464072995
usp000g650|depth|all_depth,usp000g650,depth,all_depth,8,1.1492541016443454
usp000g650|depth|all_depth,usp000g650,depth,all_depth,9,1.136863533276798
usp000g650|depth|all_depth,usp000g650,depth,all_depth,10,1.1438473999805325
usp000g650|depth|all_depth,usp000g650,depth,all_depth,11,1.1140709484199298
usp000g650|depth|all_depth,usp000g650,depth,all_depth,12,1.1978268989449066
usp000g650|depth|all_depth,usp000g650,depth,all_depth,13,1.1277468536436974
usp000g650|depth|all_depth,usp000g650,depth,all_depth,14,1.1599381284756158
usp000g650|depth|all_depth,usp000g650,depth,all_depth,15,1.127313409172424
usp000g650|depth|all_depth,usp000g650,depth,all_depth,16,1.1498164600732463
usp000g650|depth|all_depth,usp000g650,depth,all_depth,17,1.153429879167436
usp000g650|depth|all_depth,usp000g650,depth,all_depth,18,1.1468392818158417
usp000g650|depth|all_depth,usp000g650,depth,all_depth,19,1.128736798840867
usp000g650|depth|all_depth,usp000g650,depth,all_depth,20,1.1167695366577648
usp000g650|depth|all_depth,usp000g650,depth,all_depth,21,1.12848325196043
usp000g650|depth|all_depth,usp000g650,depth,all_depth,22,1.1203461873293539
usp000g650|depth|all_depth,usp000g650,depth,all_depth,23,1.1755761991953497
usp000g650|depth|all_depth,usp000g650,depth,all_depth,24,1.119618515442022
usp000g650|depth|all_depth,usp000g650,depth,all_depth,25,1.1082777766431369
usp000g650|depth|all_depth,usp000g650,depth,all_depth,26,1.1621502096565364
usp000g650|depth|all_depth,usp000g650,depth,all_depth,27,1.1253474919150823
usp000g650|depth|all_depth,usp000g650,depth,all_depth,28,1.1529195606736196
usp000g650|depth|all_depth,usp000g650,depth,all_depth,29,1.1313639271273535
usp000g650|depth|all_depth,usp000g650,depth,all_depth,30,1.096471334690412
usp000g650|depth|all_depth,usp000g650,depth,all_depth,31,1.0909954235337687
usp000g650|depth|all_depth,usp000g650,depth,all_depth,32,1.1275399786963909
usp000g650|depth|all_depth,usp000g650,depth,all_depth,33,1.0804657596374911
usp000g650|depth|all_depth,usp000g650,depth,all_depth,34,1.1241581343709395
usp000g650|depth|all_depth,usp000g650,depth,all_depth,35,1.1262931994196805
usp000g650|depth|all_depth,usp000g650,depth,all_depth,36,1.1595860192712772
usp000g650|depth|all_depth,usp000g650,depth,all_depth,37,1.105681434122397
usp000g650|depth|all_depth,usp000g650,depth,all_depth,38,1.1150262512778801
usp000g650|depth|all_depth,usp000g650,depth,all_depth,39,1.1344227504091582
usp000g650|depth|all_depth,usp000g650,depth,all_depth,40,1.1196324710954844
usp000g650|depth|all_depth,usp000g650,depth,all_depth,41,1.1442596240985408
usp000g650|depth|all_depth,usp000g650,depth,all_depth,42,1.1332137770523052
usp000g650|depth|all_depth,usp000g650,depth,all_depth,43,1.1827833250607076
usp000g650|depth|all_depth,usp000g650,depth,all_depth,44,1.1643470523802817
usp000g650|depth|all_depth,usp000g650,depth,all_depth,45,1.1391955723269573
usp000g650|depth|all_depth,usp000g650,depth,all_depth,46,1.0986023858159661
usp000g650|depth|all_depth,usp000g650,depth,all_depth,47,1.1059277975075437
usp000g650|depth|all_depth,usp000g650,depth,all_depth,48,1.1397752844181204
usp000g650|depth|all_depth,usp000g650,depth,all_depth,49,1.1072491297301161
usp000g650|depth|all_depth,usp000g650,depth,all_depth,50,1.131862585099899
usp000g650|depth|all_depth,usp000g650,depth,all_depth,51,1.1312850842746685
usp000g650|depth|all_depth,usp000g650,depth,all_depth,52,1.1728979859180153
usp000g650|depth|all_depth,usp000g650,depth,all_depth,53,1.1294599043709423
usp000g650|depth|all_depth,usp000g650,depth,all_depth,54,1.1133703482565096
usp000g650|depth|all_depth,usp000g650,depth,all_depth,55,1.1126425778988704
usp000g650|depth|all_depth,usp000g650,depth,all_depth,56,1.089088529722175
usp000g650|depth|all_depth,usp000g650,depth,all_depth,57,1.1128684925686285
usp000g650|depth|all_depth,usp000g650,depth,all_depth,58,1.1659344252760746
usp000g650|depth|all_depth,usp000g650,depth,all_depth,59,1.1161014085818244
usp000g650|depth|all_depth,usp000g650,depth,all_depth,60,1.1209858549671876
usp000g650|depth|all_depth,usp000g650,depth,all_depth,61,1.1290890413525754
usp000g650|depth|all_depth,usp000g650,depth,all_depth,62,1.1071609131139295
usp000g650|depth|all_depth,usp000g650,depth,all_depth,63,1.104232867334839
usp000g650|depth|all_depth,usp000g650,depth,all_depth,64,1.1426502584163234
usp000g650|depth|all_depth,usp000g650,depth,all_depth,65,1.156386056436713
usp000g650|depth|all_depth,usp000g650,depth,all_depth,66,1.153001179834429
usp000g650|depth|all_depth,usp000g650,depth,all_depth,67,1.1369560902453542
usp000g650|depth|all_depth,usp000g650,depth,all_depth,68,1.1357215734648032
usp000g650|depth|all_depth,usp000g650,depth,all_depth,69,1.1307501993424873
usp000g650|depth|all_depth,usp000g650,depth,all_depth,70,1.1124482315031499
usp000g650|depth|all_depth,usp000g650,depth,all_depth,71,1.0797766399589923
usp000g650|depth|all_depth,usp000g650,depth,all_depth,72,1.1205500223515756
usp000g650|depth|all_depth,usp000g650,depth,all_depth,73,1.108020026389852
usp000g650|depth|all_depth,usp000g650,depth,all_depth,74,1.121139290270822
usp000g650|depth|all_depth,usp000g650,depth,all_depth,75,1.126538448731214
usp000g650|depth|all_depth,usp000g650,depth,all_depth,76,1.1418116971664745
usp000g650|depth|all_depth,usp000g650,depth,all_depth,77,1.1398024520952992
usp000g650|depth|all_depth,usp000g650,depth,all_depth,78,1.150223535037132
usp000g650|depth|all_depth,usp000g650,depth,all_depth,79,1.1294765118754797
usp000g650|depth|all_depth,usp000g650,depth,all_depth,80,1.1363089447338874
usp000g650|depth|all_depth,usp000g650,depth,all_depth,81,1.094399194460499
usp000g650|depth|all_depth,usp000g650,depth,all_depth,82,1.1861761333639738
usp000g650|depth|all_depth,usp000g650,depth,all_depth,83,1.1710900573337364
usp000g650|depth|all_depth,usp000g650,depth,all_depth,84,1.126444448115388
usp000g650|depth|all_depth,usp000g650,depth,all_depth,85,1.1230162385551434
usp000g650|depth|all_depth,usp000g650,depth,all_depth,86,1.147505455869406
usp000g650|depth|all_depth,usp000g650,depth,all_depth,87,1.1230685768850979
usp000g650|depth|all_depth,usp000g650,depth,all_depth,88,1.1272192793461
usp000g650|depth|all_depth,usp000g650,depth,all_depth,89,1.1029953072781837
usp000g650|depth|all_depth,usp000g650,depth,all_depth,90,1.1161977945280417
usp000g650|depth|all_depth,usp000g650,depth,all_depth,91,1.1261088174042633
usp000g650|depth|all_depth,usp000g650,depth,all_depth,92,1.1406829494489883
usp000g650|depth|all_depth,usp000g650,depth,all_depth,93,1.0731947719221162
usp000g650|depth|all_depth,usp000g650,depth,all_depth,94,1.1413583300957897
usp000g650|depth|all_depth,usp000g650,depth,all_depth,95,1.1346093851545989
usp000g650|depth|all_depth,usp000g650,depth,all_depth,96,1.1164747337424263
usp000g650|depth|all_depth,usp000g650,depth,all_depth,97,1.1667400965362607
usp000g650|depth|all_depth,usp000g650,depth,all_depth,98,1.1416514400121196
usp000g650|depth|all_depth,usp000g650,depth,all_depth,99,1.139920821561839
usp000g650|depth|all_depth,usp000g650,depth,all_depth,100,1.0975442516345393
usp000g650|depth|all_depth,usp000g650,depth,all_depth,101,1.1387514343967438
usp000g650|depth|all_depth,usp000g650,depth,all_depth,102,1.1748344900924457
usp000g650|depth|all_depth,usp000g650,depth,all_depth,103,1.1139532079436922
usp000g650|depth|all_depth,usp000g650,depth,all_depth,104,1.1443358852493595
usp000g650|depth|all_depth,usp000g650,depth,all_depth,105,1.165502317426893
usp000g650|depth|all_depth,usp000g650,depth,all_depth,106,1.1354316538716132
usp000g650|depth|all_depth,usp000g650,depth,all_depth,107,1.1255910229037611
usp000g650|depth|all_depth,usp000g650,depth,all_depth,108,1.1223166295348626
usp000g650|depth|all_depth,usp000g650,depth,all_depth,109,1.154879476240383
usp000g650|depth|all_depth,usp000g650,depth,all_depth,110,1.1898676541404754
usp000g650|depth|all_depth,usp000g650,depth,all_depth,111,1.126842981615301
usp000g650|depth|all_depth,usp000g650,depth,all_depth,112,1.1553315637028907
usp000g650|depth|all_depth,usp000g650,depth,all_depth,113,1.064271821510851
usp000g650|depth|all_depth,usp000g650,depth,all_depth,114,1.1497620726282565
usp000g650|depth|all_depth,usp000g650,depth,all_depth,115,1.1126305383159052
usp000g650|depth|all_depth,usp000g650,depth,all_depth,116,1.1410554525595584
usp000g650|depth|all_depth,usp000g650,depth,all_depth,117,1.1280859644509706
usp000g650|depth|all_depth,usp000g650,depth,all_depth,118,1.1662557967467733
usp000g650|depth|all_depth,usp000g650,depth,all_depth,119,1.1369711989774476
usp000g650|depth|all_depth,usp000g650,depth,all_depth,120,1.124904730782651
usp000g650|depth|all_depth,usp000g650,depth,all_depth,121,1.1306573109728972
usp000g650|depth|all_depth,usp000g650,depth,all_depth,122,1.072062343771648
usp000g650|depth|all_depth,usp000g650,depth,all_depth,123,1.172006994250232
usp000g650|depth|all_depth,usp000g650,depth,all_depth,124,1.1208607989285087
usp000g650|depth|all_depth,usp000g650,depth,all_depth,125,1.0986468324068388
usp000g650|depth|all_depth,usp000g650,depth,all_depth,126,1.1422810140406636
usp000g650|depth|all_depth,usp000g650,depth,all_depth,127,1.1200724489661995
usp000g650|depth|all_depth,usp000g650,depth,all_depth,128,1.124496106414584
usp000g650|depth|all_depth,usp000g650,depth,all_depth,129,1.1486422900251894
usp000g650|depth|all_depth,usp000g650,depth,all_depth,130,1.117252453776813
usp000g650|depth|all_depth,usp000g650,depth,all_depth,131,1.1481051799894568
usp000g650|depth|all_depth,usp000g650,depth,all_depth,132,1.135965144994527
usp000g650|depth|all_depth,usp000g650,depth,all_depth,133,1.112339172485565
usp000g650|depth|all_depth,usp000g650,depth,all_depth,134,1.1509756574040286
usp000g650|depth|all_depth,usp000g650,depth,all_depth,135,1.1255557027866165
usp000g650|depth|all_depth,usp000g650,depth,all_depth,136,1.1001615218216705
usp000g650|depth|all_depth,usp000g650,depth,all_depth,137,1.1493596508724924
usp000g650|depth|all_depth,usp000g650,depth,all_depth,138,1.1427398114210332
usp000g650|depth|all_depth,usp000g650,depth,all_depth,139,1.1151965095618477
usp000g650|depth|all_depth,usp000g650,depth,all_depth,140,1.1348430765349906
usp000g650|depth|all_depth,usp000g650,depth,all_depth,141,1.138536714661403
usp000g650|depth|all_depth,usp000g650,depth,all_depth,142,1.1228499481709464
usp000g650|depth|all_depth,usp000g650,depth,all_depth,143,1.1117364966627599
usp000g650|depth|all_depth,usp000g650,depth,all_depth,144,1.1560358312446215
usp000g650|depth|all_depth,usp000g650,depth,all_depth,145,1.1349465959961977
usp000g650|depth|all_depth,usp000g650,depth,all_depth,146,1.118974932042901
usp000g650|depth|all_depth,usp000g650,depth,all_depth,147,1.1656040291314658
usp000g650|depth|all_depth,usp000g650,depth,all_depth,148,1.1181024182679467
usp000g650|depth|all_depth,usp000g650,depth,all_depth,149,1.1686573301213903
usp000g650|depth|all_depth,usp000g650,depth,all_depth,150,1.1012994728987788
usp000g650|depth|all_depth,usp000g650,depth,all_depth,151,1.126308318569171
usp000g650|depth|all_depth,usp000g650,depth,all_depth,152,1.1164356144168004
usp000g650|depth|all_depth,usp000g650,depth,all_depth,153,1.1160041641938534
usp000g650|depth|all_depth,usp000g650,depth,all_depth,154,1.1817923051942543
usp000g650|depth|all_depth,usp000g650,depth,all_depth,155,1.129808745141668
usp000g650|depth|all_depth,usp000g650,depth,all_depth,156,1.1120553572472962
usp000g650|depth|all_depth,usp000g650,depth,all_depth,157,1.0984650383354182
usp000g650|depth|all_depth,usp000g650,depth,all_depth,158,1.1192979248943167
usp000g650|depth|all_depth,usp000g650,depth,all_depth,159,1.1415759153139373
usp000g650|depth|all_depth,usp000g650,depth,all_depth,160,1.167522577649932
usp000g650|depth|all_depth,usp000g650,depth,all_depth,161,1.0838666812154916
usp000g650|depth|all_depth,usp000g650,depth,all_depth,162,1.1298064341289034
usp000g650|depth|all_depth,usp000g650,depth,all_depth,163,1.1487267659541607
usp000g650|depth|all_depth,usp000g650,depth,all_depth,164,1.1508858147856493
usp000g650|depth|all_depth,usp000g650,depth,all_depth,165,1.1050085639704577
usp000g650|depth|all_depth,usp000g650,depth,all_depth,166,1.098712743520313
usp000g650|depth|all_depth,usp000g650,depth,all_depth,167,1.1278659054079823
usp000g650|depth|all_depth,usp000g650,depth,all_depth,168,1.1340767643268614
usp000g650|depth|all_depth,usp000g650,depth,all_depth,169,1.1218672746083245
usp000g650|depth|all_depth,usp000g650,depth,all_depth,170,1.108440872264453
usp000g650|depth|all_depth,usp000g650,depth,all_depth,171,1.189149050240595
usp000g650|depth|all_depth,usp000g650,depth,all_depth,172,1.170153250717256
usp000g650|depth|all_depth,usp000g650,depth,all_depth,173,1.1350407246968983
usp000g650|depth|all_depth,usp000g650,depth,all_depth,174,1.1447440037785277
usp000g650|depth|all_depth,usp000g650,depth,all_depth,175,1.0959252931416201
usp000g650|depth|all_depth,usp000g650,depth,all_depth,176,1.1385604141552175
usp000g650|depth|all_depth,usp000g650,depth,all_depth,177,1.1187937982883076
usp000g650|depth|all_depth,usp000g650,depth,all_depth,178,1.1021459238357423
usp000g650|depth|all_depth,usp000g650,depth,all_depth,179,1.1315467542327355
usp000g650|depth|all_depth,usp000g650,depth,all_depth,180,1.1517189810546644
usp000g650|depth|all_depth,usp000g650,depth,all_depth,181,1.144268563905941
usp000g650|depth|all_depth,usp000g650,depth,all_depth,182,1.130431850844697
usp000g650|depth|all_depth,usp000g650,depth,all_depth,183,1.1378518569287843
usp000g650|depth|all_depth,usp000g650,depth,all_depth,184,1.1375377686403536
usp000g650|depth|all_depth,usp000g650,depth,all_depth,185,1.1047568042134535
usp000g650|depth|all_depth,usp000g650,depth,all_depth,186,1.157970553606061
usp000g650|depth|all_depth,usp000g650,depth,all_depth,187,1.1094828444557883
usp000g650|depth|all_depth,usp000g650,depth,all_depth,188,1.1373921657543142
usp000g650|depth|all_depth,usp000g650,depth,all_depth,189,1.1911238087033438
usp000g650|depth|all_depth,usp000g650,depth,all_depth,190,1.1695991807764197
usp000g650|depth|all_depth,usp000g650,depth,all_depth,191,1.148402751284375
usp000g650|depth|all_depth,usp000g650,depth,all_depth,192,1.109516003444125
usp000g650|depth|all_depth,usp000g650,depth,all_depth,193,1.105829160786316
usp000g650|depth|all_depth,usp000g650,depth,all_depth,194,1.0695789600348804
usp000g650|depth|all_depth,usp000g650,depth,all_depth,195,1.1492146670081154
usp000g650|depth|all_depth,usp000g650,depth,all_depth,196,1.1169298867158166
usp000g650|depth|all_depth,usp000g650,depth,all_depth,197,1.1362026311895097
usp000g650|depth|all_depth,usp000g650,depth,all_depth,198,1.1188083759580876
usp000g650|depth|all_depth,usp000g650,depth,all_depth,199,1.1163476956778662
usp000g650|depth|3-10km,usp000g650,depth,3-10km,0,1.1462236473402
usp000g650|depth|3-10km,usp000g650,depth,3-10km,1,1.2201924279206842
usp000g650|depth|3-10km,usp000g650,depth,3-10km,2,1.1801909211775101
usp000g650|depth|3-10km,usp000g650,depth,3-10km,3,1.2034774420700698
usp000g650|depth|3-10km,usp000g650,depth,3-10km,4,1.1928760685662
usp000g650|depth|3-10km,usp000g650,depth,3-10km,5,1.127275864869942
usp000g650|depth|3-10km,usp000g650,depth,3-10km,6,1.15504576880484
usp000g650|depth|3-10km,usp000g650,depth,3-10km,7,1.2325824581450149
usp000g650|depth|3-10km,usp000g650,depth,3-10km,8,1.21474934521137
usp000g650|depth|3-10km,usp000g650,depth,3-10km,9,1.1853726748525024
usp000g650|depth|3-10km,usp000g650,depth,3-10km,10,1.1629364460146834
usp000g650|depth|3-10km,usp000g650,depth,3-10km,11,1.2016392716630944
usp000g650|depth|3-10km,usp000g650,depth,3-10km,12,1.1460347553701382
usp000g650|depth|3-10km,usp000g650,depth,3-10km,13,1.1685514831386472
usp000g650|depth|3-10km,usp000g650,depth,3-10km,14,1.1869565905800943
usp000g650|depth|3-10km,usp000g650,depth,3-10km,15,1.1794867708238483
usp000g650|depth|3-10km,usp000g650,depth,3-10km,16,1.1835525729792797
usp000g650|depth|3-10km,usp000g650,depth,3-10km,17,1.2134494281752988
usp000g650|depth|3-10km,usp000g650,depth,3-10km,18,1.1671331158638603
usp000g650|depth|3-10km,usp000g650,depth,3-10km,19,1.1236626114406931
usp000g650|depth|3-10km,usp000g650,depth,3-10km,20,1.177924866138139
usp000g650|depth|3-10km,usp000g650,depth,3-10km,21,1.145118794181898
usp000g650|depth|3-10km,usp000g650,depth,3-10km,22,1.2009076264207676
usp000g650|depth|3-10km,usp000g650,depth,3-10km,23,1.125006879865088
usp000g650|depth|3-10km,usp000g650,depth,3-10km,24,1.1609691843227483
usp000g650|depth|3-10km,usp000g650,depth,3-10km,25,1.1661176229220256
usp000g650|depth|3-10km,usp000g650,depth,3-10km,26,1.1957296007538285
usp000g650|depth|3-10km,usp000g650,depth,3-10km,27,1.1897587015476814
usp000g650|depth|3-10km,usp000g650,depth,3-10km,28,1.18555869656162
usp000g650|depth|3-10km,usp000g650,depth,3-10km,29,1.180537153324754
usp000g650|depth|3-10km,usp000g650,depth,3-10km,30,1.2119461789864918
usp000g650|depth|3-10km,usp000g650,depth,3-10km,31,1.193853487496157
usp000g650|depth|3-10km,usp000g650,depth,3-10km,32,1.1631923645076758
usp000g650|depth|3-10km,usp000g650,depth,3-10km,33,1.127597973732735
usp000g650|depth|3-10km,usp000g650,depth,3-10km,34,1.1632894663070248
usp000g650|depth|3-10km,usp000g650,depth,3-10km,35,1.1803518106768458
usp000g650|depth|3-10km,usp000g650,depth,3-10km,36,1.120866139831728
usp000g650|depth|3-10km,usp000g650,depth,3-10km,37,1.2066368186432048
usp000g650|depth|3-10km,usp000g650,depth,3-10km,38,1.2126523023511784
usp000g650|depth|3-10km,usp000g650,depth,3-10km,39,1.1430064749963698
usp000g650|depth|3-10km,usp000g650,depth,3-10km,40,1.189019365693933
usp000g650|depth|3-10km,usp000g650,depth,3-10km,41,1.2234580316327652
usp000g650|depth|3-10km,usp000g650,depth,3-10km,42,1.1608703748742275
usp000g650|depth|3-10km,usp000g650,depth,3-10km,43,1.1803321019118773
usp000g650|depth|3-10km,usp000g650,depth,3-10km,44,1.1606731877658336
usp000g650|depth|3-10km,usp000g650,depth,3-10km,45,1.1882406652894268
usp000g650|depth|3-10km,usp000g650,depth,3-10km,46,1.1419005656884391
usp000g650|depth|3-10km,usp000g650,depth,3-10km,47,1.1217615938339074
usp000g650|depth|3-10km,usp000g650,depth,3-10km,48,1.1772968695104384
usp000g650|depth|3-10km,usp000g650,depth,3-10km,49,1.1832212368683321
usp000g650|depth|3-10km,usp000g650,depth,3-10km,50,1.1963853073012527
usp000g650|depth|3-10km,usp000g650,depth,3-10km,51,1.1929002592161646
usp000g650|depth|3-10km,usp000g650,depth,3-10km,52,1.1175380198982894
usp000g650|depth|3-10km,usp000g650,depth,3-10km,53,1.21244772398723
usp000g650|depth|3-10km,usp000g650,depth,3-10km,54,1.137203573969411
usp000g650|depth|3-10km,usp000g650,depth,3-10km,55,1.146404521939477
usp000g650|depth|3-10km,usp000g650,depth,3-10km,56,1.2139356600772202
usp000g650|depth|3-10km,usp000g650,depth,3-10km,57,1.1376282267993338
usp000g650|depth|3-10km,usp000g650,depth,3-10km,58,1.1961116052774636
usp000g650|depth|3-10km,usp000g650,depth,3-10km,59,1.1722656312075213
usp000g650|depth|3-10km,usp000g650,depth,3-10km,60,1.1975147664433807
usp000g650|depth|3-10km,usp000g650,depth,3-10km,61,1.1265130941671873
usp000g650|depth|3-10km,usp000g650,depth,3-10km,62,1.148277581873066
usp000g650|depth|3-10km,usp000g650,depth,3-10km,63,1.1470648742676937
usp000g650|depth|3-10km,usp000g650,depth,3-10km,64,1.2163343528291697
usp000g650|depth|3-10km,usp000g650,depth,3-10km,65,1.1000950465028987
usp000g650|depth|3-10km,usp000g650,depth,3-10km,66,1.2087834974517884
usp000g650|depth|3-10km,usp000g650,depth,3-10km,67,1.2431613239541024
usp000g650|depth|3-10km,usp000g650,depth,3-10km,68,1.1507834472072667
usp000g650|depth|3-10km,usp000g650,depth,3-10km,69,1.1865972315179092
usp000g650|depth|3-10km,usp000g650,depth,3-10km,70,1.1804876359026375
usp000g650|depth|3-10km,usp000g650,depth,3-10km,71,1.1614360383212496
usp000g650|depth|3-10km,usp000g650,depth,3-10km,72,1.1392806491432197
usp000g650|depth|3-10km,usp000g650,depth,3-10km,73,1.1224974011175868
usp000g650|depth|3-10km,usp000g650,depth,3-10km,74,1.1232903174119178
usp000g650|depth|3-10km,usp000g650,depth,3-10km,75,1.164647081683096
usp000g650|depth|3-10km,usp000g650,depth,3-10km,76,1.1910824467429313
usp000g650|depth|3-10km,usp000g650,depth,3-10km,77,1.1490611866859972
usp000g650|depth|3-10km,usp000g650,depth,3-10km,78,1.1406389919539142
usp000g650|depth|3-10km,usp000g650,depth,3-10km,79,1.2027387607209201
usp000g650|depth|3-10km,usp000g650,depth,3-10km,80,1.186122536629222
usp000g650|depth|3-10km,usp000g650,depth,3-10km,81,1.1788734056969152
usp000g650|depth|3-10km,usp000g650,depth,3-10km,82,1.1599465685599841
usp000g650|depth|3-10km,usp000g650,depth,3-10km,83,1.1660363823984816
usp000g650|depth|3-10km,usp000g650,depth,3-10km,84,1.154869245599866
usp000g650|depth|3-10km,usp000g650,depth,3-10km,85,1.158481400716475
usp000g650|depth|3-10km,usp000g650,depth,3-10km,86,1.2015099824635014
usp000g650|depth|3-10km,usp000g650,depth,3-10km,87,1.143294513620225
usp000g650|depth|3-10km,usp000g650,depth,3-10km,88,1.1688253707241485
usp000g650|depth|3-10km,usp000g650,depth,3-10km,89,1.097218480199646
usp000g650|depth|3-10km,usp000g650,depth,3-10km,90,1.1915004274685437
usp000g650|depth|3-10km,usp000g650,depth,3-10km,91,1.1741172150413997
usp000g650|depth|3-10km,usp000g650,depth,3-10km,92,1.1092394709178175
usp000g650|depth|3-10km,usp000g650,depth,3-10km,93,1.1054382810266687
usp000g650|depth|3-10km,usp000g650,depth,3-10km,94,1.136121992002304
usp000g650|depth|3-10km,usp000g650,depth,3-10km,95,1.1388030864062972
usp000g650|depth|3-10km,usp000g650,depth,3-10km,96,1.1539298332065433
usp000g650|depth|3-10km,usp000g650,depth,3-10km,97,1.1549341278796175
usp000g650|depth|3-10km,usp000g650,depth,3-10km,98,1.1576654922160992
usp000g650|depth|3-10km,usp000g650,depth,3-10km,99,1.1771208487662177
usp000g650|depth|3-10km,usp000g650,depth,3-10km,100,1.128749548536463
usp000g650|depth|3-10km,usp000g650,depth,3-10km,101,1.2442542556212235
usp000g650|depth|3-10km,usp000g650,depth,3-10km,102,1.103819774499021
usp000g650|depth|3-10km,usp000g650,depth,3-10km,103,1.1881870988595433
usp000g650|depth|3-10km,usp000g650,depth,3-10km,104,1.2000583998951904
usp000g650|depth|3-10km,usp000g650,depth,3-10km,105,1.1646594611691041
usp000g650|depth|3-10km,usp000g650,depth,3-10km,106,1.1906170498444735
usp000g650|depth|3-10km,usp000g650,depth,3-10km,107,1.1618642706438302
usp000g650|depth|3-10km,usp000g650,depth,3-10km,108,1.1550547721229805
usp000g650|depth|3-10km,usp000g650,depth,3-10km,109,1.1763494319075583
usp000g650|depth|3-10km,usp000g650,depth,3-10km,110,1.1114353198498228
usp000g650|depth|3-10km,usp000g650,depth,3-10km,111,1.1517769872123882
usp000g650|depth|3-10km,usp000g650,depth,3-10km,112,1.1483960696515458
usp000g650|depth|3-10km,usp000g650,depth,3-10km,113,1.1938029671365051
usp000g650|depth|3-10km,usp000g650,depth,3-10km,114,1.1600134567213987
usp000g650|depth|3-10km,usp000g650,depth,3-10km,115,1.1413638857263015
usp000g650|depth|3-10km,usp000g650,depth,3-10km,116,1.2168591169089165
usp000g650|depth|3-10km,usp000g650,depth,3-10km,117,1.1552115520983233
usp000g650|depth|3-10km,usp000g650,depth,3-10km,118,1.1747194065279563
usp000g650|depth|3-10km,usp000g650,depth,3-10km,119,1.1200983837970484
usp000g650|depth|3-10km,usp000g650,depth,3-10km,120,1.142824530027993
usp000g650|depth|3-10km,usp000g650,depth,3-10km,121,1.2575069282443585
usp000g650|depth|3-10km,usp000g650,depth,3-10km,122,1.2062156364995988
usp000g650|depth|3-10km,usp000g650,depth,3-10km,123,1.179747498275512
usp000g650|depth|3-10km,usp000g650,depth,3-10km,124,1.2078543911909234
usp000g650|depth|3-10km,usp000g650,depth,3-10km,125,1.1627974581770275
usp000g650|depth|3-10km,usp000g650,depth,3-10km,126,1.154447109970525
usp000g650|depth|3-10km,usp000g650,depth,3-10km,127,1.1595048714325145
usp000g650|depth|3-10km,usp000g650,depth,3-10km,128,1.2101444448987912
usp000g650|depth|3-10km,usp000g650,depth,3-10km,129,1.1392765671282925
usp000g650|depth|3-10km,usp000g650,depth,3-10km,130,1.109697749721226
usp000g650|depth|3-10km,usp000g650,depth,3-10km,131,1.1345243402339371
usp000g650|depth|3-10km,usp000g650,depth,3-10km,132,1.1685106870954327
usp000g650|depth|3-10km,usp000g650,depth,3-10km,133,1.1620172561748796
usp000g650|depth|3-10km,usp000g650,depth,3-10km,134,1.1318727900544496
usp000g650|depth|3-10km,usp000g650,depth,3-10km,135,1.1417210516960032
usp000g650|depth|3-10km,usp000g650,depth,3-10km,136,1.1407642832012082
usp000g650|depth|3-10km,usp000g650,depth,3-10km,137,1.1958212781825022
usp000g650|depth|3-10km,usp000g650,depth,3-10km,138,1.2032198172511686
usp000g650|depth|3-10km,usp000g650,depth,3-10km,139,1.180818864423992
usp000g650|depth|3-10km,usp000g650,depth,3-10km,140,1.137730238493177
usp000g650|depth|3-10km,usp000g650,depth,3-10km,141,1.159533160115143
usp000g650|depth|3-10km,usp000g650,depth,3-10km,142,1.1531706858581057
usp000g650|depth|3-10km,usp000g650,depth,3-10km,143,1.1401417335421578
usp000g650|depth|3-10km,usp000g650,depth,3-10km,144,1.1676118326087266
usp000g650|depth|3-10km,usp000g650,depth,3-10km,145,1.2062493861169095
usp000g650|depth|3-10km,usp000g650,depth,3-10km,146,1.1375944964217033
usp000g650|depth|3-10km,usp000g650,depth,3-10km,147,1.1270896911173505
usp000g650|depth|3-10km,usp000g650,depth,3-10km,148,1.1268140778223283
usp000g650|depth|3-10km,usp000g650,depth,3-10km,149,1.1417577095250475
usp000g650|depth|3-10km,usp000g650,depth,3-10km,150,1.1992747460428363
usp000g650|depth|3-10km,usp000g650,depth,3-10km,151,1.1883076249477862
usp000g650|depth|3-10km,usp000g650,depth,3-10km,152,1.1606086299319176
usp000g650|depth|3-10km,usp000g650,depth,3-10km,153,1.1400086440585606
usp000g650|depth|3-10km,usp000g650,depth,3-10km,154,1.171664210542758
usp000g650|depth|3-10km,usp000g650,depth,3-10km,155,1.2148097571947039
usp000g650|depth|3-10km,usp000g650,depth,3-10km,156,1.1405435168592635
usp000g650|depth|3-10km,usp000g650,depth,3-10km,157,1.183442688027323
usp000g650|depth|3-10km,usp000g650,depth,3-10km,158,1.129923954707665
usp000g650|depth|3-10km,usp000g650,depth,3-10km,159,1.1661877996951577
usp000g650|depth|3-10km,usp000g650,depth,3-10km,160,1.2001955051781776
usp000g650|depth|3-10km,usp000g650,depth,3-10km,161,1.1827853331019451
usp000g650|depth|3-10km,usp000g650,depth,3-10km,162,1.2113507972558786
usp000g650|depth|3-10km,usp000g650,depth,3-10km,163,1.118253740670864
usp000g650|depth|3-10km,usp000g650,depth,3-10km,164,1.1710593405682654
usp000g650|depth|3-10km,usp000g650,depth,3-10km,165,1.1732524332587506
usp000g650|depth|3-10km,usp000g650,depth,3-10km,166,1.1356125357199855
usp000g650|depth|3-10km,usp000g650,depth,3-10km,167,1.1753092810563721
usp000g650|depth|3-10km,usp000g650,depth,3-10km,168,1.1477673042388936
usp000g650|depth|3-10km,usp000g650,depth,3-10km,169,1.1769478663434991
usp000g650|depth|3-10km,usp000g650,depth,3-10km,170,1.1920137877288124
usp000g650|depth|3-10km,usp000g650,depth,3-10km,171,1.122411940307244
usp000g650|depth|3-10km,usp000g650,depth,3-10km,172,1.1748100835740627
usp000g650|depth|3-10km,usp000g650,depth,3-10km,173,1.1583286324889661
usp000g650|depth|3-10km,usp000g650,depth,3-10km,174,1.1764386990042568
usp000g650|depth|3-10km,usp000g650,depth,3-10km,175,1.1865041769149254
usp000g650|depth|3-10km,usp000g650,depth,3-10km,176,1.185092138848644
usp000g650|depth|3-10km,usp000g650,depth,3-10km,177,1.2101031595452407
usp000g650|depth|3-10km,usp000g650,depth,3-10km,178,1.1420659715348433
usp000g650|depth|3-10km,usp000g650,depth,3-10km,179,1.1812654461505183
usp000g650|depth|3-10km,usp000g650,depth,3-10km,180,1.1804116284304582
usp000g650|depth|3-10km,usp000g650,depth,3-10km,181,1.1963872456377522
usp000g650|depth|3-10km,usp000g650,depth,3-10km,182,1.1552012801227929
usp000g650|depth|3-10km,usp000g650,depth,3-10km,183,1.2179963077691605
usp000g650|depth|3-10km,usp000g650,depth,3-10km,184,1.14919579414476
usp000g650|depth|3-10km,usp000g650,depth,3-10km,185,1.1534559720193363
usp000g650|depth|3-10km,usp000g650,depth,3-10km,186,1.1869890316385774
usp000g650|depth|3-10km,usp000g650,depth,3-10km,187,1.2029431722476533
usp000g650|depth|3-10km,usp000g650,depth,3-10km,188,1.1699251466949048
usp000g650|depth|3-10km,usp000g650,depth,3-10km,189,1.1511112929889797
usp000g650|depth|3-10km,usp000g650,depth,3-10km,190,1.1607442093464693
usp000g650|depth|3-10km,usp000g650,depth,3-10km,191,1.217215353191704
usp000g650|depth|3-10km,usp000g650,depth,3-10km,192,1.1855599744060454
usp000g650|depth|3-10km,usp000g650,depth,3-10km,193,1.193389784690709
usp000g650|depth|3-10km,usp000g650,depth,3-10km,194,1.1654098867173979
usp000g650|depth|3-10km,usp000g650,depth,3-10km,195,1.0719442882486745
usp000g650|depth|3-10km,usp000g650,depth,3-10km,196,1.1480953259077968
usp000g650|depth|3-10km,usp000g650,depth,3-10km,197,1.1361059098949373
usp000g650|depth|3-10km,usp000g650,depth,3-10km,198,1.184185299727691
usp000g650|depth|3-10km,usp000g650,depth,3-10km,199,1.1257455403668633
usp000g650|depth|10-17.4km,usp000g650,depth,10-17.4km,0,0.7104795408712951
usp000g650|depth|10-17.4km,usp000g650,depth,10-17.4km,1,0.8698058339021316
usp000g650|depth|10-17.4km,usp000g650,depth,10-17.4km,2,0.6490406845030993
usp000g650|depth|10-17.4km,usp000g650,depth,10-17.4km,3,0.950358653640266
usp000g650|depth|10-17.4km,usp000g650,depth,10-17.4km,4,0.8796959854221046
usp000g650|depth|10-17.4km,usp000g650,depth,10-17.4km,5,0.6899794786688447
usp000g650|depth|10-17.4km,usp000g650,depth,10-17.4km,6,0.7624805955429675
usp000g650|depth|10-17.4km,usp000g650,depth,10-17.4km,7,0.9344959609846297
usp000g650|depth|10-17.4km,usp000g650,depth,10-17.4km,8,0.932220861239505
usp000g650|depth|10-17.4km,usp000g650,depth,10-17.4km,9,0.9525826773197884
usp000g650|depth|10-17.4km,usp000g650,depth,10-17.4km,10,0.8713075030038283
usp000g650|depth|10-17.4km,usp000g650,depth,10-17.4km,11,0.8801284463677809
usp000g650|depth|10-17.4km,usp000g650,depth,10-17.4km,12,0.8282212159807579
usp000g650|depth|10-17.4km,usp000g650,depth,10-17.4km,13,0.947387074673141
usp000g650|depth|10-17.4km,usp000g650,depth,10-17.4km,14,0.8632885370088473
usp000g650|depth|10-17.4km,usp000g650,depth,10-17.4km,15,1.1558797651342412
usp000g650|depth|10-17.4km,usp000g650,depth,10-17.4km,16,0.8821655932400054
usp000g650|depth|10-17.4km,usp000g650,depth,10-17.4km,17,0.8047268729438777
usp000g650|depth|10-17.4km,usp000g650,depth,10-17.4km,18,0.9327584098748654
usp000g650|depth|10-17.4km,usp000g650,depth,10-17.4km,19,0.944245287054773
usp000g650|depth|10-17.4km,usp000g650,depth,10-17.4km,20,0.8867473524971818
usp000g650|depth|10-17.4km,usp000g650,depth,10-17.4km,21,0.8880582183602832
usp000g650|depth|10-17.4km,usp000g650,depth,10-17.4km,22,0.8478989630622015
usp000g650|depth|10-17.4km,usp000g650,depth,10-17.4km,23,0.7905073614571798
usp000g650|depth|10-17.4km,usp000g650,depth,10-17.4km,24,1.1571756068034693
usp000g650|depth|10-17.4km,usp000g650,depth,10-17.4km,25,0.7195690576784822
usp000g650|depth|10-17.4km,usp000g650,depth,10-17.4km,26,0.7199424981492896
usp000g650|depth|10-17.4km,usp000g650,depth,10-17.4km,27,0.7920477119072074
usp000g650|depth|10-17.4km,usp000g650,depth,10-17.4km,28,0.886702014722393
usp000g650|depth|10-17.4km,usp000g650,depth,10-17.4km,29,0.7684549348925311
usp000g650|depth|10-17.4km,usp000g650,depth,10-17.4km,30,1.0161272232959764
usp000g650|depth|10-17.4km,usp000g650,depth,10-17.4km,31,0.9129238879725105
usp000g650|depth|10-17.4km,usp000g650,depth,10-17.4km,32,0.8575671652254722
usp000g650|depth|10-17.4km,usp000g650,depth,10-17.4km,33,0.9846421142883864
usp000g650|depth|10-17.4km,usp000g650,depth,10-17.4km,34,1.0812178341491097
usp000g650|depth|10-17.4km,usp000g650,depth,10-17.4km,35,0.9607008502803337
usp000g650|depth|10-17.4km,usp000g650,depth,10-17.4km,36,0.8338055812870573
usp000g650|depth|10-17.4km,usp000g650,depth,10-17.4km,37,0.8055086182941429
usp000g650|depth|10-17.4km,usp000g650,depth,10-17.4km,38,1.5420960238127737
usp000g650|depth|10-17.4km,usp000g650,depth,10-17.4km,39,1.0679704741371536
usp000g650|depth|10-17.4km,usp000g650,depth,10-17.4km,40,0.7510073535515466
usp000g650|depth|10-17.4km,usp000g650,depth,10-17.4km,41,0.6885309110351803
usp000g650|depth|10-17.4km,usp000g650,depth,10-17.4km,42,0.9415817466371209
usp000g650|depth|10-17.4km,usp000g650,depth,10-17.4km,43,0.9755974680921711
usp000g650|depth|10-17.4km,usp000g650,depth,10-17.4km,44,0.8872485557098406
usp000g650|depth|10-17.4km,usp000g650,depth,10-17.4km,45,0.9003056370597234
usp000g650|depth|10-17.4km,usp000g650,depth,10-17.4km,46,0.916774132749089
usp000g650|depth|10-17.4km,usp000g650,depth,10-17.4km,47,0.8958950499022108
usp000g650|depth|10-17.4km,usp000g650,depth,10-17.4km,48,0.7104899717995687
usp000g650|depth|10-17.4km,usp000g650,depth,10-17.4km,49,0.8565539802778634
usp000g650|depth|10-17.4km,usp000g650,depth,10-17.4km,50,0.9237793155781141
usp000g650|depth|10-17.4km,usp000g650,depth,10-17.4km,51,0.8213969136717337
usp000g650|depth|10-17.4km,usp000g650,depth,10-17.4km,52,1.0243255689529087
usp000g650|depth|10-17.4km,usp000g650,depth,10-17.4km,53,0.9317446888497121
usp000g650|depth|10-17.4km,usp000g650,depth,10-17.4km,54,1.0002477317858127
usp000g650|depth|10-17.4km,usp000g650,depth,10-17.4km,55,0.7907321208615552
usp000g650|depth|10-17.4km,usp000g650,depth,10-17.4km,56,0.8709216228600803
usp000g650|depth|10-17.4km,usp000g650,depth,10-17.4km,57,0.8712168847052182
usp000g650|depth|10-17.4km,usp000g650,depth,10-17.4km,58,0.7857581418583173
usp000g650|depth|10-17.4km,usp000g650,depth,10-17.4km,59,0.9311764487132277
usp000g650|depth|10-17.4km,usp000g650,depth,10-17.4km,60,0.8755276275938576
usp000g650|depth|10-17.4km,usp000g650,depth,10-17.4km,61,0.9807119701591268
usp000g650|depth|10-17.4km,usp000g650,depth,10-17.4km,62,0.9999895987277297
usp000g650|depth|10-17.4km,usp000g650,depth,10-17.4km,63,1.1064047715645946
usp000g650|depth|10-17.4km,usp000g650,depth,10-17.4km,64,0.9484209377441085
usp000g650|depth|10-17.4km,usp000g650,depth,10-17.4km,65,0.7345276461973299
usp000g650|depth|10-17.4km,usp000g650,depth,10-17.4km,66,1.151820994896536
usp000g650|depth|10-17.4km,usp000g650,depth,10-17.4km,67,0.8921201652522384
usp000g650|depth|10-17.4km,usp000g650,depth,10-17.4km,68,0.7030493859805553
usp000g650|depth|10-17.4km,usp000g650,depth,10-17.4km,69,0.8515515162895013
usp000g650|depth|10-17.4km,usp000g650,depth,10-17.4km,70,0.6531397796644678
usp000g650|depth|10-17.4km,usp000g650,depth,10-17.4km,71,0.8553192400891331
usp000g650|depth|10-17.4km,usp000g650,depth,10-17.4km,72,0.911314841640329
usp000g650|depth|10-17.4km,usp000g650,depth,10-17.4km,73,1.1082570658835622
usp000g650|depth|10-17.4km,usp000g650,depth,10-17.4km,74,0.8352023970453143
usp000g650|depth|10-17.4km,usp000g650,depth,10-17.4km,75,0.9342693150483893
usp000g650|depth|10-17.4km,usp000g650,depth,10-17.4km,76,0.9865873019751488
usp000g650|depth|10-17.4km,usp000g650,depth,10-17.4km,77,0.7924855032920823
usp000g650|depth|10-17.4km,usp000g650,depth,10-17.4km,78,0.9129483881273084
usp000g650|depth|10-17.4km,usp000g650,depth,10-17.4km,79,1.0511205500181566
usp000g650|depth|10-17.4km,usp000g650,depth,10-17.4km,80,0.840106398249861
usp000g650|depth|10-17.4km,usp000g650,depth,10-17.4km,81,0.9304522589093529
usp000g650|depth|10-17.4km,usp000g650,depth,10-17.4km,82,0.79850743828559
usp000g650|depth|10-17.4km,usp000g650,depth,10-17.4km,83,0.9974110634869681
usp000g650|depth|10-17.4km,usp000g650,depth,10-17.4km,84,0.7343416000702921
usp000g650|depth|10-17.4km,usp000g650,depth,10-17.4km,85,0.9542209586860029
usp000g650|depth|10-17.4km,usp000g650,depth,10-17.4km,86,1.0743965243147655
usp000g650|depth|10-17.4km,usp000g650,depth,10-17.4km,87,0.9163217486618979
usp000g650|depth|10-17.4km,usp000g650,depth,10-17.4km,88,1.0142735769900983
usp000g650|depth|10-17.4km,usp000g650,depth,10-17.4km,89,0.7983158317814201
usp000g650|depth|10-17.4km,usp000g650,depth,10-17.4km,90,1.0170507137065035
usp000g650|depth|10-17.4km,usp000g650,depth,10-17.4km,91,0.7574652728528634
usp000g650|depth|10-17.4km,usp000g650,depth,10-17.4km,92,0.8741460897242469
usp000g650|depth|10-17.4km,usp000g650,depth,10-17.4km,93,0.9393901334262806
usp000g650|depth|10-17.4km,usp000g650,depth,10-17.4km,94,0.947466023491788
usp000g650|depth|10-17.4km,usp000g650,depth,10-17.4km,95,1.1902375920372674
usp000g650|depth|10-17.4km,usp000g650,depth,10-17.4km,96,0.8260995477464842
usp000g650|depth|10-17.4km,usp000g650,depth,10-17.4km,97,0.9836592935101559
usp000g650|depth|10-17.4km,usp000g650,depth,10-17.4km,98,0.8440220702164374
usp000g650|depth|10-17.4km,usp000g650,depth,10-17.4km,99,0.8128048434902738
usp000g650|depth|10-17.4km,usp000g650,depth,10-17.4km,100,0.8369574327889684
usp000g650|depth|10-17.4km,usp000g650,depth,10-17.4km,101,0.7401394052544795
usp000g650|depth|10-17.4km,usp000g650,depth,10-17.4km,102,0.8478177049269481
usp000g650|depth|10-17.4km,usp000g650,depth,10-17.4km,103,0.8589868397024277
usp000g650|depth|10-17.4km,usp000g650,depth,10-17.4km,104,0.8638727713639487
usp000g650|depth|10-17.4km,usp000g650,depth,10-17.4km,105,0.8756894473733826
usp000g650|depth|10-17.4km,usp000g650,depth,10-17.4km,106,0.7598796153552058
usp000g650|depth|10-17.4km,usp000g650,depth,10-17.4km,107,0.6685296992498647
usp000g650|depth|10-17.4km,usp000g650,depth,10-17.4km,108,1.0654585804722048
usp000g650|depth|10-17.4km,usp000g650,depth,10-17.4km,109,0.7150796943690484
usp000g650|depth|10-17.4km,usp000g650,depth,10-17.4km,110,1.02338164516399
usp000g650|depth|10-17.4km,usp000g650,depth,10-17.4km,111,0.7171500530728162
usp000g650|depth|10-17.4km,usp000g650,depth,10-17.4km,112,0.8350192608072428
usp000g650|depth|10-17.4km,usp000g650,depth,10-17.4km,113,0.8632432981505263
usp000g650|depth|10-17.4km,usp000g650,depth,10-17.4km,114,0.7545513048850052
usp000g650|depth|10-17.4km,usp000g650,depth,10-17.4km,115,0.8755961668248684
usp000g650|depth|10-17.4km,usp000g650,depth,10-17.4km,116,0.873251874426228
usp000g650|depth|10-17.4km,usp000g650,depth,10-17.4km,117,1.049497978971112
usp000g650|depth|10-17.4km,usp000g650,depth,10-17.4km,118,0.9119254309605855
usp000g650|depth|10-17.4km,usp000g650,depth,10-17.4km,119,0.9189036898635176
usp000g650|depth|10-17.4km,usp000g650,depth,10-17.4km,120,0.8608555283209981
usp000g650|depth|10-17.4km,usp000g650,depth,10-17.4km,121,0.7999442650222317
usp000g650|depth|10-17.4km,usp000g650,depth,10-17.4km,122,0.866893061315555
usp000g650|depth|10-17.4km,usp000g650,depth,10-17.4km,123,0.9989982085673599
usp000g650|depth|10-17.4km,usp000g650,depth,10-17.4km,124,0.9130890763260217
usp000g650|depth|10-17.4km,usp000g650,depth,10-17.4km,125,0.9610058327581427
usp000g650|depth|10-17.4km,usp000g650,depth,10-17.4km,126,1.013966624622924
usp000g650|depth|10-17.4km,usp000g650,depth,10-17.4km,127,1.052554298325787
usp000g650|depth|10-17.4km,usp000g650,depth,10-17.4km,128,0.8817601248199748
usp000g650|depth|10-17.4km,usp000g650,depth,10-17.4km,129,0.9231965923990054
usp000g650|depth|10-17.4km,usp000g650,depth,10-17.4km,130,0.8604999621990498
usp000g650|depth|10-17.4km,usp000g650,depth,10-17.4km,131,0.8527639578025654
usp000g650|depth|10-17.4km,usp000g650,depth,10-17.4km,132,0.8532146161651607
usp000g650|depth|10-17.4km,usp000g650,depth,10-17.4km,133,0.8696125053688669
usp000g650|depth|10-17.4km,usp000g650,depth,10-17.4km,134,0.9650746469435012
usp000g650|depth|10-17.4km,usp000g650,depth,10-17.4km,135,0.9164853980672161
usp000g650|depth|10-17.4km,usp000g650,depth,10-17.4km,136,0.7175986461380485
usp000g650|depth|10-17.4km,usp000g650,depth,10-17.4km,137,1.0096084302450485
usp000g650|depth|10-17.4km,usp000g650,depth,10-17.4km,138,1.0190551380440955
usp000g650|depth|10-17.4km,usp000g650,depth,10-17.4km,139,0.8655585965735719
usp000g650|depth|10-17.4km,usp000g650,depth,10-17.4km,140,0.6932025326826858
usp000g650|depth|10-17.4km,usp000g650,depth,10-17.4km,141,1.0673228851618481
usp000g650|depth|10-17.4km,usp000g650,depth,10-17.4km,142,0.8398369201071593
usp000g650|depth|10-17.4km,usp000g650,depth,10-17.4km,143,0.9295281109811556
usp000g650|depth|10-17.4km,usp000g650,depth,10-17.4km,144,0.7024950103005871
usp000g650|depth|10-17.4km,usp000g650,depth,10-17.4km,145,0.8559571362040787
usp000g650|depth|10-17.4km,usp000g650,depth,10-17.4km,146,0.9345921511581533
usp000g650|depth|10-17.4km,usp000g650,depth,10-17.4km,147,1.1455488633856337
usp000g650|depth|10-17.4km,usp000g650,depth,10-17.4km,148,0.8852242223149064
usp000g650|depth|10-17.4km,usp000g650,depth,10-17.4km,149,0.8919952844199375
usp000g650|depth|10-17.4km,usp000g650,depth,10-17.4km,150,0.9697475365344194
usp000g650|depth|10-17.4km,usp000g650,depth,10-17.4km,151,0.8981337588154834
usp000g650|depth|10-17.4km,usp000g650,depth,10-17.4km,152,0.9313007229116858
usp000g650|depth|10-17.4km,usp000g650,depth,10-17.4km,153,0.9394597197925794
usp000g650|depth|10-17.4km,usp000g650,depth,10-17.4km,154,0.9537958199362642
usp000g650|depth|10-17.4km,usp000g650,depth,10-17.4km,155,1.1066032684855907
usp000g650|depth|10-17.4km,usp000g650,depth,10-17.4km,156,1.0457503320327828
usp000g650|depth|10-17.4km,usp000g650,depth,10-17.4km,157,0.9352839967590977
usp000g650|depth|10-17.4km,usp000g650,depth,10-17.4km,158,0.9152452638814075
usp000g650|depth|10-17.4km,usp000g650,depth,10-17.4km,159,0.8406110327612548
usp000g650|depth|10-17.4km,usp000g650,depth,10-17.4km,160,0.8153441259239087
usp000g650|depth|10-17.4km,usp000g650,depth,10-17.4km,161,0.9118125081812726
usp000g650|depth|10-17.4km,usp000g650,depth,10-17.4km,162,0.8419071030989304
usp000g650|depth|10-17.4km,usp000g650,depth,10-17.4km,163,0.7443571139258152
usp000g650|depth|10-17.4km,usp000g650,depth,10-17.4km,164,0.9265230405636405
usp000g650|depth|10-17.4km,usp000g650,depth,10-17.4km,165,0.775534548570937
usp000g650|depth|10-17.4km,usp000g650,depth,10-17.4km,166,0.7633845455446944
usp000g650|depth|10-17.4km,usp000g650,depth,10-17.4km,167,0.6878944334257695
usp000g650|depth|10-17.4km,usp000g650,depth,10-17.4km,168,0.8193232249455116
usp000g650|depth|10-17.4km,usp000g650,depth,10-17.4km,169,0.7666337548934643
usp000g650|depth|10-17.4km,usp000g650,depth,10-17.4km,170,1.0580002785029814
usp000g650|depth|10-17.4km,usp000g650,depth,10-17.4km,171,0.9132733198885483
usp000g650|depth|10-17.4km,usp000g650,depth,10-17.4km,172,0.6141168855950427
usp000g650|depth|10-17.4km,usp000g650,depth,10-17.4km,173,0.8439131070100913
usp000g650|depth|10-17.4km,usp000g650,depth,10-17.4km,174,1.06896983855612
usp000g650|depth|10-17.4km,usp000g650,depth,10-17.4km,175,0.9047913408905912
usp000g650|depth|10-17.4km,usp000g650,depth,10-17.4km,176,0.9244802297638107
usp000g650|depth|10-17.4km,usp000g650,depth,10-17.4km,177,1.1050775172421456
usp000g650|depth|10-17.4km,usp000g650,depth,10-17.4km,178,0.9175874997413802
usp000g650|depth|10-17.4km,usp000g650,depth,10-17.4km,179,0.8346001100038247
usp000g650|depth|10-17.4km,usp000g650,depth,10-17.4km,180,0.6688225442553822
usp000g650|depth|10-17.4km,usp000g650,depth,10-17.4km,181,0.8342013599344728
usp000g650|depth|10-17.4km,usp000g650,depth,10-17.4km,182,0.5772767651351274
usp000g650|depth|10-17.4km,usp000g650,depth,10-17.4km,183,0.8981295755779812
usp000g650|depth|10-17.4km,usp000g650,depth,10-17.4km,184,0.944169993380294
usp000g650|depth|10-17.4km,usp000g650,depth,10-17.4km,185,0.8523523445136002
usp000g650|depth|10-17.4km,usp000g650,depth,10-17.4km,186,0.7663047897653147
usp000g650|depth|10-17.4km,usp000g650,depth,10-17.4km,187,0.8933706479093783
usp000g650|depth|10-17.4km,usp000g650,depth,10-17.4km,188,0.9440691734197068
usp000g650|depth|10-17.4km,usp000g650,depth,10-17.4km,189,0.7843728650640757
usp000g650|depth|10-17.4km,usp000g650,depth,10-17.4km,190,0.9847203408562929
usp000g650|depth|10-17.4km,usp000g650,depth,10-17.4km,191,0.9170986184709922
usp000g650|depth|10-17.4km,usp000g650,depth,10-17.4km,192,1.0039859435818554
usp000g650|depth|10-17.4km,usp000g650,depth,10-17.4km,193,1.0492264879909434
usp000g650|depth|10-17.4km,usp000g650,depth,10-17.4km,194,0.8656520181240651
usp000g650|depth|10-17.4km,usp000g650,depth,10-17.4km,195,0.978406686039522
usp000g650|depth|10-17.4km,usp000g650,depth,10-17.4km,196,0.7678324986547931
usp000g650|depth|10-17.4km,usp000g650,depth,10-17.4km,197,0.8525973164565194
usp000g650|depth|10-17.4km,usp000g650,depth,10-17.4km,198,0.8571097848209026
usp000g650|depth|10-17.4km,usp000g650,depth,10-17.4km,199,0.7045266320597969
usp000g650|depth|>=17.4km,usp000g650,depth,>=17.4km,0,1.0185375165595116
usp000g650|depth|>=17.4km,usp000g650,depth,>=17.4km,1,1.040063669766608
usp000g650|depth|>=17.4km,usp000g650,depth,>=17.4km,2,0.9577029789837008
usp000g650|depth|>=17.4km,usp000g650,depth,>=17.4km,3,0.8785564512614539
usp000g650|depth|>=17.4km,usp000g650,depth,>=17.4km,4,0.8925854464915689
usp000g650|depth|>=17.4km,usp000g650,depth,>=17.4km,5,1.0520660746392394
usp000g650|depth|>=17.4km,usp000g650,depth,>=17.4km,6,1.0013640564019093
usp000g650|depth|>=17.4km,usp000g650,depth,>=17.4km,7,0.9399198321980284
usp000g650|depth|>=17.4km,usp000g650,depth,>=17.4km,8,0.9906399919109905
usp000g650|depth|>=17.4km,usp000g650,depth,>=17.4km,9,1.0242094537442128
usp000g650|depth|>=17.4km,usp000g650,depth,>=17.4km,10,0.9461828950027897
usp000g650|depth|>=17.4km,usp000g650,depth,>=17.4km,11,1.0115899162912179
usp000g650|depth|>=17.4km,usp000g650,depth,>=17.4km,12,1.111563946709753
usp000g650|depth|>=17.4km,usp000g650,depth,>=17.4km,13,0.9252316285549428
usp000g650|depth|>=17.4km,usp000g650,depth,>=17.4km,14,1.061292176308536
usp000g650|depth|>=17.4km,usp000g650,depth,>=17.4km,15,1.1285920654170907
usp000g650|depth|>=17.4km,usp000g650,depth,>=17.4km,16,0.9598030506512581
usp000g650|depth|>=17.4km,usp000g650,depth,>=17.4km,17,0.942286083981736
usp000g650|depth|>=17.4km,usp000g650,depth,>=17.4km,18,0.9866901517232823
usp000g650|depth|>=17.4km,usp000g650,depth,>=17.4km,19,0.8945986965826206
usp000g650|depth|>=17.4km,usp000g650,depth,>=17.4km,20,0.9300733258953553
usp000g650|depth|>=17.4km,usp000g650,depth,>=17.4km,21,1.0069669913206294
usp000g650|depth|>=17.4km,usp000g650,depth,>=17.4km,22,0.9446492767651334
usp000g650|depth|>=17.4km,usp000g650,depth,>=17.4km,23,1.0380172120094093
usp000g650|depth|>=17.4km,usp000g650,depth,>=17.4km,24,0.9455793271586616
usp000g650|depth|>=17.4km,usp000g650,depth,>=17.4km,25,1.0582477192276252
usp000g650|depth|>=17.4km,usp000g650,depth,>=17.4km,26,1.0539694011707557
usp000g650|depth|>=17.4km,usp000g650,depth,>=17.4km,27,1.111187458860503
usp000g650|depth|>=17.4km,usp000g650,depth,>=17.4km,28,0.9816471093497511
usp000g650|depth|>=17.4km,usp000g650,depth,>=17.4km,29,0.9274060318722838
usp000g650|depth|>=17.4km,usp000g650,depth,>=17.4km,30,0.97496007644987
usp000g650|depth|>=17.4km,usp000g650,depth,>=17.4km,31,0.9777849332256542
usp000g650|depth|>=17.4km,usp000g650,depth,>=17.4km,32,0.8956794281686541
usp000g650|depth|>=17.4km,usp000g650,depth,>=17.4km,33,1.0280601129844549
usp000g650|depth|>=17.4km,usp000g650,depth,>=17.4km,34,0.866550444142023
usp000g650|depth|>=17.4km,usp000g650,depth,>=17.4km,35,0.8665039703083812
usp000g650|depth|>=17.4km,usp000g650,depth,>=17.4km,36,0.9679288192975273
usp000g650|depth|>=17.4km,usp000g650,depth,>=17.4km,37,1.0720727562211965
usp000g650|depth|>=17.4km,usp000g650,depth,>=17.4km,38,1.0439061634029327
usp000g650|depth|>=17.4km,usp000g650,depth,>=17.4km,39,0.9215902048626887
usp000g650|depth|>=17.4km,usp000g650,depth,>=17.4km,40,0.9168464073316019
usp000g650|depth|>=17.4km,usp000g650,depth,>=17.4km,41,1.0196019280769153
usp000g650|depth|>=17.4km,usp000g650,depth,>=17.4km,42,1.0225560844523014
usp000g650|depth|>=17.4km,usp000g650,depth,>=17.4km,43,0.978968345786921
usp000g650|depth|>=17.4km,usp000g650,depth,>=17.4km,44,0.9879866031529021
usp000g650|depth|>=17.4km,usp000g650,depth,>=17.4km,45,0.9685461635014341
usp000g650|depth|>=17.4km,usp000g650,depth,>=17.4km,46,0.9659578949879778
usp000g650|depth|>=17.4km,usp000g650,depth,>=17.4km,47,1.0253219726014884
usp000g650|depth|>=17.4km,usp000g650,depth,>=17.4km,48,1.029879415747843
usp000g650|depth|>=17.4km,usp000g650,depth,>=17.4km,49,0.9597718867890466
usp000g650|depth|>=17.4km,usp000g650,depth,>=17.4km,50,1.0591019968104798
usp000g650|depth|>=17.4km,usp000g650,depth,>=17.4km,51,1.1869686451881671
usp000g650|depth|>=17.4km,usp000g650,depth,>=17.4km,52,0.9811098325969257
usp000g650|depth|>=17.4km,usp000g650,depth,>=17.4km,53,1.0616753881640408
usp000g650|depth|>=17.4km,usp000g650,depth,>=17.4km,54,0.9453572879331116
usp000g650|depth|>=17.4km,usp000g650,depth,>=17.4km,55,1.0035502937054352
usp000g650|depth|>=17.4km,usp000g650,depth,>=17.4km,56,0.9100915935750082
usp000g650|depth|>=17.4km,usp000g650,depth,>=17.4km,57,1.104161120024758
usp000g650|depth|>=17.4km,usp000g650,depth,>=17.4km,58,1.0850158467248787
usp000g650|depth|>=17.4km,usp000g650,depth,>=17.4km,59,0.9080268647967936
usp000g650|depth|>=17.4km,usp000g650,depth,>=17.4km,60,0.9693384329169563
usp000g650|depth|>=17.4km,usp000g650,depth,>=17.4km,61,0.8271656509582838
usp000g650|depth|>=17.4km,usp000g650,depth,>=17.4km,62,0.97156797864395
usp000g650|depth|>=17.4km,usp000g650,depth,>=17.4km,63,0.9511941116663217
usp000g650|depth|>=17.4km,usp000g650,depth,>=17.4km,64,0.9070225982407215
usp000g650|depth|>=17.4km,usp000g650,depth,>=17.4km,65,0.972142748495355
usp000g650|depth|>=17.4km,usp000g650,depth,>=17.4km,66,1.0149293708693865
usp000g650|depth|>=17.4km,usp000g650,depth,>=17.4km,67,0.9886392495313514
usp000g650|depth|>=17.4km,usp000g650,depth,>=17.4km,68,0.8985835334893704
usp000g650|depth|>=17.4km,usp000g650,depth,>=17.4km,69,1.074904142750613
usp000g650|depth|>=17.4km,usp000g650,depth,>=17.4km,70,0.9711986959045595
usp000g650|depth|>=17.4km,usp000g650,depth,>=17.4km,71,0.9286745975352517
usp000g650|depth|>=17.4km,usp000g650,depth,>=17.4km,72,1.0369649903571283
usp000g650|depth|>=17.4km,usp000g650,depth,>=17.4km,73,1.0020918193436625
usp000g650|depth|>=17.4km,usp000g650,depth,>=17.4km,74,0.8613015264371536
usp000g650|depth|>=17.4km,usp000g650,depth,>=17.4km,75,1.0660635389391027
usp000g650|depth|>=17.4km,usp000g650,depth,>=17.4km,76,0.9820438448876125
usp000g650|depth|>=17.4km,usp000g650,depth,>=17.4km,77,1.0904785387006313
usp000g650|depth|>=17.4km,usp000g650,depth,>=17.4km,78,1.0474402853559603
usp000g650|depth|>=17.4km,usp000g650,depth,>=17.4km,79,0.9533716200032463
usp000g650|depth|>=17.4km,usp000g650,depth,>=17.4km,80,1.2300990885729006
usp000g650|depth|>=17.4km,usp000g650,depth,>=17.4km,81,0.9642957486058114
usp000g650|depth|>=17.4km,usp000g650,depth,>=17.4km,82,0.9175321174293749
usp000g650|depth|>=17.4km,usp000g650,depth,>=17.4km,83,0.9229158921166729
usp000g650|depth|>=17.4km,usp000g650,depth,>=17.4km,84,1.0638840772165756
usp000g650|depth|>=17.4km,usp000g650,depth,>=17.4km,85,0.8837843009384027
usp000g650|depth|>=17.4km,usp000g650,depth,>=17.4km,86,0.9602361442665205
usp000g650|depth|>=17.4km,usp000g650,depth,>=17.4km,87,0.8729319216326334
usp000g650|depth|>=17.4km,usp000g650,depth,>=17.4km,88,0.8704551051963715
usp000g650|depth|>=17.4km,usp000g650,depth,>=17.4km,89,0.9867206457162833
usp000g650|depth|>=17.4km,usp000g650,depth,>=17.4km,90,0.9562409359533572
usp000g650|depth|>=17.4km,usp000g650,depth,>=17.4km,91,1.112920476473513
usp000g650|depth|>=17.4km,usp000g650,depth,>=17.4km,92,0.9078135355396469
usp000g650|depth|>=17.4km,usp000g650,depth,>=17.4km,93,1.0004507227301678
usp000g650|depth|>=17.4km,usp000g650,depth,>=17.4km,94,0.8840663205432973
usp000g650|depth|>=17.4km,usp000g650,depth,>=17.4km,95,0.9578812667293186
usp000g650|depth|>=17.4km,usp000g650,depth,>=17.4km,96,1.048717653452258
usp000g650|depth|>=17.4km,usp000g650,depth,>=17.4km,97,0.9324710795851041
usp000g650|depth|>=17.4km,usp000g650,depth,>=17.4km,98,1.0172186848512725
usp000g650|depth|>=17.4km,usp000g650,depth,>=17.4km,99,0.9653803112251288
usp000g650|depth|>=17.4km,usp000g650,depth,>=17.4km,100,0.9717872260263429
usp000g650|depth|>=17.4km,usp000g650,depth,>=17.4km,101,0.9285931299170684
usp000g650|depth|>=17.4km,usp000g650,depth,>=17.4km,102,0.9879017077881113
usp000g650|depth|>=17.4km,usp000g650,depth,>=17.4km,103,0.8945430753498618
usp000g650|depth|>=17.4km,usp000g650,depth,>=17.4km,104,0.9665038705754493
usp000g650|depth|>=17.4km,usp000g650,depth,>=17.4km,105,0.9258333601075935
usp000g650|depth|>=17.4km,usp000g650,depth,>=17.4km,106,0.9186043211492523
usp000g650|depth|>=17.4km,usp000g650,depth,>=17.4km,107,0.8710707402989931
usp000g650|depth|>=17.4km,usp000g650,depth,>=17.4km,108,0.9622875447170814
usp000g650|depth|>=17.4km,usp000g650,depth,>=17.4km,109,0.9187552330808639
usp000g650|depth|>=17.4km,usp000g650,depth,>=17.4km,110,0.8994784970441687
usp000g650|depth|>=17.4km,usp000g650,depth,>=17.4km,111,0.9156376807926354
usp000g650|depth|>=17.4km,usp000g650,depth,>=17.4km,112,0.9656321948717759
usp000g650|depth|>=17.4km,usp000g650,depth,>=17.4km,113,0.860363956854779
usp000g650|depth|>=17.4km,usp000g650,depth,>=17.4km,114,1.055363063037642
usp000g650|depth|>=17.4km,usp000g650,depth,>=17.4km,115,0.9784610190485206
usp000g650|depth|>=17.4km,usp000g650,depth,>=17.4km,116,1.098036953160928
usp000g650|depth|>=17.4km,usp000g650,depth,>=17.4km,117,1.159686927256316
usp000g650|depth|>=17.4km,usp000g650,depth,>=17.4km,118,0.9663666919614242
usp000g650|depth|>=17.4km,usp000g650,depth,>=17.4km,119,0.9126746544239964
usp000g650|depth|>=17.4km,usp000g650,depth,>=17.4km,120,1.1066857055506987
usp000g650|depth|>=17.4km,usp000g650,depth,>=17.4km,121,0.8655309188528181
usp000g650|depth|>=17.4km,usp000g650,depth,>=17.4km,122,1.0495507242648212
usp000g650|depth|>=17.4km,usp000g650,depth,>=17.4km,123,0.9852620197543608
usp000g650|depth|>=17.4km,usp000g650,depth,>=17.4km,124,1.1288889551692676
usp000g650|depth|>=17.4km,usp000g650,depth,>=17.4km,125,0.9928701542531291
usp000g650|depth|>=17.4km,usp000g650,depth,>=17.4km,126,0.9795150912305981
usp000g650|depth|>=17.4km,usp000g650,depth,>=17.4km,127,1.0153367295347606
usp000g650|depth|>=17.4km,usp000g650,depth,>=17.4km,128,0.9834697859886294
usp000g650|depth|>=17.4km,usp000g650,depth,>=17.4km,129,0.9913769350590127
usp000g650|depth|>=17.4km,usp000g650,depth,>=17.4km,130,0.9498793850745194
usp000g650|depth|>=17.4km,usp000g650,depth,>=17.4km,131,1.0805772990979623
usp000g650|depth|>=17.4km,usp000g650,depth,>=17.4km,132,1.016105016933248
usp000g650|depth|>=17.4km,usp000g650,depth,>=17.4km,133,1.0732777986964719
usp000g650|depth|>=17.4km,usp000g650,depth,>=17.4km,134,0.8869185719665812
usp000g650|depth|>=17.4km,usp000g650,depth,>=17.4km,135,0.9689621135829322
usp000g650|depth|>=17.4km,usp000g650,depth,>=17.4km,136,0.9852418361112973
usp000g650|depth|>=17.4km,usp000g650,depth,>=17.4km,137,0.9892013744863822
usp000g650|depth|>=17.4km,usp000g650,depth,>=17.4km,138,0.970024328240551
usp000g650|depth|>=17.4km,usp000g650,depth,>=17.4km,139,0.943745827384469
usp000g650|depth|>=17.4km,usp000g650,depth,>=17.4km,140,0.7530636049676024
usp000g650|depth|>=17.4km,usp000g650,depth,>=17.4km,141,1.0557462940325866
usp000g650|depth|>=17.4km,usp000g650,depth,>=17.4km,142,0.9405846059255304
usp000g650|depth|>=17.4km,usp000g650,depth,>=17.4km,143,0.9619296917781642
usp000g650|depth|>=17.4km,usp000g650,depth,>=17.4km,144,0.9907923039234805
usp000g650|depth|>=17.4km,usp000g650,depth,>=17.4km,145,0.8418843190170263
usp000g650|depth|>=17.4km,usp000g650,depth,>=17.4km,146,0.8685875887775548
usp000g650|depth|>=17.4km,usp000g650,depth,>=17.4km,147,1.0865509264190132
usp000g650|depth|>=17.4km,usp000g650,depth,>=17.4km,148,0.94205274742194
usp000g650|depth|>=17.4km,usp000g650,depth,>=17.4km,149,1.1336226416968676
usp000g650|depth|>=17.4km,usp000g650,depth,>=17.4km,150,0.890041144671645
usp000g650|depth|>=17.4km,usp000g650,depth,>=17.4km,151,1.1108343256207298
usp000g650|depth|>=17.4km,usp000g650,depth,>=17.4km,152,0.8648378654774538
usp000g650|depth|>=17.4km,usp000g650,depth,>=17.4km,153,0.9489226164485841
usp000g650|depth|>=17.4km,usp000g650,depth,>=17.4km,154,1.011962017572579
usp000g650|depth|>=17.4km,usp000g650,depth,>=17.4km,155,0.9793557662088666
usp000g650|depth|>=17.4km,usp000g650,depth,>=17.4km,156,1.038296115189977
usp000g650|depth|>=17.4km,usp000g650,depth,>=17.4km,157,0.8983723578862468
usp000g650|depth|>=17.4km,usp000g650,depth,>=17.4km,158,0.9503138044626679
usp000g650|depth|>=17.4km,usp000g650,depth,>=17.4km,159,0.830141860937638
usp000g650|depth|>=17.4km,usp000g650,depth,>=17.4km,160,1.0034711555917688
usp000g650|depth|>=17.4km,usp000g650,depth,>=17.4km,161,1.0466685255739507
usp000g650|depth|>=17.4km,usp000g650,depth,>=17.4km,162,1.0859383910768747
usp000g650|depth|>=17.4km,usp000g650,depth,>=17.4km,163,0.9481599319076226
usp000g650|depth|>=17.4km,usp000g650,depth,>=17.4km,164,0.9991239169079478
usp000g650|depth|>=17.4km,usp000g650,depth,>=17.4km,165,0.9028682192705658
usp000g650|depth|>=17.4km,usp000g650,depth,>=17.4km,166,0.9336681942105426
usp000g650|depth|>=17.4km,usp000g650,depth,>=17.4km,167,1.0349377913261832
usp000g650|depth|>=17.4km,usp000g650,depth,>=17.4km,168,0.992305886401154
usp000g650|depth|>=17.4km,usp000g650,depth,>=17.4km,169,0.9627666629472967
usp000g650|depth|>=17.4km,usp000g650,depth,>=17.4km,170,1.0050227676982069
usp000g650|depth|>=17.4km,usp000g650,depth,>=17.4km,171,0.9155814253399001
usp000g650|depth|>=17.4km,usp000g650,depth,>=17.4km,172,0.9582033183265375
usp000g650|depth|>=17.4km,usp000g650,depth,>=17.4km,173,0.9917229826952167
usp000g650|depth|>=17.4km,usp000g650,depth,>=17.4km,174,0.8321046703683764
usp000g650|depth|>=17.4km,usp000g650,depth,>=17.4km,175,0.9728513966420764
usp000g650|depth|>=17.4km,usp000g650,depth,>=17.4km,176,1.0905396399574827
usp000g650|depth|>=17.4km,usp000g650,depth,>=17.4km,177,1.051726060706003
usp000g650|depth|>=17.4km,usp000g650,depth,>=17.4km,178,0.9252642705730814
usp000g650|depth|>=17.4km,usp000g650,depth,>=17.4km,179,1.0425611992762054
usp000g650|depth|>=17.4km,usp000g650,depth,>=17.4km,180,0.9797144676079924
usp000g650|depth|>=17.4km,usp000g650,depth,>=17.4km,181,1.1534699716843106
usp000g650|depth|>=17.4km,usp000g650,depth,>=17.4km,182,1.0215059643283269
usp000g650|depth|>=17.4km,usp000g650,depth,>=17.4km,183,0.9643870938677075
usp000g650|depth|>=17.4km,usp000g650,depth,>=17.4km,184,0.9690430234466993
usp000g650|depth|>=17.4km,usp000g650,depth,>=17.4km,185,1.012048169776057
usp000g650|depth|>=17.4km,usp000g650,depth,>=17.4km,186,0.980651783632762
usp000g650|depth|>=17.4km,usp000g650,depth,>=17.4km,187,0.9566165076440364
usp000g650|depth|>=17.4km,usp000g650,depth,>=17.4km,188,1.0506000437311926
usp000g650|depth|>=17.4km,usp000g650,depth,>=17.4km,189,0.9728270911911316
usp000g650|depth|>=17.4km,usp000g650,depth,>=17.4km,190,0.9915744929792554
usp000g650|depth|>=17.4km,usp000g650,depth,>=17.4km,191,1.0275251130308636
usp000g650|depth|>=17.4km,usp000g650,depth,>=17.4km,192,1.0170713957328879
usp000g650|depth|>=17.4km,usp000g650,depth,>=17.4km,193,0.9004581096407706
usp000g650|depth|>=17.4km,usp000g650,depth,>=17.4km,194,0.9377569397805297
usp000g650|depth|>=17.4km,usp000g650,depth,>=17.4km,195,1.1294984654955265
usp000g650|depth|>=17.4km,usp000g650,depth,>=17.4km,196,0.9302123246802368
usp000g650|depth|>=17.4km,usp000g650,depth,>=17.4km,197,1.082538969847926
usp000g650|depth|>=17.4km,usp000g650,depth,>=17.4km,198,0.9001679329762206
usp000g650|depth|>=17.4km,usp000g650,depth,>=17.4km,199,0.9807699380964973
usp000g650|region|West_of_ms,usp000g650,region,West_of_ms,0,0.9366265838246478
usp000g650|region|West_of_ms,usp000g650,region,West_of_ms,1,0.8623737918711111
usp000g650|region|West_of_ms,usp000g650,region,West_of_ms,2,1.2318659382562949
usp000g650|region|West_of_ms,usp000g650,region,West_of_ms,3,1.361737818547925
usp000g650|region|West_of_ms,usp000g650,region,West_of_ms,4,1.3977131363970372
usp000g650|region|West_of_ms,usp000g650,region,West_of_ms,5,1.5050426196218636
usp000g650|region|West_of_ms,usp000g650,region,West_of_ms,6,1.0780509362472521
usp000g650|region|West_of_ms,usp000g650,region,West_of_ms,7,0.843061996032258
usp000g650|region|West_of_ms,usp000g650,region,West_of_ms,8,0.8421061207358456
usp000g650|region|West_of_ms,usp000g650,region,West_of_ms,9,1.3847164592355277
usp000g650|region|West_of_ms,usp000g650,region,West_of_ms,10,1.241816681040198
usp000g650|region|West_of_ms,usp000g650,region,West_of_ms,11,1.508268704034651
usp000g650|region|West_of_ms,usp000g650,region,West_of_ms,12,1.0094491734104247
usp000g650|region|West_of_ms,usp000g650,region,West_of_ms,13,1.1524433334158484
usp000g650|region|West_of_ms,usp000g650,region,West_of_ms,14,1.1375127342514393
usp000g650|region|West_of_ms,usp000g650,region,West_of_ms,15,1.2370072296202188
usp000g650|region|West_of_ms,usp000g650,region,West_of_ms,16,0.9818062272447983
usp000g650|region|West_of_ms,usp000g650,region,West_of_ms,17,1.0852342985153434
usp000g650|region|West_of_ms,usp000g650,region,West_of_ms,18,1.8544917618019934
usp000g650|region|West_of_ms,usp000g650,region,West_of_ms,19,1.068734731637238
usp000g650|region|West_of_ms,usp000g650,region,West_of_ms,20,0.7068485379106955
usp000g650|region|West_of_ms,usp000g650,region,West_of_ms,21,0.8493105438839542
usp000g650|region|West_of_ms,usp000g650,region,West_of_ms,22,1.6006535766239676
usp000g650|region|West_of_ms,usp000g650,region,West_of_ms,23,1.2134600419300232
usp000g650|region|West_of_ms,usp000g650,region,West_of_ms,24,1.0911857233323194
usp000g650|region|West_of_ms,usp000g650,region,West_of_ms,25,1.124865736688208
usp000g650|region|West_of_ms,usp000g650,region,West_of_ms,26,1.3246705148834828
usp000g650|region|West_of_ms,usp000g650,region,West_of_ms,27,0.8562633835083658
usp000g650|region|West_of_ms,usp000g650,region,West_of_ms,28,0.8188501943654503
usp000g650|region|West_of_ms,usp000g650,region,West_of_ms,29,1.1141355590440887
usp000g650|region|West_of_ms,usp000g650,region,West_of_ms,30,0.923457972148295
usp000g650|region|West_of_ms,usp000g650,region,West_of_ms,31,0.9034096668106203
usp000g650|region|West_of_ms,usp000g650,region,West_of_ms,32,1.0856647147642216
usp000g650|region|West_of_ms,usp000g650,region,West_of_ms,33,0.9925619944214317
usp000g650|region|West_of_ms,usp000g650,region,West_of_ms,34,0.8649327284279156
usp000g650|region|West_of_ms,usp000g650,region,West_of_ms,35,1.579851853286926
usp000g650|region|West_of_ms,usp000g650,region,West_of_ms,36,1.0222684875370578
usp000g650|region|West_of_ms,usp000g650,region,West_of_ms,37,0.9560277792127763
usp000g650|region|West_of_ms,usp000g650,region,West_of_ms,38,0.8464824371712631
usp000g650|region|West_of_ms,usp000g650,region,West_of_ms,39,1.2890326429496193
usp000g650|region|West_of_ms,usp000g650,region,West_of_ms,40,1.1422170618294645
usp000g650|region|West_of_ms,usp000g650,region,West_of_ms,41,0.9915382479372068
usp000g650|region|West_of_ms,usp000g650,region,West_of_ms,42,0.6960972797088699
usp000g650|region|West_of_ms,usp000g650,region,West_of_ms,43,0.9327204023240963
usp000g650|region|West_of_ms,usp000g650,region,West_of_ms,44,0.9191016040232112
usp000g650|region|West_of_ms,usp000g650,region,West_of_ms,45,0.7656435224655274
usp000g650|region|West_of_ms,usp000g650,region,West_of_ms,46,0.867017341995813
usp000g650|region|West_of_ms,usp000g650,region,West_of_ms,47,1.0865131434305497
usp000g650|region|West_of_ms,usp000g650,region,West_of_ms,48,1.20211997698785
usp000g650|region|West_of_ms,usp000g650,region,West_of_ms,49,0.9959085794769178
usp000g650|region|West_of_ms,usp000g650,region,West_of_ms,50,1.0445934993908588
usp000g650|region|West_of_ms,usp000g650,region,West_of_ms,51,1.0082608459838371
usp000g650|region|West_of_ms,usp000g650,region,West_of_ms,52,1.248419386956592
usp000g650|region|West_of_ms,usp000g650,region,West_of_ms,53,1.2051634014772579
usp000g650|region|West_of_ms,usp000g650,region,West_of_ms,54,0.8218069069749621
usp000g650|region|West_of_ms,usp000g650,region,West_of_ms,55,0.987066691024365
usp000g650|region|West_of_ms,usp000g650,region,West_of_ms,56,0.9701130444875956
usp000g650|region|West_of_ms,usp000g650,region,West_of_ms,57,1.282265565147725
usp000g650|region|West_of_ms,usp000g650,region,West_of_ms,58,0.9327512198258203
usp000g650|region|West_of_ms,usp000g650,region,West_of_ms,59,0.8257799379151545
usp000g650|region|West_of_ms,usp000g650,region,West_of_ms,60,0.9482843406366953
usp000g650|region|West_of_ms,usp000g650,region,West_of_ms,61,0.8714807208074784
usp000g650|region|West_of_ms,usp000g650,region,West_of_ms,62,0.8706120120591574
usp000g650|region|West_of_ms,usp000g650,region,West_of_ms,63,1.0642128079094988
usp000g650|region|West_of_ms,usp000g650,region,West_of_ms,64,1.1335220717532768
usp000g650|region|West_of_ms,usp000g650,region,West_of_ms,65,1.0914727642657553
usp000g650|region|West_of_ms,usp000g650,region,West_of_ms,66,0.8415239776310544
usp000g650|region|West_of_ms,usp000g650,region,West_of_ms,67,1.018454264283805
usp000g650|region|West_of_ms,usp000g650,region,West_of_ms,68,0.9100287783481399
usp000g650|region|West_of_ms,usp000g650,region,West_of_ms,69,1.3707058691642808
usp000g650|region|West_of_ms,usp000g650,region,West_of_ms,70,0.8151082755692438
usp000g650|region|West_of_ms,usp000g650,region,West_of_ms,71,0.6977412178974648
usp000g650|region|West_of_ms,usp000g650,region,West_of_ms,72,0.7837849778725904
usp000g650|region|West_of_ms,usp000g650,region,West_of_ms,73,1.1701687475071365
usp000g650|region|West_of_ms,usp000g650,region,West_of_ms,74,1.1176598223208554
usp000g650|region|West_of_ms,usp000g650,region,West_of_ms,75,0.8426900062067153
usp000g650|region|West_of_ms,usp000g650,region,West_of_ms,76,1.0761670115160535
usp000g650|region|West_of_ms,usp000g650,region,West_of_ms,77,0.8996300764717073
usp000g650|region|West_of_ms,usp000g650,region,West_of_ms,78,1.009607279108498
usp000g650|region|West_of_ms,usp000g650,region,West_of_ms,79,1.0083632058165326
usp000g650|region|West_of_ms,usp000g650,region,West_of_ms,80,0.9575995936225119
usp000g650|region|West_of_ms,usp000g650,region,West_of_ms,81,1.133937762742932
usp000g650|region|West_of_ms,usp000g650,region,West_of_ms,82,0.7538693829935386
usp000g650|region|West_of_ms,usp000g650,region,West_of_ms,83,1.1471571289972196
usp000g650|region|West_of_ms,usp000g650,region,West_of_ms,84,0.9086848580231562
usp000g650|region|West_of_ms,usp000g650,region,West_of_ms,85,0.9092659862990041
usp000g650|region|West_of_ms,usp000g650,region,West_of_ms,86,1.395135117894391
usp000g650|region|West_of_ms,usp000g650,region,West_of_ms,87,0.8545630347229621
usp000g650|region|West_of_ms,usp000g650,region,West_of_ms,88,1.1326844556907467
usp000g650|region|West_of_ms,usp000g650,region,West_of_ms,89,1.2333531720020756
usp000g650|region|West_of_ms,usp000g650,region,West_of_ms,90,0.9411733026597254
usp000g650|region|West_of_ms,usp000g650,region,West_of_ms,91,1.366918746272532
usp000g650|region|West_of_ms,usp000g650,region,West_of_ms,92,0.7964762249877458
usp000g650|region|West_of_ms,usp000g650,region,West_of_ms,93,1.0341254267807343
usp000g650|region|West_of_ms,usp000g650,region,West_of_ms,94,0.8209264648169751
usp000g650|region|West_of_ms,usp000g650,region,West_of_ms,95,1.2212924942560215
usp000g650|region|West_of_ms,usp000g650,region,West_of_ms,96,0.7874363872726315
usp000g650|region|West_of_ms,usp000g650,region,West_of_ms,97,0.9891785968555384
usp000g650|region|West_of_ms,usp000g650,region,West_of_ms,98,0.7566967158978501
usp000g650|region|West_of_ms,usp000g650,region,West_of_ms,99,1.1038615601599608
usp000g650|region|West_of_ms,usp000g650,region,West_of_ms,100,0.9053630676230203
usp000g650|region|West_of_ms,usp000g650,region,West_of_ms,101,1.4663110053703559
usp000g650|region|West_of_ms,usp000g650,region,West_of_ms,102,1.0565839505594814
usp000g650|region|West_of_ms,usp000g650,region,West_of_ms,103,0.7828438630087542
usp000g650|region|West_of_ms,usp000g650,region,West_of_ms,104,0.9047600503163679
usp000g650|region|West_of_ms,usp000g650,region,West_of_ms,105,1.0331684918294877
usp000g650|region|West_of_ms,usp000g650,region,West_of_ms,106,0.9914900708843876
usp000g650|region|West_of_ms,usp000g650,region,West_of_ms,107,0.8106582144638212
usp000g650|region|West_of_ms,usp000g650,region,West_of_ms,108,0.9882600406570634
usp000g650|region|West_of_ms,usp000g650,region,West_of_ms,109,1.3473136314505068
usp000g650|region|West_of_ms,usp000g650,region,West_of_ms,110,0.8242712655795099
usp000g650|region|West_of_ms,usp000g650,region,West_of_ms,111,0.8186610287071517
usp000g650|region|West_of_ms,usp000g650,region,West_of_ms,112,0.8375859585167561
usp000g650|region|West_of_ms,usp000g650,region,West_of_ms,113,0.7450036103431128
usp000g650|region|West_of_ms,usp000g650,region,West_of_ms,114,1.0945831843796923
usp000g650|region|West_of_ms,usp000g650,region,West_of_ms,115,0.8178500486980036
usp000g650|region|West_of_ms,usp000g650,region,West_of_ms,116,0.7977888759262607
usp000g650|region|West_of_ms,usp000g650,region,West_of_ms,117,0.9633316721568973
usp000g650|region|West_of_ms,usp000g650,region,West_of_ms,118,0.6422846084997784
usp000g650|region|West_of_ms,usp000g650,region,West_of_ms,119,0.7597283962413146
usp000g650|region|West_of_ms,usp000g650,region,West_of_ms,120,0.7385743083313552
usp000g650|region|West_of_ms,usp000g650,region,West_of_ms,121,0.8718655151438256
usp000g650|region|West_of_ms,usp000g650,region,West_of_ms,122,0.8701142429653566
usp000g650|region|West_of_ms,usp000g650,region,West_of_ms,123,1.058359220214366
usp000g650|region|West_of_ms,usp000g650,region,West_of_ms,124,0.7331266854653024
usp000g650|region|West_of_ms,usp000g650,region,West_of_ms,125,0.7752723653409939
usp000g650|region|West_of_ms,usp000g650,region,West_of_ms,126,0.7347219792532115
usp000g650|region|West_of_ms,usp000g650,region,West_of_ms,127,0.8438712029423275
usp000g650|region|West_of_ms,usp000g650,region,West_of_ms,128,0.9581422633110943
usp000g650|region|West_of_ms,usp000g650,region,West_of_ms,129,0.702869276018358
usp000g650|region|West_of_ms,usp000g650,region,West_of_ms,130,0.6158226366602589
usp000g650|region|West_of_ms,usp000g650,region,West_of_ms,131,0.7843578470859109
usp000g650|region|West_of_ms,usp000g650,region,West_of_ms,132,0.8233874184121112
usp000g650|region|West_of_ms,usp000g650,region,West_of_ms,133,1.2736124954023162
usp000g650|region|West_of_ms,usp000g650,region,West_of_ms,134,0.8305707461807775
usp000g650|region|West_of_ms,usp000g650,region,West_of_ms,135,1.0149973674763761
usp000g650|region|West_of_ms,usp000g650,region,West_of_ms,136,0.7571344445760954
usp000g650|region|West_of_ms,usp000g650,region,West_of_ms,137,0.8139700061187061
usp000g650|region|West_of_ms,usp000g650,region,West_of_ms,138,1.0430102640040229
usp000g650|region|West_of_ms,usp000g650,region,West_of_ms,139,1.3089208153023593
usp000g650|region|West_of_ms,usp000g650,region,West_of_ms,140,0.7606721037617892
usp000g650|region|West_of_ms,usp000g650,region,West_of_ms,141,1.0937750681546636
usp000g650|region|West_of_ms,usp000g650,region,West_of_ms,142,1.2535375407661309
usp000g650|region|West_of_ms,usp000g650,region,West_of_ms,143,1.0578214065980354
usp000g650|region|West_of_ms,usp000g650,region,West_of_ms,144,0.9119749966605623
usp000g650|region|West_of_ms,usp000g650,region,West_of_ms,145,0.7333950056045703
usp000g650|region|West_of_ms,usp000g650,region,West_of_ms,146,0.9009571359965495
usp000g650|region|West_of_ms,usp000g650,region,West_of_ms,147,1.0774665711964564
usp000g650|region|West_of_ms,usp000g650,region,West_of_ms,148,0.9248492366281204
usp000g650|region|West_of_ms,usp000g650,region,West_of_ms,149,1.3125289740287718
usp000g650|region|West_of_ms,usp000g650,region,West_of_ms,150,1.1406556970443402
usp000g650|region|West_of_ms,usp000g650,region,West_of_ms,151,0.9608184221641837
usp000g650|region|West_of_ms,usp000g650,region,West_of_ms,152,0.8510852458702602
usp000g650|region|West_of_ms,usp000g650,region,West_of_ms,153,1.2652452874005207
usp000g650|region|West_of_ms,usp000g650,region,West_of_ms,154,1.2813939804329701
usp000g650|region|West_of_ms,usp000g650,region,West_of_ms,155,0.9130827823243565
usp000g650|region|West_of_ms,usp000g650,region,West_of_ms,156,0.8769830566924458
usp000g650|region|West_of_ms,usp000g650,region,West_of_ms,157,0.9388615323319053
usp000g650|region|West_of_ms,usp000g650,region,West_of_ms,158,0.7387316831840128
usp000g650|region|West_of_ms,usp000g650,region,West_of_ms,159,0.9957090928874528
usp000g650|region|West_of_ms,usp000g650,region,West_of_ms,160,0.9711842826827821
usp000g650|region|West_of_ms,usp000g650,region,West_of_ms,161,1.2117462124601108
usp000g650|region|West_of_ms,usp000g650,region,West_of_ms,162,0.7669037616253426
usp000g650|region|West_of_ms,usp000g650,region,West_of_ms,163,0.9412598090916409
usp000g650|region|West_of_ms,usp000g650,region,West_of_ms,164,1.1231602876387383
usp000g650|region|West_of_ms,usp000g650,region,West_of_ms,165,0.9426734443244692
usp000g650|region|West_of_ms,usp000g650,region,West_of_ms,166,1.055090540432151
usp000g650|region|West_of_ms,usp000g650,region,West_of_ms,167,1.112628927547132
usp000g650|region|West_of_ms,usp000g650,region,West_of_ms,168,1.320607683554022
usp000g650|region|West_of_ms,usp000g650,region,West_of_ms,169,0.8750329066698452
usp000g650|region|West_of_ms,usp000g650,region,West_of_ms,170,0.8630173248259
usp000g650|region|West_of_ms,usp000g650,region,West_of_ms,171,1.060201022116284
usp000g650|region|West_of_ms,usp000g650,region,West_of_ms,172,0.9199923065200887
usp000g650|region|West_of_ms,usp000g650,region,West_of_ms,173,0.9116010849878214
usp000g650|region|West_of_ms,usp000g650,region,West_of_ms,174,0.7026500171643573
usp000g650|region|West_of_ms,usp000g650,region,West_of_ms,175,1.2362556024764524
usp000g650|region|West_of_ms,usp000g650,region,West_of_ms,176,0.8498112067518564
usp000g650|region|West_of_ms,usp000g650,region,West_of_ms,177,0.9281129633545288
usp000g650|region|West_of_ms,usp000g650,region,West_of_ms,178,1.0906141992872995
usp000g650|region|West_of_ms,usp000g650,region,West_of_ms,179,0.9811088934292644
usp000g650|region|West_of_ms,usp000g650,region,West_of_ms,180,0.7371228234205872
usp000g650|region|West_of_ms,usp000g650,region,West_of_ms,181,0.8550903933781622
usp000g650|region|West_of_ms,usp000g650,region,West_of_ms,182,0.9670749125016546
usp000g650|region|West_of_ms,usp000g650,region,West_of_ms,183,1.1167755713524852
usp000g650|region|West_of_ms,usp000g650,region,West_of_ms,184,1.4920707855291542
usp000g650|region|West_of_ms,usp000g650,region,West_of_ms,185,0.7111060344998641
usp000g650|region|West_of_ms,usp000g650,region,West_of_ms,186,0.938848246243772
usp000g650|region|West_of_ms,usp000g650,region,West_of_ms,187,0.8512674712154336
usp000g650|region|West_of_ms,usp000g650,region,West_of_ms,188,1.1751976514492168
usp000g650|region|West_of_ms,usp000g650,region,West_of_ms,189,0.8630284218959566
usp000g650|region|West_of_ms,usp000g650,region,West_of_ms,190,1.4634749639893205
usp000g650|region|West_of_ms,usp000g650,region,West_of_ms,191,0.9895869744103092
usp000g650|region|West_of_ms,usp000g650,region,West_of_ms,192,1.3809572625269793
usp000g650|region|West_of_ms,usp000g650,region,West_of_ms,193,0.7796619421316437
usp000g650|region|West_of_ms,usp000g650,region,West_of_ms,194,0.7867143901149243
usp000g650|region|West_of_ms,usp000g650,region,West_of_ms,195,1.2444468968391562
usp000g650|region|West_of_ms,usp000g650,region,West_of_ms,196,0.8003140964801435
usp000g650|region|West_of_ms,usp000g650,region,West_of_ms,197,1.3304674040111764
usp000g650|region|West_of_ms,usp000g650,region,West_of_ms,198,1.3807296838970193
usp000g650|region|West_of_ms,usp000g650,region,West_of_ms,199,0.7228212516696779
usp000g650|region|East_of_ms,usp000g650,region,East_of_ms,0,1.1925774082016758
usp000g650|region|East_of_ms,usp000g650,region,East_of_ms,1,1.0931449207377237
usp000g650|region|East_of_ms,usp000g650,region,East_of_ms,2,1.1675458436438086
usp000g650|region|East_of_ms,usp000g650,region,East_of_ms,3,1.1269516321140127
usp000g650|region|East_of_ms,usp000g650,region,East_of_ms,4,1.128618757443503
usp000g650|region|East_of_ms,usp000g650,region,East_of_ms,5,1.1598197546693703
usp000g650|region|East_of_ms,usp000g650,region,East_of_ms,6,1.1622496934039959
usp000g650|region|East_of_ms,usp000g650,region,East_of_ms,7,1.139797388551321
usp000g650|region|East_of_ms,usp000g650,region,East_of_ms,8,1.1554551817911212
usp000g650|region|East_of_ms,usp000g650,region,East_of_ms,9,1.1368060654968273
usp000g650|region|East_of_ms,usp000g650,region,East_of_ms,10,1.1914720876995863
usp000g650|region|East_of_ms,usp000g650,region,East_of_ms,11,1.1737139456951704
usp000g650|region|East_of_ms,usp000g650,region,East_of_ms,12,1.1705790713201667
usp000g650|region|East_of_ms,usp000g650,region,East_of_ms,13,1.165511689072539
usp000g650|region|East_of_ms,usp000g650,region,East_of_ms,14,1.1567448531247935
usp000g650|region|East_of_ms,usp000g650,region,East_of_ms,15,1.1509504058573097
usp000g650|region|East_of_ms,usp000g650,region,East_of_ms,16,1.201149896845266
usp000g650|region|East_of_ms,usp000g650,region,East_of_ms,17,1.1228867820484842
usp000g650|region|East_of_ms,usp000g650,region,East_of_ms,18,1.1724542707086756
usp000g650|region|East_of_ms,usp000g650,region,East_of_ms,19,1.1363578269858423
usp000g650|region|East_of_ms,usp000g650,region,East_of_ms,20,1.1974572760177644
usp000g650|region|East_of_ms,usp000g650,region,East_of_ms,21,1.1639710530712641
usp000g650|region|East_of_ms,usp000g650,region,East_of_ms,22,1.1491596255514938
usp000g650|region|East_of_ms,usp000g650,region,East_of_ms,23,1.2000710566910584
usp000g650|region|East_of_ms,usp000g650,region,East_of_ms,24,1.175599712239066
usp000g650|region|East_of_ms,usp000g650,region,East_of_ms,25,1.1394784393992572
usp000g650|region|East_of_ms,usp000g650,region,East_of_ms,26,1.2155884263128112
usp000g650|region|East_of_ms,usp000g650,region,East_of_ms,27,1.1493097072206209
usp000g650|region|East_of_ms,usp000g650,region,East_of_ms,28,1.171592475066904
usp000g650|region|East_of_ms,usp000g650,region,East_of_ms,29,1.158180543003073
usp000g650|region|East_of_ms,usp000g650,region,East_of_ms,30,1.1026374546787574
usp000g650|region|East_of_ms,usp000g650,region,East_of_ms,31,1.1865785666044626
usp000g650|region|East_of_ms,usp000g650,region,East_of_ms,32,1.163359670537153
usp000g650|region|East_of_ms,usp000g650,region,East_of_ms,33,1.1767585442900137
usp000g650|region|East_of_ms,usp000g650,region,East_of_ms,34,1.150085620055469
usp000g650|region|East_of_ms,usp000g650,region,East_of_ms,35,1.1283104460067264
usp000g650|region|East_of_ms,usp000g650,region,East_of_ms,36,1.15399176730962
usp000g650|region|East_of_ms,usp000g650,region,East_of_ms,37,1.1757843106273738
usp000g650|region|East_of_ms,usp000g650,region,East_of_ms,38,1.1571331523487698
usp000g650|region|East_of_ms,usp000g650,region,East_of_ms,39,1.1312900843084257
usp000g650|region|East_of_ms,usp000g650,region,East_of_ms,40,1.146043033296178
usp000g650|region|East_of_ms,usp000g650,region,East_of_ms,41,1.12705048983227
usp000g650|region|East_of_ms,usp000g650,region,East_of_ms,42,1.1406451458584097
usp000g650|region|East_of_ms,usp000g650,region,East_of_ms,43,1.1281443601239292
usp000g650|region|East_of_ms,usp000g650,region,East_of_ms,44,1.1730878012371448
usp000g650|region|East_of_ms,usp000g650,region,East_of_ms,45,1.1874004760666879
usp000g650|region|East_of_ms,usp000g650,region,East_of_ms,46,1.1212510968610616
usp000g650|region|East_of_ms,usp000g650,region,East_of_ms,47,1.1467063522539527
usp000g650|region|East_of_ms,usp000g650,region,East_of_ms,48,1.1979493338577005
usp000g650|region|East_of_ms,usp000g650,region,East_of_ms,49,1.1349621268755017
usp000g650|region|East_of_ms,usp000g650,region,East_of_ms,50,1.0963418786440153
usp000g650|region|East_of_ms,usp000g650,region,East_of_ms,51,1.118951323251032
usp000g650|region|East_of_ms,usp000g650,region,East_of_ms,52,1.1535195170049952
usp000g650|region|East_of_ms,usp000g650,region,East_of_ms,53,1.1332985346847988
usp000g650|region|East_of_ms,usp000g650,region,East_of_ms,54,1.149166669628596
usp000g650|region|East_of_ms,usp000g650,region,East_of_ms,55,1.1395998685400555
usp000g650|region|East_of_ms,usp000g650,region,East_of_ms,56,1.130680757544654
usp000g650|region|East_of_ms,usp000g650,region,East_of_ms,57,1.0904804003691948
usp000g650|region|East_of_ms,usp000g650,region,East_of_ms,58,1.1619078836075822
usp000g650|region|East_of_ms,usp000g650,region,East_of_ms,59,1.1684217841427886
usp000g650|region|East_of_ms,usp000g650,region,East_of_ms,60,1.1476452124731578
usp000g650|region|East_of_ms,usp000g650,region,East_of_ms,61,1.2022797455547742
usp000g650|region|East_of_ms,usp000g650,region,East_of_ms,62,1.1595315073558985
usp000g650|region|East_of_ms,usp000g650,region,East_of_ms,63,1.197330910400631
usp000g650|region|East_of_ms,usp000g650,region,East_of_ms,64,1.1019524441586481
usp000g650|region|East_of_ms,usp000g650,region,East_of_ms,65,1.1541868578190861
usp000g650|region|East_of_ms,usp000g650,region,East_of_ms,66,1.207332882427219
usp000g650|region|East_of_ms,usp000g650,region,East_of_ms,67,1.145352802577591
usp000g650|region|East_of_ms,usp000g650,region,East_of_ms,68,1.2088871969715276
usp000g650|region|East_of_ms,usp000g650,region,East_of_ms,69,1.1535646600244314
usp000g650|region|East_of_ms,usp000g650,region,East_of_ms,70,1.1202216926345014
usp000g650|region|East_of_ms,usp000g650,region,East_of_ms,71,1.08811497651381
usp000g650|region|East_of_ms,usp000g650,region,East_of_ms,72,1.182812932418142
usp000g650|region|East_of_ms,usp000g650,region,East_of_ms,73,1.1034242692074485
usp000g650|region|East_of_ms,usp000g650,region,East_of_ms,74,1.1455301494544576
usp000g650|region|East_of_ms,usp000g650,region,East_of_ms,75,1.1262955131177017
usp000g650|region|East_of_ms,usp000g650,region,East_of_ms,76,1.1540853617942433
usp000g650|region|East_of_ms,usp000g650,region,East_of_ms,77,1.1335492784773225
usp000g650|region|East_of_ms,usp000g650,region,East_of_ms,78,1.1660001384267147
usp000g650|region|East_of_ms,usp000g650,region,East_of_ms,79,1.152782827896375
usp000g650|region|East_of_ms,usp000g650,region,East_of_ms,80,1.1610093224562485
usp000g650|region|East_of_ms,usp000g650,region,East_of_ms,81,1.1839899796069553
usp000g650|region|East_of_ms,usp000g650,region,East_of_ms,82,1.1578835662681144
usp000g650|region|East_of_ms,usp000g650,region,East_of_ms,83,1.1305216523677843
usp000g650|region|East_of_ms,usp000g650,region,East_of_ms,84,1.1710980949891707
usp000g650|region|East_of_ms,usp000g650,region,East_of_ms,85,1.0725199921259618
usp000g650|region|East_of_ms,usp000g650,region,East_of_ms,86,1.0834341830990601
usp000g650|region|East_of_ms,usp000g650,region,East_of_ms,87,1.1365716064470623
usp000g650|region|East_of_ms,usp000g650,region,East_of_ms,88,1.184644942332865
usp000g650|region|East_of_ms,usp000g650,region,East_of_ms,89,1.118525336422919
usp000g650|region|East_of_ms,usp000g650,region,East_of_ms,90,1.1637530929058448
usp000g650|region|East_of_ms,usp000g650,region,East_of_ms,91,1.1757910456024607
usp000g650|region|East_of_ms,usp000g650,region,East_of_ms,92,1.1908610152272976
usp000g650|region|East_of_ms,usp000g650,region,East_of_ms,93,1.1447838607050138
usp000g650|region|East_of_ms,usp000g650,region,East_of_ms,94,1.1452964964189372
usp000g650|region|East_of_ms,usp000g650,region,East_of_ms,95,1.1453010852266743
usp000g650|region|East_of_ms,usp000g650,region,East_of_ms,96,1.1290445158950997
usp000g650|region|East_of_ms,usp000g650,region,East_of_ms,97,1.1604821700956307
usp000g650|region|East_of_ms,usp000g650,region,East_of_ms,98,1.1562165929967088
usp000g650|region|East_of_ms,usp000g650,region,East_of_ms,99,1.0973893467167828
usp000g650|region|East_of_ms,usp000g650,region,East_of_ms,100,1.1461362625129645
usp000g650|region|East_of_ms,usp000g650,region,East_of_ms,101,1.1900399240341262
usp000g650|region|East_of_ms,usp000g650,region,East_of_ms,102,1.1415272050676073
usp000g650|region|East_of_ms,usp000g650,region,East_of_ms,103,1.163186482751745
usp000g650|region|East_of_ms,usp000g650,region,East_of_ms,104,1.1757737525075467
usp000g650|region|East_of_ms,usp000g650,region,East_of_ms,105,1.1068372087604714
usp000g650|region|East_of_ms,usp000g650,region,East_of_ms,106,1.1375373914862739
usp000g650|region|East_of_ms,usp000g650,region,East_of_ms,107,1.1582864870422371
usp000g650|region|East_of_ms,usp000g650,region,East_of_ms,108,1.1472232480429012
usp000g650|region|East_of_ms,usp000g650,region,East_of_ms,109,1.1516225594997882
usp000g650|region|East_of_ms,usp000g650,region,East_of_ms,110,1.147283039020018
usp000g650|region|East_of_ms,usp000g650,region,East_of_ms,111,1.1253109805195578
usp000g650|region|East_of_ms,usp000g650,region,East_of_ms,112,1.1727605625103896
usp000g650|region|East_of_ms,usp000g650,region,East_of_ms,113,1.1395232297411297
usp000g650|region|East_of_ms,usp000g650,region,East_of_ms,114,1.1313179104852182
usp000g650|region|East_of_ms,usp000g650,region,East_of_ms,115,1.191621279363663
usp000g650|region|East_of_ms,usp000g650,region,East_of_ms,116,1.1480981486913053
usp000g650|region|East_of_ms,usp000g650,region,East_of_ms,117,1.145663873408024
usp000g650|region|East_of_ms,usp000g650,region,East_of_ms,118,1.1032591984065456
usp000g650|region|East_of_ms,usp000g650,region,East_of_ms,119,1.1937138092344093
usp000g650|region|East_of_ms,usp000g650,region,East_of_ms,120,1.1629646819818613
usp000g650|region|East_of_ms,usp000g650,region,East_of_ms,121,1.1747646549331525
usp000g650|region|East_of_ms,usp000g650,region,East_of_ms,122,1.1690443673135462
usp000g650|region|East_of_ms,usp000g650,region,East_of_ms,123,1.1334283817202897
usp000g650|region|East_of_ms,usp000g650,region,East_of_ms,124,1.162387862044578
usp000g650|region|East_of_ms,usp000g650,region,East_of_ms,125,1.1432940588530685
usp000g650|region|East_of_ms,usp000g650,region,East_of_ms,126,1.129903580089849
usp000g650|region|East_of_ms,usp000g650,region,East_of_ms,127,1.139895705126721
usp000g650|region|East_of_ms,usp000g650,region,East_of_ms,128,1.1354248238087283
usp000g650|region|East_of_ms,usp000g650,region,East_of_ms,129,1.2014024781472732
usp000g650|region|East_of_ms,usp000g650,region,East_of_ms,130,1.1680829270191069
usp000g650|region|East_of_ms,usp000g650,region,East_of_ms,131,1.1795272747618084
usp000g650|region|East_of_ms,usp000g650,region,East_of_ms,132,1.1357813272640649
usp000g650|region|East_of_ms,usp000g650,region,East_of_ms,133,1.125939095796452
usp000g650|region|East_of_ms,usp000g650,region,East_of_ms,134,1.1264492645978996
usp000g650|region|East_of_ms,usp000g650,region,East_of_ms,135,1.174882754634374
usp000g650|region|East_of_ms,usp000g650,region,East_of_ms,136,1.1406853753126838
usp000g650|region|East_of_ms,usp000g650,region,East_of_ms,137,1.1391793289432652
usp000g650|region|East_of_ms,usp000g650,region,East_of_ms,138,1.1321041541839363
usp000g650|region|East_of_ms,usp000g650,region,East_of_ms,139,1.1821948916549703
usp000g650|region|East_of_ms,usp000g650,region,East_of_ms,140,1.1832002572243185
usp000g650|region|East_of_ms,usp000g650,region,East_of_ms,141,1.1316510613850044
usp000g650|region|East_of_ms,usp000g650,region,East_of_ms,142,1.1145631676153847
usp000g650|region|East_of_ms,usp000g650,region,East_of_ms,143,1.1816217437004786
usp000g650|region|East_of_ms,usp000g650,region,East_of_ms,144,1.1363776806654216
usp000g650|region|East_of_ms,usp000g650,region,East_of_ms,145,1.1812395729209657
usp000g650|region|East_of_ms,usp000g650,region,East_of_ms,146,1.177832648834266
usp000g650|region|East_of_ms,usp000g650,region,East_of_ms,147,1.1390514608458049
usp000g650|region|East_of_ms,usp000g650,region,East_of_ms,148,1.1541149546864409
usp000g650|region|East_of_ms,usp000g650,region,East_of_ms,149,1.1115600845723295
usp000g650|region|East_of_ms,usp000g650,region,East_of_ms,150,1.1729436449380841
usp000g650|region|East_of_ms,usp000g650,region,East_of_ms,151,1.1258134414601828
usp000g650|region|East_of_ms,usp000g650,region,East_of_ms,152,1.1713202203016981
usp000g650|region|East_of_ms,usp000g650,region,East_of_ms,153,1.1578348708471546
usp000g650|region|East_of_ms,usp000g650,region,East_of_ms,154,1.1855710712389977
usp000g650|region|East_of_ms,usp000g650,region,East_of_ms,155,1.1026550660494934
usp000g650|region|East_of_ms,usp000g650,region,East_of_ms,156,1.1395064369448056
usp000g650|region|East_of_ms,usp000g650,region,East_of_ms,157,1.1389489149100094
usp000g650|region|East_of_ms,usp000g650,region,East_of_ms,158,1.1322356607586226
usp000g650|region|East_of_ms,usp000g650,region,East_of_ms,159,1.1649534773142693
usp000g650|region|East_of_ms,usp000g650,region,East_of_ms,160,1.1650042623522259
usp000g650|region|East_of_ms,usp000g650,region,East_of_ms,161,1.1560159626328954
usp000g650|region|East_of_ms,usp000g650,region,East_of_ms,162,1.1181260305506069
usp000g650|region|East_of_ms,usp000g650,region,East_of_ms,163,1.1398875869943195
usp000g650|region|East_of_ms,usp000g650,region,East_of_ms,164,1.1938987120172608
usp000g650|region|East_of_ms,usp000g650,region,East_of_ms,165,1.1585669787905273
usp000g650|region|East_of_ms,usp000g650,region,East_of_ms,166,1.177955279786342
usp000g650|region|East_of_ms,usp000g650,region,East_of_ms,167,1.1602853489362726
usp000g650|region|East_of_ms,usp000g650,region,East_of_ms,168,1.132962672119228
usp000g650|region|East_of_ms,usp000g650,region,East_of_ms,169,1.1307326660104757
usp000g650|region|East_of_ms,usp000g650,region,East_of_ms,170,1.2006858481487055
usp000g650|region|East_of_ms,usp000g650,region,East_of_ms,171,1.1535957317744283
usp000g650|region|East_of_ms,usp000g650,region,East_of_ms,172,1.1791957510962459
usp000g650|region|East_of_ms,usp000g650,region,East_of_ms,173,1.2098467934370023
usp000g650|region|East_of_ms,usp000g650,region,East_of_ms,174,1.1443876667689346
usp000g650|region|East_of_ms,usp000g650,region,East_of_ms,175,1.1769162879537838
usp000g650|region|East_of_ms,usp000g650,region,East_of_ms,176,1.1390016553603883
usp000g650|region|East_of_ms,usp000g650,region,East_of_ms,177,1.1799194627525995
usp000g650|region|East_of_ms,usp000g650,region,East_of_ms,178,1.1390991357226001
usp000g650|region|East_of_ms,usp000g650,region,East_of_ms,179,1.1752008026990564
usp000g650|region|East_of_ms,usp000g650,region,East_of_ms,180,1.1240583062524308
usp000g650|region|East_of_ms,usp000g650,region,East_of_ms,181,1.1180346300161568
usp000g650|region|East_of_ms,usp000g650,region,East_of_ms,182,1.1577992888435995
usp000g650|region|East_of_ms,usp000g650,region,East_of_ms,183,1.1644438949668667
usp000g650|region|East_of_ms,usp000g650,region,East_of_ms,184,1.1560010979636037
usp000g650|region|East_of_ms,usp000g650,region,East_of_ms,185,1.1634336172277622
usp000g650|region|East_of_ms,usp000g650,region,East_of_ms,186,1.202169039378147
usp000g650|region|East_of_ms,usp000g650,region,East_of_ms,187,1.1296424435514882
usp000g650|region|East_of_ms,usp000g650,region,East_of_ms,188,1.1255487065683738
usp000g650|region|East_of_ms,usp000g650,region,East_of_ms,189,1.209557163461092
usp000g650|region|East_of_ms,usp000g650,region,East_of_ms,190,1.1399259521161875
usp000g650|region|East_of_ms,usp000g650,region,East_of_ms,191,1.1801542134577
usp000g650|region|East_of_ms,usp000g650,region,East_of_ms,192,1.1214192626599413
usp000g650|region|East_of_ms,usp000g650,region,East_of_ms,193,1.1485224238964422
usp000g650|region|East_of_ms,usp000g650,region,East_of_ms,194,1.1548909701452836
usp000g650|region|East_of_ms,usp000g650,region,East_of_ms,195,1.1147690817329337
usp000g650|region|East_of_ms,usp000g650,region,East_of_ms,196,1.1616617849968844
usp000g650|region|East_of_ms,usp000g650,region,East_of_ms,197,1.1355680978223404
usp000g650|region|East_of_ms,usp000g650,region,East_of_ms,198,1.156483817004255
usp000g650|region|East_of_ms,usp000g650,region,East_of_ms,199,1.1761941826401612
usp000g650|region|South_of_ms,usp000g650,region,South_of_ms,0,1.0263529675021739
usp000g650|region|South_of_ms,usp000g650,region,South_of_ms,1,1.0695043393221841
usp000g650|region|South_of_ms,usp000g650,region,South_of_ms,2,0.8634681820380579
usp000g650|region|South_of_ms,usp000g650,region,South_of_ms,3,0.9223410601984959
usp000g650|region|South_of_ms,usp000g650,region,South_of_ms,4,0.9931774050577403
usp000g650|region|South_of_ms,usp000g650,region,South_of_ms,5,0.9960053922902091
usp000g650|region|South_of_ms,usp000g650,region,South_of_ms,6,0.8857081828165294
usp000g650|region|South_of_ms,usp000g650,region,South_of_ms,7,0.9230856977184282
usp000g650|region|South_of_ms,usp000g650,region,South_of_ms,8,0.9359049142385839
usp000g650|region|South_of_ms,usp000g650,region,South_of_ms,9,0.9324904086330003
usp000g650|region|South_of_ms,usp000g650,region,South_of_ms,10,0.8638424407072385
usp000g650|region|South_of_ms,usp000g650,region,South_of_ms,11,1.0740904152210098
usp000g650|region|South_of_ms,usp000g650,region,South_of_ms,12,1.0684596054140887
usp000g650|region|South_of_ms,usp000g650,region,South_of_ms,13,1.0354374922959646
usp000g650|region|South_of_ms,usp000g650,region,South_of_ms,14,0.9938410202450261
usp000g650|region|South_of_ms,usp000g650,region,South_of_ms,15,0.9527858470357721
usp000g650|region|South_of_ms,usp000g650,region,South_of_ms,16,0.9392445637473894
usp000g650|region|South_of_ms,usp000g650,region,South_of_ms,17,1.0341873525140208
usp000g650|region|South_of_ms,usp000g650,region,South_of_ms,18,0.9230118007558752
usp000g650|region|South_of_ms,usp000g650,region,South_of_ms,19,0.9524867712309083
usp000g650|region|South_of_ms,usp000g650,region,South_of_ms,20,0.9244489417334651
usp000g650|region|South_of_ms,usp000g650,region,South_of_ms,21,1.0024128766212819
usp000g650|region|South_of_ms,usp000g650,region,South_of_ms,22,0.9863798747592507
usp000g650|region|South_of_ms,usp000g650,region,South_of_ms,23,0.9732484843629268
usp000g650|region|South_of_ms,usp000g650,region,South_of_ms,24,0.948064853697253
usp000g650|region|South_of_ms,usp000g650,region,South_of_ms,25,1.1206800392936238
usp000g650|region|South_of_ms,usp000g650,region,South_of_ms,26,0.928846879887295
usp000g650|region|South_of_ms,usp000g650,region,South_of_ms,27,0.9605339555574536
usp000g650|region|South_of_ms,usp000g650,region,South_of_ms,28,0.9467720809846494
usp000g650|region|South_of_ms,usp000g650,region,South_of_ms,29,0.9290788330465091
usp000g650|region|South_of_ms,usp000g650,region,South_of_ms,30,0.910164696957632
usp000g650|region|South_of_ms,usp000g650,region,South_of_ms,31,1.0283512119257834
usp000g650|region|South_of_ms,usp000g650,region,South_of_ms,32,0.970960454422736
usp000g650|region|South_of_ms,usp000g650,region,South_of_ms,33,0.9892977929222452
usp000g650|region|South_of_ms,usp000g650,region,South_of_ms,34,0.9690295907235901
usp000g650|region|South_of_ms,usp000g650,region,South_of_ms,35,0.9702505425009691
usp000g650|region|South_of_ms,usp000g650,region,South_of_ms,36,1.1321045421889275
usp000g650|region|South_of_ms,usp000g650,region,South_of_ms,37,0.9145307991005892
usp000g650|region|South_of_ms,usp000g650,region,South_of_ms,38,0.8971159772730006
usp000g650|region|South_of_ms,usp000g650,region,South_of_ms,39,0.9062214417295184
usp000g650|region|South_of_ms,usp000g650,region,South_of_ms,40,0.908602867018753
usp000g650|region|South_of_ms,usp000g650,region,South_of_ms,41,0.9819304612685545
usp000g650|region|South_of_ms,usp000g650,region,South_of_ms,42,1.0545674351705392
usp000g650|region|South_of_ms,usp000g650,region,South_of_ms,43,1.0051820737410877
usp000g650|region|South_of_ms,usp000g650,region,South_of_ms,44,0.8528384682622648
usp000g650|region|South_of_ms,usp000g650,region,South_of_ms,45,1.121951213738615
usp000g650|region|South_of_ms,usp000g650,region,South_of_ms,46,0.9478102765110306
usp000g650|region|South_of_ms,usp000g650,region,South_of_ms,47,0.9044180412377428
usp000g650|region|South_of_ms,usp000g650,region,South_of_ms,48,0.8858077186629993
usp000g650|region|South_of_ms,usp000g650,region,South_of_ms,49,0.9647739703988347
usp000g650|region|South_of_ms,usp000g650,region,South_of_ms,50,0.9918937136345031
usp000g650|region|South_of_ms,usp000g650,region,South_of_ms,51,0.9176060269876143
usp000g650|region|South_of_ms,usp000g650,region,South_of_ms,52,0.8332065670700408
usp000g650|region|South_of_ms,usp000g650,region,South_of_ms,53,0.9072566131304312
usp000g650|region|South_of_ms,usp000g650,region,South_of_ms,54,0.9477835423831327
usp000g650|region|South_of_ms,usp000g650,region,South_of_ms,55,0.8310845363303702
usp000g650|region|South_of_ms,usp000g650,region,South_of_ms,56,0.9913273893862895
usp000g650|region|South_of_ms,usp000g650,region,South_of_ms,57,0.8722398857789619
usp000g650|region|South_of_ms,usp000g650,region,South_of_ms,58,0.8203822250190642
usp000g650|region|South_of_ms,usp000g650,region,South_of_ms,59,1.232549600219042
usp000g650|region|South_of_ms,usp000g650,region,South_of_ms,60,0.9986657099873288
usp000g650|region|South_of_ms,usp000g650,region,South_of_ms,61,1.0662218796360812
usp000g650|region|South_of_ms,usp000g650,region,South_of_ms,62,0.9529405619725355
usp000g650|region|South_of_ms,usp000g650,region,South_of_ms,63,1.164222727715621
usp000g650|region|South_of_ms,usp000g650,region,South_of_ms,64,1.1401747356858933
usp000g650|region|South_of_ms,usp000g650,region,South_of_ms,65,1.0120262679441692
usp000g650|region|South_of_ms,usp000g650,region,South_of_ms,66,0.9144178435620053
usp000g650|region|South_of_ms,usp000g650,region,South_of_ms,67,1.124781643625205
usp000g650|region|South_of_ms,usp000g650,region,South_of_ms,68,0.9690003282186841
usp000g650|region|South_of_ms,usp000g650,region,South_of_ms,69,1.3035464272880792
usp000g650|region|South_of_ms,usp000g650,region,South_of_ms,70,0.9632830184925746
usp000g650|region|South_of_ms,usp000g650,region,South_of_ms,71,0.9003239009314195
usp000g650|region|South_of_ms,usp000g650,region,South_of_ms,72,1.0616092212652462
usp000g650|region|South_of_ms,usp000g650,region,South_of_ms,73,0.9790171843837302
usp000g650|region|South_of_ms,usp000g650,region,South_of_ms,74,1.1369318626389744
usp000g650|region|South_of_ms,usp000g650,region,South_of_ms,75,1.0872078150739672
usp000g650|region|South_of_ms,usp000g650,region,South_of_ms,76,0.9077366170912575
usp000g650|region|South_of_ms,usp000g650,region,South_of_ms,77,0.9753404022762994
usp000g650|region|South_of_ms,usp000g650,region,South_of_ms,78,0.8992387065137017
usp000g650|region|South_of_ms,usp000g650,region,South_of_ms,79,0.8936857995736369
usp000g650|region|South_of_ms,usp000g650,region,South_of_ms,80,0.9729919901492563
usp000g650|region|South_of_ms,usp000g650,region,South_of_ms,81,0.9591438975338178
usp000g650|region|South_of_ms,usp000g650,region,South_of_ms,82,1.0389411043289714
usp000g650|region|South_of_ms,usp000g650,region,South_of_ms,83,0.9373277984388336
usp000g650|region|South_of_ms,usp000g650,region,South_of_ms,84,1.0708971271200334
usp000g650|region|South_of_ms,usp000g650,region,South_of_ms,85,0.9003008531954084
usp000g650|region|South_of_ms,usp000g650,region,South_of_ms,86,0.9485119553690867
usp000g650|region|South_of_ms,usp000g650,region,South_of_ms,87,0.8949438928140735
usp000g650|region|South_of_ms,usp000g650,region,South_of_ms,88,1.0074202666422727
usp000g650|region|South_of_ms,usp000g650,region,South_of_ms,89,0.8666933000026125
usp000g650|region|South_of_ms,usp000g650,region,South_of_ms,90,0.9787352877650999
usp000g650|region|South_of_ms,usp000g650,region,South_of_ms,91,0.9669366131189482
usp000g650|region|South_of_ms,usp000g650,region,South_of_ms,92,0.9033290934619169
usp000g650|region|South_of_ms,usp000g650,region,South_of_ms,93,0.9701966193461714
usp000g650|region|South_of_ms,usp000g650,region,South_of_ms,94,0.8457298895996112
usp000g650|region|South_of_ms,usp000g650,region,South_of_ms,95,0.9191186045408043
usp000g650|region|South_of_ms,usp000g650,region,South_of_ms,96,0.9806317732606415
usp000g650|region|South_of_ms,usp000g650,region,South_of_ms,97,1.0517222857540023
usp000g650|region|South_of_ms,usp000g650,region,South_of_ms,98,1.0519733649947107
usp000g650|region|South_of_ms,usp000g650,region,South_of_ms,99,0.9721537034725163
usp000g650|region|South_of_ms,usp000g650,region,South_of_ms,100,0.9753103543096755
usp000g650|region|South_of_ms,usp000g650,region,South_of_ms,101,0.9597144823476241
usp000g650|region|South_of_ms,usp000g650,region,South_of_ms,102,0.8951376997061656
usp000g650|region|South_of_ms,usp000g650,region,South_of_ms,103,1.0091779686388063
usp000g650|region|South_of_ms,usp000g650,region,South_of_ms,104,0.8986392498043787
usp000g650|region|South_of_ms,usp000g650,region,South_of_ms,105,0.8317871777863415
usp000g650|region|South_of_ms,usp000g650,region,South_of_ms,106,1.0928129750197328
usp000g650|region|South_of_ms,usp000g650,region,South_of_ms,107,0.8802498693836166
usp000g650|region|South_of_ms,usp000g650,region,South_of_ms,108,0.9775950535305615
usp000g650|region|South_of_ms,usp000g650,region,South_of_ms,109,0.9606912388257265
usp000g650|region|South_of_ms,usp000g650,region,South_of_ms,110,0.9209006710008304
usp000g650|region|South_of_ms,usp000g650,region,South_of_ms,111,0.963786633893469
usp000g650|region|South_of_ms,usp000g650,region,South_of_ms,112,0.9909394607414226
usp000g650|region|South_of_ms,usp000g650,region,South_of_ms,113,0.8296027364706452
usp000g650|region|South_of_ms,usp000g650,region,South_of_ms,114,0.9310482005387135
usp000g650|region|South_of_ms,usp000g650,region,South_of_ms,115,0.9475825739051095
usp000g650|region|South_of_ms,usp000g650,region,South_of_ms,116,0.944295703778137
usp000g650|region|South_of_ms,usp000g650,region,South_of_ms,117,0.9677979300350208
usp000g650|region|South_of_ms,usp000g650,region,South_of_ms,118,0.9986766667059083
usp000g650|region|South_of_ms,usp000g650,region,South_of_ms,119,0.9672052643225685
usp000g650|region|South_of_ms,usp000g650,region,South_of_ms,120,0.9445057482679847
usp000g650|region|South_of_ms,usp000g650,region,South_of_ms,121,0.9166235970199359
usp000g650|region|South_of_ms,usp000g650,region,South_of_ms,122,0.975942542205988
usp000g650|region|South_of_ms,usp000g650,region,South_of_ms,123,1.0094497788815964
usp000g650|region|South_of_ms,usp000g650,region,South_of_ms,124,0.9470733843716623
usp000g650|region|South_of_ms,usp000g650,region,South_of_ms,125,1.0113586994040364
usp000g650|region|South_of_ms,usp000g650,region,South_of_ms,126,0.8627340962627291
usp000g650|region|South_of_ms,usp000g650,region,South_of_ms,127,0.9638304830369944
usp000g650|region|South_of_ms,usp000g650,region,South_of_ms,128,0.8775880360520304
usp000g650|region|South_of_ms,usp000g650,region,South_of_ms,129,1.0317567324416927
usp000g650|region|South_of_ms,usp000g650,region,South_of_ms,130,0.8946524394716389
usp000g650|region|South_of_ms,usp000g650,region,South_of_ms,131,0.9743923743912994
usp000g650|region|South_of_ms,usp000g650,region,South_of_ms,132,0.9973346885929145
usp000g650|region|South_of_ms,usp000g650,region,South_of_ms,133,1.044523706256621
usp000g650|region|South_of_ms,usp000g650,region,South_of_ms,134,0.9396120694019121
usp000g650|region|South_of_ms,usp000g650,region,South_of_ms,135,1.359513085278445
usp000g650|region|South_of_ms,usp000g650,region,South_of_ms,136,1.0205370741853987
usp000g650|region|South_of_ms,usp000g650,region,South_of_ms,137,0.9967096596870377
usp000g650|region|South_of_ms,usp000g650,region,South_of_ms,138,1.077589837262322
usp000g650|region|South_of_ms,usp000g650,region,South_of_ms,139,0.8345670865093338
usp000g650|region|South_of_ms,usp000g650,region,South_of_ms,140,0.8999647269780467
usp000g650|region|South_of_ms,usp000g650,region,South_of_ms,141,1.0479739305945763
usp000g650|region|South_of_ms,usp000g650,region,South_of_ms,142,0.8990306925094843
usp000g650|region|South_of_ms,usp000g650,region,South_of_ms,143,0.9004705108530302
usp000g650|region|South_of_ms,usp000g650,region,South_of_ms,144,0.8795786182632058
usp000g650|region|South_of_ms,usp000g650,region,South_of_ms,145,0.8749362361243314
usp000g650|region|South_of_ms,usp000g650,region,South_of_ms,146,0.9679403245289944
usp000g650|region|South_of_ms,usp000g650,region,South_of_ms,147,0.8298895136928228
usp000g650|region|South_of_ms,usp000g650,region,South_of_ms,148,0.9513242935570543
usp000g650|region|South_of_ms,usp000g650,region,South_of_ms,149,0.916448875979703
usp000g650|region|South_of_ms,usp000g650,region,South_of_ms,150,0.8982892600320415
usp000g650|region|South_of_ms,usp000g650,region,South_of_ms,151,1.0494554227462565
usp000g650|region|South_of_ms,usp000g650,region,South_of_ms,152,1.000309840941883
usp000g650|region|South_of_ms,usp000g650,region,South_of_ms,153,1.0605126482264717
usp000g650|region|South_of_ms,usp000g650,region,South_of_ms,154,1.0591332646938612
usp000g650|region|South_of_ms,usp000g650,region,South_of_ms,155,0.9825368981766339
usp000g650|region|South_of_ms,usp000g650,region,South_of_ms,156,0.8800903924916157
usp000g650|region|South_of_ms,usp000g650,region,South_of_ms,157,0.8739330064373122
usp000g650|region|South_of_ms,usp000g650,region,South_of_ms,158,0.9979169482616119
usp000g650|region|South_of_ms,usp000g650,region,South_of_ms,159,0.9402510696501373
usp000g650|region|South_of_ms,usp000g650,region,South_of_ms,160,0.9209964274753293
usp000g650|region|South_of_ms,usp000g650,region,South_of_ms,161,0.8679146592512242
usp000g650|region|South_of_ms,usp000g650,region,South_of_ms,162,0.9252268667269721
usp000g650|region|South_of_ms,usp000g650,region,South_of_ms,163,1.139639015441113
usp000g650|region|South_of_ms,usp000g650,region,South_of_ms,164,0.8161805699708126
usp000g650|region|South_of_ms,usp000g650,region,South_of_ms,165,0.9917546709548656
usp000g650|region|South_of_ms,usp000g650,region,South_of_ms,166,0.9015817893262947
usp000g650|region|South_of_ms,usp000g650,region,South_of_ms,167,0.8562724856394146
usp000g650|region|South_of_ms,usp000g650,region,South_of_ms,168,0.9525287223087983
usp000g650|region|South_of_ms,usp000g650,region,South_of_ms,169,0.9995150009123951
usp000g650|region|South_of_ms,usp000g650,region,South_of_ms,170,0.865095149403392
usp000g650|region|South_of_ms,usp000g650,region,South_of_ms,171,0.8614632065274511
usp000g650|region|South_of_ms,usp000g650,region,South_of_ms,172,1.0405354799442337
usp000g650|region|South_of_ms,usp000g650,region,South_of_ms,173,0.9955581813597735
usp000g650|region|South_of_ms,usp000g650,region,South_of_ms,174,0.9103458062580807
usp000g650|region|South_of_ms,usp000g650,region,South_of_ms,175,0.9243006043383173
usp000g650|region|South_of_ms,usp000g650,region,South_of_ms,176,1.0525705876458162
usp000g650|region|South_of_ms,usp000g650,region,South_of_ms,177,1.095885312983034
usp000g650|region|South_of_ms,usp000g650,region,South_of_ms,178,0.8507695294709163
usp000g650|region|South_of_ms,usp000g650,region,South_of_ms,179,0.9705197565221034
usp000g650|region|South_of_ms,usp000g650,region,South_of_ms,180,0.9211513978427401
usp000g650|region|South_of_ms,usp000g650,region,South_of_ms,181,0.9040180642965584
usp000g650|region|South_of_ms,usp000g650,region,South_of_ms,182,0.9860816035816506
usp000g650|region|South_of_ms,usp000g650,region,South_of_ms,183,1.057718669043991
usp000g650|region|South_of_ms,usp000g650,region,South_of_ms,184,1.0173370114632063
usp000g650|region|South_of_ms,usp000g650,region,South_of_ms,185,0.931712941394884
usp000g650|region|South_of_ms,usp000g650,region,South_of_ms,186,1.0006494367148866
usp000g650|region|South_of_ms,usp000g650,region,South_of_ms,187,0.9363275288633828
usp000g650|region|South_of_ms,usp000g650,region,South_of_ms,188,0.8742564271025968
usp000g650|region|South_of_ms,usp000g650,region,South_of_ms,189,1.0234278146421263
usp000g650|region|South_of_ms,usp000g650,region,South_of_ms,190,0.9535334312439698
usp000g650|region|South_of_ms,usp000g650,region,South_of_ms,191,0.9692243886995744
usp000g650|region|South_of_ms,usp000g650,region,South_of_ms,192,1.0154773389401368
usp000g650|region|South_of_ms,usp000g650,region,South_of_ms,193,0.8972512250066309
usp000g650|region|South_of_ms,usp000g650,region,South_of_ms,194,0.9273178314530327
usp000g650|region|South_of_ms,usp000g650,region,South_of_ms,195,0.9045406868203653
usp000g650|region|South_of_ms,usp000g650,region,South_of_ms,196,0.981206779728561
usp000g650|region|South_of_ms,usp000g650,region,South_of_ms,197,1.006117131956812
usp000g650|region|South_of_ms,usp000g650,region,South_of_ms,198,0.9517787658274606
usp000g650|region|South_of_ms,usp000g650,region,South_of_ms,199,0.9231920314807537
usp000g650|region|North_of_ms,usp000g650,region,North_of_ms,0,1.1345529239210557
usp000g650|region|North_of_ms,usp000g650,region,North_of_ms,1,1.138625313271195
usp000g650|region|North_of_ms,usp000g650,region,North_of_ms,2,1.135902454614013
usp000g650|region|North_of_ms,usp000g650,region,North_of_ms,3,1.1727429281085238
usp000g650|region|North_of_ms,usp000g650,region,North_of_ms,4,1.1997125554521806
usp000g650|region|North_of_ms,usp000g650,region,North_of_ms,5,1.167461702061502
usp000g650|region|North_of_ms,usp000g650,region,North_of_ms,6,1.1928620265598084
usp000g650|region|North_of_ms,usp000g650,region,North_of_ms,7,1.1475307243562183
usp000g650|region|North_of_ms,usp000g650,region,North_of_ms,8,1.188421665859208
usp000g650|region|North_of_ms,usp000g650,region,North_of_ms,9,1.2020018239023325
usp000g650|region|North_of_ms,usp000g650,region,North_of_ms,10,1.1390564162177765
usp000g650|region|North_of_ms,usp000g650,region,North_of_ms,11,1.1910418183434894
usp000g650|region|North_of_ms,usp000g650,region,North_of_ms,12,1.168808674487718
usp000g650|region|North_of_ms,usp000g650,region,North_of_ms,13,1.1172074169390769
usp000g650|region|North_of_ms,usp000g650,region,North_of_ms,14,1.1898022342827148
usp000g650|region|North_of_ms,usp000g650,region,North_of_ms,15,1.1876914339558087
usp000g650|region|North_of_ms,usp000g650,region,North_of_ms,16,1.1730184493032008
usp000g650|region|North_of_ms,usp000g650,region,North_of_ms,17,1.1414038654321859
usp000g650|region|North_of_ms,usp000g650,region,North_of_ms,18,1.205292238479114
usp000g650|region|North_of_ms,usp000g650,region,North_of_ms,19,1.113503065143898
usp000g650|region|North_of_ms,usp000g650,region,North_of_ms,20,1.1562167887061288
usp000g650|region|North_of_ms,usp000g650,region,North_of_ms,21,1.1854015703993037
usp000g650|region|North_of_ms,usp000g650,region,North_of_ms,22,1.1682036818226105
usp000g650|region|North_of_ms,usp000g650,region,North_of_ms,23,1.1754337189500033
usp000g650|region|North_of_ms,usp000g650,region,North_of_ms,24,1.1634388608020951
usp000g650|region|North_of_ms,usp000g650,region,North_of_ms,25,1.1969776263560294
usp000g650|region|North_of_ms,usp000g650,region,North_of_ms,26,1.1204912041564428
usp000g650|region|North_of_ms,usp000g650,region,North_of_ms,27,1.230383212490296
usp000g650|region|North_of_ms,usp000g650,region,North_of_ms,28,1.1510181331830982
usp000g650|region|North_of_ms,usp000g650,region,North_of_ms,29,1.1286420617656
usp000g650|region|North_of_ms,usp000g650,region,North_of_ms,30,1.1528837572034167
usp000g650|region|North_of_ms,usp000g650,region,North_of_ms,31,1.1197135183645406
usp000g650|region|North_of_ms,usp000g650,region,North_of_ms,32,1.1679653942453982
usp000g650|region|North_of_ms,usp000g650,region,North_of_ms,33,1.2055995448487475
usp000g650|region|North_of_ms,usp000g650,region,North_of_ms,34,1.1731782040317036
usp000g650|region|North_of_ms,usp000g650,region,North_of_ms,35,1.0910850867490398
usp000g650|region|North_of_ms,usp000g650,region,North_of_ms,36,1.099811129062949
usp000g650|region|North_of_ms,usp000g650,region,North_of_ms,37,1.1397080080148212
usp000g650|region|North_of_ms,usp000g650,region,North_of_ms,38,1.158255808144178
usp000g650|region|North_of_ms,usp000g650,region,North_of_ms,39,1.1319562897494955
usp000g650|region|North_of_ms,usp000g650,region,North_of_ms,40,1.1550607370478128
usp000g650|region|North_of_ms,usp000g650,region,North_of_ms,41,1.1435432656503945
usp000g650|region|North_of_ms,usp000g650,region,North_of_ms,42,1.2233855295284024
usp000g650|region|North_of_ms,usp000g650,region,North_of_ms,43,1.134935793202491
usp000g650|region|North_of_ms,usp000g650,region,North_of_ms,44,1.1543732646858411
usp000g650|region|North_of_ms,usp000g650,region,North_of_ms,45,1.1757791262285302
usp000g650|region|North_of_ms,usp000g650,region,North_of_ms,46,1.1483409822654
usp000g650|region|North_of_ms,usp000g650,region,North_of_ms,47,1.1613158160428938
usp000g650|region|North_of_ms,usp000g650,region,North_of_ms,48,1.0779689176675957
usp000g650|region|North_of_ms,usp000g650,region,North_of_ms,49,1.158181000486495
usp000g650|region|North_of_ms,usp000g650,region,North_of_ms,50,1.1702212507819305
usp000g650|region|North_of_ms,usp000g650,region,North_of_ms,51,1.1799094090807283
usp000g650|region|North_of_ms,usp000g650,region,North_of_ms,52,1.1797683916661799
usp000g650|region|North_of_ms,usp000g650,region,North_of_ms,53,1.1534790125882797
usp000g650|region|North_of_ms,usp000g650,region,North_of_ms,54,1.1620232047573429
usp000g650|region|North_of_ms,usp000g650,region,North_of_ms,55,1.1630541146367543
usp000g650|region|North_of_ms,usp000g650,region,North_of_ms,56,1.138525872812705
usp000g650|region|North_of_ms,usp000g650,region,North_of_ms,57,1.1233973715899777
usp000g650|region|North_of_ms,usp000g650,region,North_of_ms,58,1.150363240816196
usp000g650|region|North_of_ms,usp000g650,region,North_of_ms,59,1.1733312232575124
usp000g650|region|North_of_ms,usp000g650,region,North_of_ms,60,1.1432952510095489
usp000g650|region|North_of_ms,usp000g650,region,North_of_ms,61,1.1370524015504397
usp000g650|region|North_of_ms,usp000g650,region,North_of_ms,62,1.2022920292275714
usp000g650|region|North_of_ms,usp000g650,region,North_of_ms,63,1.1472034388001062
usp000g650|region|North_of_ms,usp000g650,region,North_of_ms,64,1.158674654926443
usp000g650|region|North_of_ms,usp000g650,region,North_of_ms,65,1.1873543337197412
usp000g650|region|North_of_ms,usp000g650,region,North_of_ms,66,1.189714255228477
usp000g650|region|North_of_ms,usp000g650,region,North_of_ms,67,1.1147940637253138
usp000g650|region|North_of_ms,usp000g650,region,North_of_ms,68,1.1431006330237916
usp000g650|region|North_of_ms,usp000g650,region,North_of_ms,69,1.196327523311623
usp000g650|region|North_of_ms,usp000g650,region,North_of_ms,70,1.160561680476751
usp000g650|region|North_of_ms,usp000g650,region,North_of_ms,71,1.156003565781746
usp000g650|region|North_of_ms,usp000g650,region,North_of_ms,72,1.1281948541370654
usp000g650|region|North_of_ms,usp000g650,region,North_of_ms,73,1.1571013381939579
usp000g650|region|North_of_ms,usp000g650,region,North_of_ms,74,1.1099512207776405
usp000g650|region|North_of_ms,usp000g650,region,North_of_ms,75,1.1627031287366854
usp000g650|region|North_of_ms,usp000g650,region,North_of_ms,76,1.1060547847337148
usp000g650|region|North_of_ms,usp000g650,region,North_of_ms,77,1.1863510686818235
usp000g650|region|North_of_ms,usp000g650,region,North_of_ms,78,1.106889445018104
usp000g650|region|North_of_ms,usp000g650,region,North_of_ms,79,1.1969565930037656
usp000g650|region|North_of_ms,usp000g650,region,North_of_ms,80,1.1280857708148224
usp000g650|region|North_of_ms,usp000g650,region,North_of_ms,81,1.165599949075324
usp000g650|region|North_of_ms,usp000g650,region,North_of_ms,82,1.15048020287655
usp000g650|region|North_of_ms,usp000g650,region,North_of_ms,83,1.090349560346089
usp000g650|region|North_of_ms,usp000g650,region,North_of_ms,84,1.1634734074930084
usp000g650|region|North_of_ms,usp000g650,region,North_of_ms,85,1.138643908056414
usp000g650|region|North_of_ms,usp000g650,region,North_of_ms,86,1.1674608587717779
usp000g650|region|North_of_ms,usp000g650,region,North_of_ms,87,1.1490612369294346
usp000g650|region|North_of_ms,usp000g650,region,North_of_ms,88,1.1364315066620176
usp000g650|region|North_of_ms,usp000g650,region,North_of_ms,89,1.1494834695454579
usp000g650|region|North_of_ms,usp000g650,region,North_of_ms,90,1.1662188782944787
usp000g650|region|North_of_ms,usp000g650,region,North_of_ms,91,1.169223552093965
usp000g650|region|North_of_ms,usp000g650,region,North_of_ms,92,1.118659844530221
usp000g650|region|North_of_ms,usp000g650,region,North_of_ms,93,1.1110076707989507
usp000g650|region|North_of_ms,usp000g650,region,North_of_ms,94,1.1281113365504527
usp000g650|region|North_of_ms,usp000g650,region,North_of_ms,95,1.1703403989744965
usp000g650|region|North_of_ms,usp000g650,region,North_of_ms,96,1.1499126444055294
usp000g650|region|North_of_ms,usp000g650,region,North_of_ms,97,1.154889544532063
usp000g650|region|North_of_ms,usp000g650,region,North_of_ms,98,1.1841170007566675
usp000g650|region|North_of_ms,usp000g650,region,North_of_ms,99,1.156295157934238
usp000g650|region|North_of_ms,usp000g650,region,North_of_ms,100,1.1796956858497907
usp000g650|region|North_of_ms,usp000g650,region,North_of_ms,101,1.1606919805898546
usp000g650|region|North_of_ms,usp000g650,region,North_of_ms,102,1.190309248710648
usp000g650|region|North_of_ms,usp000g650,region,North_of_ms,103,1.1628439264969572
usp000g650|region|North_of_ms,usp000g650,region,North_of_ms,104,1.1894736276201516
usp000g650|region|North_of_ms,usp000g650,region,North_of_ms,105,1.1440406960736156
usp000g650|region|North_of_ms,usp000g650,region,North_of_ms,106,1.1228095802232665
usp000g650|region|North_of_ms,usp000g650,region,North_of_ms,107,1.1515554860198915
usp000g650|region|North_of_ms,usp000g650,region,North_of_ms,108,1.1424630565868674
usp000g650|region|North_of_ms,usp000g650,region,North_of_ms,109,1.1818315670475064
usp000g650|region|North_of_ms,usp000g650,region,North_of_ms,110,1.1102707826555493
usp000g650|region|North_of_ms,usp000g650,region,North_of_ms,111,1.1235763733871065
usp000g650|region|North_of_ms,usp000g650,region,North_of_ms,112,1.149842475891917
usp000g650|region|North_of_ms,usp000g650,region,North_of_ms,113,1.121714531209644
usp000g650|region|North_of_ms,usp000g650,region,North_of_ms,114,1.1429890746008367
usp000g650|region|North_of_ms,usp000g650,region,North_of_ms,115,1.1848336343422596
usp000g650|region|North_of_ms,usp000g650,region,North_of_ms,116,1.1810340148629535
usp000g650|region|North_of_ms,usp000g650,region,North_of_ms,117,1.1602344218931622
usp000g650|region|North_of_ms,usp000g650,region,North_of_ms,118,1.1461129282091913
usp000g650|region|North_of_ms,usp000g650,region,North_of_ms,119,1.1007637742266017
usp000g650|region|North_of_ms,usp000g650,region,North_of_ms,120,1.189636622083669
usp000g650|region|North_of_ms,usp000g650,region,North_of_ms,121,1.1793645124752834
usp000g650|region|North_of_ms,usp000g650,region,North_of_ms,122,1.1498829382027806
usp000g650|region|North_of_ms,usp000g650,region,North_of_ms,123,1.190834049781266
usp000g650|region|North_of_ms,usp000g650,region,North_of_ms,124,1.1324067281897015
usp000g650|region|North_of_ms,usp000g650,region,North_of_ms,125,1.0873149612781774
usp000g650|region|North_of_ms,usp000g650,region,North_of_ms,126,1.1213942237966035
usp000g650|region|North_of_ms,usp000g650,region,North_of_ms,127,1.142788639397659
usp000g650|region|North_of_ms,usp000g650,region,North_of_ms,128,1.157090340999503
usp000g650|region|North_of_ms,usp000g650,region,North_of_ms,129,1.1728476220969601
usp000g650|region|North_of_ms,usp000g650,region,North_of_ms,130,1.1398070829195008
usp000g650|region|North_of_ms,usp000g650,region,North_of_ms,131,1.1511512018316492
usp000g650|region|North_of_ms,usp000g650,region,North_of_ms,132,1.1030983888091188
usp000g650|region|North_of_ms,usp000g650,region,North_of_ms,133,1.1087550365554188
usp000g650|region|North_of_ms,usp000g650,region,North_of_ms,134,1.1320338656323958
usp000g650|region|North_of_ms,usp000g650,region,North_of_ms,135,1.139686731870963
usp000g650|region|North_of_ms,usp000g650,region,North_of_ms,136,1.1939719591635372
usp000g650|region|North_of_ms,usp000g650,region,North_of_ms,137,1.2122360339826523
usp000g650|region|North_of_ms,usp000g650,region,North_of_ms,138,1.2237060482099327
usp000g650|region|North_of_ms,usp000g650,region,North_of_ms,139,1.1527238877327146
usp000g650|region|North_of_ms,usp000g650,region,North_of_ms,140,1.1368704800105696
usp000g650|region|North_of_ms,usp000g650,region,North_of_ms,141,1.1417509164509256
usp000g650|region|North_of_ms,usp000g650,region,North_of_ms,142,1.1822853227133947
usp000g650|region|North_of_ms,usp000g650,region,North_of_ms,143,1.1610875251442383
usp000g650|region|North_of_ms,usp000g650,region,North_of_ms,144,1.1718362377860925
usp000g650|region|North_of_ms,usp000g650,region,North_of_ms,145,1.1965742352920903
usp000g650|region|North_of_ms,usp000g650,region,North_of_ms,146,1.198832678129378
usp000g650|region|North_of_ms,usp000g650,region,North_of_ms,147,1.1454444620222413
usp000g650|region|North_of_ms,usp000g650,region,North_of_ms,148,1.1904821727769508
usp000g650|region|North_of_ms,usp000g650,region,North_of_ms,149,1.1378853008252554
usp000g650|region|North_of_ms,usp000g650,region,North_of_ms,150,1.174572454068338
usp000g650|region|North_of_ms,usp000g650,region,North_of_ms,151,1.1480501681264892
usp000g650|region|North_of_ms,usp000g650,region,North_of_ms,152,1.1420201818787936
usp000g650|region|North_of_ms,usp000g650,region,North_of_ms,153,1.1783521214789154
usp000g650|region|North_of_ms,usp000g650,region,North_of_ms,154,1.180944459282507
usp000g650|region|North_of_ms,usp000g650,region,North_of_ms,155,1.1162286925835687
usp000g650|region|North_of_ms,usp000g650,region,North_of_ms,156,1.173740861875319
usp000g650|region|North_of_ms,usp000g650,region,North_of_ms,157,1.2063526504536424
usp000g650|region|North_of_ms,usp000g650,region,North_of_ms,158,1.1470455203121073
usp000g650|region|North_of_ms,usp000g650,region,North_of_ms,159,1.1372047295571133
usp000g650|region|North_of_ms,usp000g650,region,North_of_ms,160,1.196950401745186
usp000g650|region|North_of_ms,usp000g650,region,North_of_ms,161,1.1723748377319596
usp000g650|region|North_of_ms,usp000g650,region,North_of_ms,162,1.1258673443354865
usp000g650|region|North_of_ms,usp000g650,region,North_of_ms,163,1.160464944641127
usp000g650|region|North_of_ms,usp000g650,region,North_of_ms,164,1.1340516461041381
usp000g650|region|North_of_ms,usp000g650,region,North_of_ms,165,1.1485051589653228
usp000g650|region|North_of_ms,usp000g650,region,North_of_ms,166,1.1357528237852639
usp000g650|region|North_of_ms,usp000g650,region,North_of_ms,167,1.114458774066626
usp000g650|region|North_of_ms,usp000g650,region,North_of_ms,168,1.1845634321371497
usp000g650|region|North_of_ms,usp000g650,region,North_of_ms,169,1.1426414130825029
usp000g650|region|North_of_ms,usp000g650,region,North_of_ms,170,1.1315322388016593
usp000g650|region|North_of_ms,usp000g650,region,North_of_ms,171,1.1060067328079661
usp000g650|region|North_of_ms,usp000g650,region,North_of_ms,172,1.1647939926952986
usp000g650|region|North_of_ms,usp000g650,region,North_of_ms,173,1.2339036601144375
usp000g650|region|North_of_ms,usp000g650,region,North_of_ms,174,1.13277779028011
usp000g650|region|North_of_ms,usp000g650,region,North_of_ms,175,1.2033802327513574
usp000g650|region|North_of_ms,usp000g650,region,North_of_ms,176,1.1441740955203457
usp000g650|region|North_of_ms,usp000g650,region,North_of_ms,177,1.1767766776205728
usp000g650|region|North_of_ms,usp000g650,region,North_of_ms,178,1.1378756289772576
usp000g650|region|North_of_ms,usp000g650,region,North_of_ms,179,1.1335400470011108
usp000g650|region|North_of_ms,usp000g650,region,North_of_ms,180,1.1554526741784872
usp000g650|region|North_of_ms,usp000g650,region,North_of_ms,181,1.138203938288907
usp000g650|region|North_of_ms,usp000g650,region,North_of_ms,182,1.1914333456771113
usp000g650|region|North_of_ms,usp000g650,region,North_of_ms,183,1.1706908440497479
usp000g650|region|North_of_ms,usp000g650,region,North_of_ms,184,1.1066519161399346
usp000g650|region|North_of_ms,usp000g650,region,North_of_ms,185,1.1258318992240746
usp000g650|region|North_of_ms,usp000g650,region,North_of_ms,186,1.1953637924555245
usp000g650|region|North_of_ms,usp000g650,region,North_of_ms,187,1.1604195832828097
usp000g650|region|North_of_ms,usp000g650,region,North_of_ms,188,1.1094285567767548
usp000g650|region|North_of_ms,usp000g650,region,North_of_ms,189,1.2062841653907854
usp000g650|region|North_of_ms,usp000g650,region,North_of_ms,190,1.192906817256015
usp000g650|region|North_of_ms,usp000g650,region,North_of_ms,191,1.1234461411825614
usp000g650|region|North_of_ms,usp000g650,region,North_of_ms,192,1.1502479154292073
usp000g650|region|North_of_ms,usp000g650,region,North_of_ms,193,1.1268715803623044
usp000g650|region|North_of_ms,usp000g650,region,North_of_ms,194,1.179456539749485
usp000g650|region|North_of_ms,usp000g650,region,North_of_ms,195,1.223596965542219
usp000g650|region|North_of_ms,usp000g650,region,North_of_ms,196,1.1604940031383333
usp000g650|region|North_of_ms,usp000g650,region,North_of_ms,197,1.1901097108241698
usp000g650|region|North_of_ms,usp000g650,region,North_of_ms,198,1.1668180806726531
usp000g650|region|North_of_ms,usp000g650,region,North_of_ms,199,1.1309857585521554
usp000g650|ring|0-50km,usp000g650,ring,0-50km,0,1.2288275472473749
usp000g650|ring|0-50km,usp000g650,ring,0-50km,1,1.185982191604184
usp000g650|ring|0-50km,usp000g650,ring,0-50km,2,1.156201239605953
usp000g650|ring|0-50km,usp000g650,ring,0-50km,3,1.236157464147559
usp000g650|ring|0-50km,usp000g650,ring,0-50km,4,1.1533312043419217
usp000g650|ring|0-50km,usp000g650,ring,0-50km,5,1.2612114287960061
usp000g650|ring|0-50km,usp000g650,ring,0-50km,6,1.2036902438863022
usp000g650|ring|0-50km,usp000g650,ring,0-50km,7,1.1881041401953205
usp000g650|ring|0-50km,usp000g650,ring,0-50km,8,1.1289512165361013
usp000g650|ring|0-50km,usp000g650,ring,0-50km,9,1.1559905380767133
usp000g650|ring|0-50km,usp000g650,ring,0-50km,10,1.2083348659035238
usp000g650|ring|0-50km,usp000g650,ring,0-50km,11,1.2494685197368325
usp000g650|ring|0-50km,usp000g650,ring,0-50km,12,1.1600692196308773
usp000g650|ring|0-50km,usp000g650,ring,0-50km,13,1.2146137836465938
usp000g650|ring|0-50km,usp000g650,ring,0-50km,14,1.22005652059903
usp000g650|ring|0-50km,usp000g650,ring,0-50km,15,1.204237024587856
usp000g650|ring|0-50km,usp000g650,ring,0-50km,16,1.2039322158601007
usp000g650|ring|0-50km,usp000g650,ring,0-50km,17,1.2357507964207453
usp000g650|ring|0-50km,usp000g650,ring,0-50km,18,1.100769210061116
usp000g650|ring|0-50km,usp000g650,ring,0-50km,19,1.2096324690836424
usp000g650|ring|0-50km,usp000g650,ring,0-50km,20,1.180817040377295
usp000g650|ring|0-50km,usp000g650,ring,0-50km,21,1.2166413283674302
usp000g650|ring|0-50km,usp000g650,ring,0-50km,22,1.1894832224468905
usp000g650|ring|0-50km,usp000g650,ring,0-50km,23,1.1025550720066861
usp000g650|ring|0-50km,usp000g650,ring,0-50km,24,1.205742958313428
usp000g650|ring|0-50km,usp000g650,ring,0-50km,25,1.227551646501205
usp000g650|ring|0-50km,usp000g650,ring,0-50km,26,1.2350041401337772
usp000g650|ring|0-50km,usp000g650,ring,0-50km,27,1.1623845915160476
usp000g650|ring|0-50km,usp000g650,ring,0-50km,28,1.2182476567564475
usp000g650|ring|0-50km,usp000g650,ring,0-50km,29,1.1732322543247955
usp000g650|ring|0-50km,usp000g650,ring,0-50km,30,1.127512770642354
usp000g650|ring|0-50km,usp000g650,ring,0-50km,31,1.1172110739816985
usp000g650|ring|0-50km,usp000g650,ring,0-50km,32,1.2068038563997847
usp000g650|ring|0-50km,usp000g650,ring,0-50km,33,1.206002869004593
usp000g650|ring|0-50km,usp000g650,ring,0-50km,34,1.1774034099524782
usp000g650|ring|0-50km,usp000g650,ring,0-50km,35,1.320277239736491
usp000g650|ring|0-50km,usp000g650,ring,0-50km,36,1.2155887308028506
usp000g650|ring|0-50km,usp000g650,ring,0-50km,37,1.1644103476501002
usp000g650|ring|0-50km,usp000g650,ring,0-50km,38,1.0837633003548326
usp000g650|ring|0-50km,usp000g650,ring,0-50km,39,1.2270187426993169
usp000g650|ring|0-50km,usp000g650,ring,0-50km,40,1.1851693065502629
usp000g650|ring|0-50km,usp000g650,ring,0-50km,41,1.1468973238328792
usp000g650|ring|0-50km,usp000g650,ring,0-50km,42,1.1696146047533087
usp000g650|ring|0-50km,usp000g650,ring,0-50km,43,1.1166706127705466
usp000g650|ring|0-50km,usp000g650,ring,0-50km,44,1.2230280443455699
usp000g650|ring|0-50km,usp000g650,ring,0-50km,45,1.1859165695048954
usp000g650|ring|0-50km,usp000g650,ring,0-50km,46,1.1377936295656221
usp000g650|ring|0-50km,usp000g650,ring,0-50km,47,1.1491698723383026
usp000g650|ring|0-50km,usp000g650,ring,0-50km,48,1.122475035423338
usp000g650|ring|0-50km,usp000g650,ring,0-50km,49,1.2305821948631532
usp000g650|ring|0-50km,usp000g650,ring,0-50km,50,1.3154708631494136
usp000g650|ring|0-50km,usp000g650,ring,0-50km,51,1.243800857059572
usp000g650|ring|0-50km,usp000g650,ring,0-50km,52,1.1935937519944904
usp000g650|ring|0-50km,usp000g650,ring,0-50km,53,1.2244387411927011
usp000g650|ring|0-50km,usp000g650,ring,0-50km,54,1.1837513712260013
usp000g650|ring|0-50km,usp000g650,ring,0-50km,55,1.158239814884425
usp000g650|ring|0-50km,usp000g650,ring,0-50km,56,1.2625524648564568
usp000g650|ring|0-50km,usp000g650,ring,0-50km,57,1.1736681778485698
usp000g650|ring|0-50km,usp000g650,ring,0-50km,58,1.2300194087986074
usp000g650|ring|0-50km,usp000g650,ring,0-50km,59,1.2479426131399896
usp000g650|ring|0-50km,usp000g650,ring,0-50km,60,1.178426853937832
usp000g650|ring|0-50km,usp000g650,ring,0-50km,61,1.1362520899342188
usp000g650|ring|0-50km,usp000g650,ring,0-50km,62,1.1939656177450055
usp000g650|ring|0-50km,usp000g650,ring,0-50km,63,1.117837306933871
usp000g650|ring|0-50km,usp000g650,ring,0-50km,64,1.2301591479957565
usp000g650|ring|0-50km,usp000g650,ring,0-50km,65,1.2416043575416922
usp000g650|ring|0-50km,usp000g650,ring,0-50km,66,1.20731664838702
usp000g650|ring|0-50km,usp000g650,ring,0-50km,67,1.1262755928901955
usp000g650|ring|0-50km,usp000g650,ring,0-50km,68,1.1232800784213628
usp000g650|ring|0-50km,usp000g650,ring,0-50km,69,1.1864852040504217
usp000g650|ring|0-50km,usp000g650,ring,0-50km,70,1.1287261115249125
usp000g650|ring|0-50km,usp000g650,ring,0-50km,71,1.1156975785470098
usp000g650|ring|0-50km,usp000g650,ring,0-50km,72,1.0850216784370585
usp000g650|ring|0-50km,usp000g650,ring,0-50km,73,1.2369073327187166
usp000g650|ring|0-50km,usp000g650,ring,0-50km,74,1.1800788538894382
usp000g650|ring|0-50km,usp000g650,ring,0-50km,75,1.1751785967864856
usp000g650|ring|0-50km,usp000g650,ring,0-50km,76,1.1404010693139663
usp000g650|ring|0-50km,usp000g650,ring,0-50km,77,1.3150013502949676
usp000g650|ring|0-50km,usp000g650,ring,0-50km,78,1.2525789847098125
usp000g650|ring|0-50km,usp000g650,ring,0-50km,79,1.214427491602253
usp000g650|ring|0-50km,usp000g650,ring,0-50km,80,1.2766428006584838
usp000g650|ring|0-50km,usp000g650,ring,0-50km,81,1.1064616372647653
usp000g650|ring|0-50km,usp000g650,ring,0-50km,82,1.2015075003017406
usp000g650|ring|0-50km,usp000g650,ring,0-50km,83,1.2106799731436635
usp000g650|ring|0-50km,usp000g650,ring,0-50km,84,1.1894671832186245
usp000g650|ring|0-50km,usp000g650,ring,0-50km,85,1.1755289213956717
usp000g650|ring|0-50km,usp000g650,ring,0-50km,86,1.231722052781254
usp000g650|ring|0-50km,usp000g650,ring,0-50km,87,1.1558527371890486
usp000g650|ring|0-50km,usp000g650,ring,0-50km,88,1.0621511240722143
usp000g650|ring|0-50km,usp000g650,ring,0-50km,89,1.091265667928794
usp000g650|ring|0-50km,usp000g650,ring,0-50km,90,1.1737079614012593
usp000g650|ring|0-50km,usp000g650,ring,0-50km,91,1.1801728173843924
usp000g650|ring|0-50km,usp000g650,ring,0-50km,92,1.0654451004979384
usp000g650|ring|0-50km,usp000g650,ring,0-50km,93,1.245526950258465
usp000g650|ring|0-50km,usp000g650,ring,0-50km,94,1.3504379983166246
usp000g650|ring|0-50km,usp000g650,ring,0-50km,95,1.1777518135488594
usp000g650|ring|0-50km,usp000g650,ring,0-50km,96,1.2020798455533974
usp000g650|ring|0-50km,usp000g650,ring,0-50km,97,1.1726256565823698
usp000g650|ring|0-50km,usp000g650,ring,0-50km,98,1.1298119138174914
usp000g650|ring|0-50km,usp000g650,ring,0-50km,99,1.0673586626292462
usp000g650|ring|0-50km,usp000g650,ring,0-50km,100,1.1848372572624195
usp000g650|ring|0-50km,usp000g650,ring,0-50km,101,1.0945560261178977
usp000g650|ring|0-50km,usp000g650,ring,0-50km,102,1.2590063140362497
usp000g650|ring|0-50km,usp000g650,ring,0-50km,103,1.1594492262014482
usp000g650|ring|0-50km,usp000g650,ring,0-50km,104,1.0607533427618445
usp000g650|ring|0-50km,usp000g650,ring,0-50km,105,1.1819338402515729
usp000g650|ring|0-50km,usp000g650,ring,0-50km,106,1.1688328701216366
usp000g650|ring|0-50km,usp000g650,ring,0-50km,107,1.175860467185141
usp000g650|ring|0-50km,usp000g650,ring,0-50km,108,1.0873391684365397
usp000g650|ring|0-50km,usp000g650,ring,0-50km,109,1.2713953672606393
usp000g650|ring|0-50km,usp000g650,ring,0-50km,110,1.1870318434022213
usp000g650|ring|0-50km,usp000g650,ring,0-50km,111,1.2250299120358028
usp000g650|ring|0-50km,usp000g650,ring,0-50km,112,1.1895605758427665
usp000g650|ring|0-50km,usp000g650,ring,0-50km,113,1.2941156094220114
usp000g650|ring|0-50km,usp000g650,ring,0-50km,114,1.2297592468321157
usp000g650|ring|0-50km,usp000g650,ring,0-50km,115,1.1871826541987678
usp000g650|ring|0-50km,usp000g650,ring,0-50km,116,1.2177311608238772
usp000g650|ring|0-50km,usp000g650,ring,0-50km,117,1.0451940655217355
usp000g650|ring|0-50km,usp000g650,ring,0-50km,118,1.2008291379036182
usp000g650|ring|0-50km,usp000g650,ring,0-50km,119,1.2494048026355464
usp000g650|ring|0-50km,usp000g650,ring,0-50km,120,1.09368484475063
usp000g650|ring|0-50km,usp000g650,ring,0-50km,121,1.203534771022894
usp000g650|ring|0-50km,usp000g650,ring,0-50km,122,1.147852596420795
usp000g650|ring|0-50km,usp000g650,ring,0-50km,123,1.1671726036203844
usp000g650|ring|0-50km,usp000g650,ring,0-50km,124,1.1922979465364179
usp000g650|ring|0-50km,usp000g650,ring,0-50km,125,1.2067759990616498
usp000g650|ring|0-50km,usp000g650,ring,0-50km,126,1.203440650585331
usp000g650|ring|0-50km,usp000g650,ring,0-50km,127,1.1610509863174114
usp000g650|ring|0-50km,usp000g650,ring,0-50km,128,1.1819059178869784
usp000g650|ring|0-50km,usp000g650,ring,0-50km,129,1.2690560997451958
usp000g650|ring|0-50km,usp000g650,ring,0-50km,130,1.0703446417195581
usp000g650|ring|0-50km,usp000g650,ring,0-50km,131,1.288164307167346
usp000g650|ring|0-50km,usp000g650,ring,0-50km,132,1.1512218632935858
usp000g650|ring|0-50km,usp000g650,ring,0-50km,133,1.2413059780472073
usp000g650|ring|0-50km,usp000g650,ring,0-50km,134,1.1052384432642215
usp000g650|ring|0-50km,usp000g650,ring,0-50km,135,1.1486261064669037
usp000g650|ring|0-50km,usp000g650,ring,0-50km,136,1.175973727802813
usp000g650|ring|0-50km,usp000g650,ring,0-50km,137,1.1983423047071888
usp000g650|ring|0-50km,usp000g650,ring,0-50km,138,1.1603404992926245
usp000g650|ring|0-50km,usp000g650,ring,0-50km,139,1.2007114225714626
usp000g650|ring|0-50km,usp000g650,ring,0-50km,140,1.166268610196834
usp000g650|ring|0-50km,usp000g650,ring,0-50km,141,1.2264453243920634
usp000g650|ring|0-50km,usp000g650,ring,0-50km,142,1.1520882826779877
usp000g650|ring|0-50km,usp000g650,ring,0-50km,143,1.2717012436915416
usp000g650|ring|0-50km,usp000g650,ring,0-50km,144,1.1769035448367031
usp000g650|ring|0-50km,usp000g650,ring,0-50km,145,1.0853758400479432
usp000g650|ring|0-50km,usp000g650,ring,0-50km,146,1.1155699731102657
usp000g650|ring|0-50km,usp000g650,ring,0-50km,147,1.223330997571044
usp000g650|ring|0-50km,usp000g650,ring,0-50km,148,1.1950232472994098
usp000g650|ring|0-50km,usp000g650,ring,0-50km,149,1.1243860284619303
usp000g650|ring|0-50km,usp000g650,ring,0-50km,150,1.1350562227315262
usp000g650|ring|0-50km,usp000g650,ring,0-50km,151,1.2114369352813106
usp000g650|ring|0-50km,usp000g650,ring,0-50km,152,1.1649864087529749
usp000g650|ring|0-50km,usp000g650,ring,0-50km,153,1.1703738708554683
usp000g650|ring|0-50km,usp000g650,ring,0-50km,154,1.1909952666140677
usp000g650|ring|0-50km,usp000g650,ring,0-50km,155,1.206335789188914
usp000g650|ring|0-50km,usp000g650,ring,0-50km,156,1.2448322910328284
usp000g650|ring|0-50km,usp000g650,ring,0-50km,157,1.1306232759074664
usp000g650|ring|0-50km,usp000g650,ring,0-50km,158,1.1365389858168002
usp000g650|ring|0-50km,usp000g650,ring,0-50km,159,1.157039571097145
usp000g650|ring|0-50km,usp000g650,ring,0-50km,160,1.2359272725862647
usp000g650|ring|0-50km,usp000g650,ring,0-50km,161,1.2984428400613217
usp000g650|ring|0-50km,usp000g650,ring,0-50km,162,1.2042945828842966
usp000g650|ring|0-50km,usp000g650,ring,0-50km,163,1.1590968768118586
usp000g650|ring|0-50km,usp000g650,ring,0-50km,164,1.1383632431733641
usp000g650|ring|0-50km,usp000g650,ring,0-50km,165,1.1265890220947057
usp000g650|ring|0-50km,usp000g650,ring,0-50km,166,1.2041390700912438
usp000g650|ring|0-50km,usp000g650,ring,0-50km,167,1.1297118466167795
usp000g650|ring|0-50km,usp000g650,ring,0-50km,168,1.0694344813144112
usp000g650|ring|0-50km,usp000g650,ring,0-50km,169,1.1454428086145756
usp000g650|ring|0-50km,usp000g650,ring,0-50km,170,1.1958210276270689
usp000g650|ring|0-50km,usp000g650,ring,0-50km,171,1.2203371472092708
usp000g650|ring|0-50km,usp000g650,ring,0-50km,172,1.035355476069739
usp000g650|ring|0-50km,usp000g650,ring,0-50km,173,1.2022560453371616
usp000g650|ring|0-50km,usp000g650,ring,0-50km,174,1.0768345660687875
usp000g650|ring|0-50km,usp000g650,ring,0-50km,175,1.2731696633913978
usp000g650|ring|0-50km,usp000g650,ring,0-50km,176,1.3323407531213267
usp000g650|ring|0-50km,usp000g650,ring,0-50km,177,1.2513406890269716
usp000g650|ring|0-50km,usp000g650,ring,0-50km,178,1.1702962773470176
usp000g650|ring|0-50km,usp000g650,ring,0-50km,179,1.1239863739296554
usp000g650|ring|0-50km,usp000g650,ring,0-50km,180,1.2022243041330016
usp000g650|ring|0-50km,usp000g650,ring,0-50km,181,1.190039218065527
usp000g650|ring|0-50km,usp000g650,ring,0-50km,182,1.1968093372887953
usp000g650|ring|0-50km,usp000g650,ring,0-50km,183,1.1523245758507596
usp000g650|ring|0-50km,usp000g650,ring,0-50km,184,1.3185088693121552
usp000g650|ring|0-50km,usp000g650,ring,0-50km,185,1.19960389922222
usp000g650|ring|0-50km,usp000g650,ring,0-50km,186,1.1506988521958919
usp000g650|ring|0-50km,usp000g650,ring,0-50km,187,1.1326412611957066
usp000g650|ring|0-50km,usp000g650,ring,0-50km,188,1.1364999888022667
usp000g650|ring|0-50km,usp000g650,ring,0-50km,189,1.1005154086777778
usp000g650|ring|0-50km,usp000g650,ring,0-50km,190,1.1827657364004391
usp000g650|ring|0-50km,usp000g650,ring,0-50km,191,1.2379243069198047
usp000g650|ring|0-50km,usp000g650,ring,0-50km,192,1.2337673165488783
usp000g650|ring|0-50km,usp000g650,ring,0-50km,193,1.1764015690450613
usp000g650|ring|0-50km,usp000g650,ring,0-50km,194,1.173766547697421
usp000g650|ring|0-50km,usp000g650,ring,0-50km,195,1.1140171467926174
usp000g650|ring|0-50km,usp000g650,ring,0-50km,196,1.226434416031569
usp000g650|ring|0-50km,usp000g650,ring,0-50km,197,1.2308617333893779
usp000g650|ring|0-50km,usp000g650,ring,0-50km,198,1.2048665331421817
usp000g650|ring|0-50km,usp000g650,ring,0-50km,199,1.2224385521321905
usp000g650|ring|50-150km,usp000g650,ring,50-150km,0,1.3045166813954314
usp000g650|ring|50-150km,usp000g650,ring,50-150km,1,1.2348541846659913
usp000g650|ring|50-150km,usp000g650,ring,50-150km,2,1.2313937876876981
usp000g650|ring|50-150km,usp000g650,ring,50-150km,3,1.197688143713629
usp000g650|ring|50-150km,usp000g650,ring,50-150km,4,1.1959319584926342
usp000g650|ring|50-150km,usp000g650,ring,50-150km,5,1.1730530279915978
usp000g650|ring|50-150km,usp000g650,ring,50-150km,6,1.252958356037364
usp000g650|ring|50-150km,usp000g650,ring,50-150km,7,1.2697550582415393
usp000g650|ring|50-150km,usp000g650,ring,50-150km,8,1.3120122392522662
usp000g650|ring|50-150km,usp000g650,ring,50-150km,9,1.2627753325148183
usp000g650|ring|50-150km,usp000g650,ring,50-150km,10,1.2716554033000635
usp000g650|ring|50-150km,usp000g650,ring,50-150km,11,1.2798110224811234
usp000g650|ring|50-150km,usp000g650,ring,50-150km,12,1.259327619199862
usp000g650|ring|50-150km,usp000g650,ring,50-150km,13,1.1730560573329627
usp000g650|ring|50-150km,usp000g650,ring,50-150km,14,1.1477981335534413
usp000g650|ring|50-150km,usp000g650,ring,50-150km,15,1.2563966806561675
usp000g650|ring|50-150km,usp000g650,ring,50-150km,16,1.230152689632241
usp000g650|ring|50-150km,usp000g650,ring,50-150km,17,1.3058905346178795
usp000g650|ring|50-150km,usp000g650,ring,50-150km,18,1.184050343149231
usp000g650|ring|50-150km,usp000g650,ring,50-150km,19,1.2920168198746549
usp000g650|ring|50-150km,usp000g650,ring,50-150km,20,1.1817209300297378
usp000g650|ring|50-150km,usp000g650,ring,50-150km,21,1.257278347341801
usp000g650|ring|50-150km,usp000g650,ring,50-150km,22,1.2641893821943142
usp000g650|ring|50-150km,usp000g650,ring,50-150km,23,1.1791494764119248
usp000g650|ring|50-150km,usp000g650,ring,50-150km,24,1.2513778320707256
usp000g650|ring|50-150km,usp000g650,ring,50-150km,25,1.2198188225884155
usp000g650|ring|50-150km,usp000g650,ring,50-150km,26,1.2530228272209627
usp000g650|ring|50-150km,usp000g650,ring,50-150km,27,1.16497517359784
usp000g650|ring|50-150km,usp000g650,ring,50-150km,28,1.203055007199362
usp000g650|ring|50-150km,usp000g650,ring,50-150km,29,1.237579680111418
usp000g650|ring|50-150km,usp000g650,ring,50-150km,30,1.294932138152332
usp000g650|ring|50-150km,usp000g650,ring,50-150km,31,1.2462503655725146
usp000g650|ring|50-150km,usp000g650,ring,50-150km,32,1.3261495283694267
usp000g650|ring|50-150km,usp000g650,ring,50-150km,33,1.2866443479735254
usp000g650|ring|50-150km,usp000g650,ring,50-150km,34,1.162502267620034
usp000g650|ring|50-150km,usp000g650,ring,50-150km,35,1.1983805221119652
usp000g650|ring|50-150km,usp000g650,ring,50-150km,36,1.2625820494597628
usp000g650|ring|50-150km,usp000g650,ring,50-150km,37,1.3295347020443655
usp000g650|ring|50-150km,usp000g650,ring,50-150km,38,1.1916046782269116
usp000g650|ring|50-150km,usp000g650,ring,50-150km,39,1.3380709782498412
usp000g650|ring|50-150km,usp000g650,ring,50-150km,40,1.2476642427337876
usp000g650|ring|50-150km,usp000g650,ring,50-150km,41,1.2626221510667686
usp000g650|ring|50-150km,usp000g650,ring,50-150km,42,1.2556101651775242
usp000g650|ring|50-150km,usp000g650,ring,50-150km,43,1.270207957042847
usp000g650|ring|50-150km,usp000g650,ring,50-150km,44,1.0743019699492196
usp000g650|ring|50-150km,usp000g650,ring,50-150km,45,1.189214596993697
usp000g650|ring|50-150km,usp000g650,ring,50-150km,46,1.2182792670482627
usp000g650|ring|50-150km,usp000g650,ring,50-150km,47,1.3075326871449817
usp000g650|ring|50-150km,usp000g650,ring,50-150km,48,1.2344877163525045
usp000g650|ring|50-150km,usp000g650,ring,50-150km,49,1.2044132768494935
usp000g650|ring|50-150km,usp000g650,ring,50-150km,50,1.2469047443910848
usp000g650|ring|50-150km,usp000g650,ring,50-150km,51,1.2520202874333155
usp000g650|ring|50-150km,usp000g650,ring,50-150km,52,1.1976669850292774
usp000g650|ring|50-150km,usp000g650,ring,50-150km,53,1.2220111332984336
usp000g650|ring|50-150km,usp000g650,ring,50-150km,54,1.2564578837723823
usp000g650|ring|50-150km,usp000g650,ring,50-150km,55,1.1918376677982219
usp000g650|ring|50-150km,usp000g650,ring,50-150km,56,1.2333689026021915
usp000g650|ring|50-150km,usp000g650,ring,50-150km,57,1.234174587597411
usp000g650|ring|50-150km,usp000g650,ring,50-150km,58,1.2113794690583048
usp000g650|ring|50-150km,usp000g650,ring,50-150km,59,1.2485624154691228
usp000g650|ring|50-150km,usp000g650,ring,50-150km,60,1.2694044425932187
usp000g650|ring|50-150km,usp000g650,ring,50-150km,61,1.2039694157836218
usp000g650|ring|50-150km,usp000g650,ring,50-150km,62,1.2001968293152459
usp000g650|ring|50-150km,usp000g650,ring,50-150km,63,1.2295127088267703
usp000g650|ring|50-150km,usp000g650,ring,50-150km,64,1.2500827807024146
usp000g650|ring|50-150km,usp000g650,ring,50-150km,65,1.1751813775008209
usp000g650|ring|50-150km,usp000g650,ring,50-150km,66,1.1331817597033684
usp000g650|ring|50-150km,usp000g650,ring,50-150km,67,1.1663513429009214
usp000g650|ring|50-150km,usp000g650,ring,50-150km,68,1.2679487503979159
usp000g650|ring|50-150km,usp000g650,ring,50-150km,69,1.1756638849430376
usp000g650|ring|50-150km,usp000g650,ring,50-150km,70,1.1721480294048914
usp000g650|ring|50-150km,usp000g650,ring,50-150km,71,1.187314858174323
usp000g650|ring|50-150km,usp000g650,ring,50-150km,72,1.2162917436786826
usp000g650|ring|50-150km,usp000g650,ring,50-150km,73,1.2597974147894058
usp000g650|ring|50-150km,usp000g650,ring,50-150km,74,1.183160194652444
usp000g650|ring|50-150km,usp000g650,ring,50-150km,75,1.230093050762429
usp000g650|ring|50-150km,usp000g650,ring,50-150km,76,1.2352246239730489
usp000g650|ring|50-150km,usp000g650,ring,50-150km,77,1.2048424757790783
usp000g650|ring|50-150km,usp000g650,ring,50-150km,78,1.183473611326968
usp000g650|ring|50-150km,usp000g650,ring,50-150km,79,1.1996870443760135
usp000g650|ring|50-150km,usp000g650,ring,50-150km,80,1.1873339626889692
usp000g650|ring|50-150km,usp000g650,ring,50-150km,81,1.2263441752496687
usp000g650|ring|50-150km,usp000g650,ring,50-150km,82,1.2613889065565373
usp000g650|ring|50-150km,usp000g650,ring,50-150km,83,1.1816389988344065
usp000g650|ring|50-150km,usp000g650,ring,50-150km,84,1.3436628727057398
usp000g650|ring|50-150km,usp000g650,ring,50-150km,85,1.2140735503556521
usp000g650|ring|50-150km,usp000g650,ring,50-150km,86,1.233946277868292
usp000g650|ring|50-150km,usp000g650,ring,50-150km,87,1.1575375771295984
usp000g650|ring|50-150km,usp000g650,ring,50-150km,88,1.2847738305096974
usp000g650|ring|50-150km,usp000g650,ring,50-150km,89,1.2704660563129915
usp000g650|ring|50-150km,usp000g650,ring,50-150km,90,1.1849926572637568
usp000g650|ring|50-150km,usp000g650,ring,50-150km,91,1.3404136497319068
usp000g650|ring|50-150km,usp000g650,ring,50-150km,92,1.2537903413460423
usp000g650|ring|50-150km,usp000g650,ring,50-150km,93,1.2241855776181783
usp000g650|ring|50-150km,usp000g650,ring,50-150km,94,1.2094266167424097
usp000g650|ring|50-150km,usp000g650,ring,50-150km,95,1.2641408765378748
usp000g650|ring|50-150km,usp000g650,ring,50-150km,96,1.13967226933147
usp000g650|ring|50-150km,usp000g650,ring,50-150km,97,1.215710994923531
usp000g650|ring|50-150km,usp000g650,ring,50-150km,98,1.2048955001844461
usp000g650|ring|50-150km,usp000g650,ring,50-150km,99,1.2837306951580074
usp000g650|ring|50-150km,usp000g650,ring,50-150km,100,1.1257810168372733
usp000g650|ring|50-150km,usp000g650,ring,50-150km,101,1.2504036367896032
usp000g650|ring|50-150km,usp000g650,ring,50-150km,102,1.212634800774496
usp000g650|ring|50-150km,usp000g650,ring,50-150km,103,1.1885139541001597
usp000g650|ring|50-150km,usp000g650,ring,50-150km,104,1.3310139272397272
usp000g650|ring|50-150km,usp000g650,ring,50-150km,105,1.2510451808682421
usp000g650|ring|50-150km,usp000g650,ring,50-150km,106,1.1914820153627588
usp000g650|ring|50-150km,usp000g650,ring,50-150km,107,1.239253226510401
usp000g650|ring|50-150km,usp000g650,ring,50-150km,108,1.2433827449330694
usp000g650|ring|50-150km,usp000g650,ring,50-150km,109,1.1593818574263446
usp000g650|ring|50-150km,usp000g650,ring,50-150km,110,1.2616998763863692
usp000g650|ring|50-150km,usp000g650,ring,50-150km,111,1.1912831360816611
usp000g650|ring|50-150km,usp000g650,ring,50-150km,112,1.2059243341826384
usp000g650|ring|50-150km,usp000g650,ring,50-150km,113,1.2953880123296644
usp000g650|ring|50-150km,usp000g650,ring,50-150km,114,1.2433987710331007
usp000g650|ring|50-150km,usp000g650,ring,50-150km,115,1.192081979791944
usp000g650|ring|50-150km,usp000g650,ring,50-150km,116,1.2104146262876905
usp000g650|ring|50-150km,usp000g650,ring,50-150km,117,1.227769428006342
usp000g650|ring|50-150km,usp000g650,ring,50-150km,118,1.182764892194191
usp000g650|ring|50-150km,usp000g650,ring,50-150km,119,1.2496223851802004
usp000g650|ring|50-150km,usp000g650,ring,50-150km,120,1.228733077118405
usp000g650|ring|50-150km,usp000g650,ring,50-150km,121,1.1520339647981146
usp000g650|ring|50-150km,usp000g650,ring,50-150km,122,1.1749936379299522
usp000g650|ring|50-150km,usp000g650,ring,50-150km,123,1.1724524257097573
usp000g650|ring|50-150km,usp000g650,ring,50-150km,124,1.2262661259883076
usp000g650|ring|50-150km,usp000g650,ring,50-150km,125,1.2387247514608337
usp000g650|ring|50-150km,usp000g650,ring,50-150km,126,1.213047964669443
usp000g650|ring|50-150km,usp000g650,ring,50-150km,127,1.1706556858477781
usp000g650|ring|50-150km,usp000g650,ring,50-150km,128,1.2717204786686898
usp000g650|ring|50-150km,usp000g650,ring,50-150km,129,1.276722999880415
usp000g650|ring|50-150km,usp000g650,ring,50-150km,130,1.2760075925086058
usp000g650|ring|50-150km,usp000g650,ring,50-150km,131,1.1303318943761675
usp000g650|ring|50-150km,usp000g650,ring,50-150km,132,1.2303573178382665
usp000g650|ring|50-150km,usp000g650,ring,50-150km,133,1.189581911277821
usp000g650|ring|50-150km,usp000g650,ring,50-150km,134,1.1916947070257085
usp000g650|ring|50-150km,usp000g650,ring,50-150km,135,1.1924518154655401
usp000g650|ring|50-150km,usp000g650,ring,50-150km,136,1.2289503125018983
usp000g650|ring|50-150km,usp000g650,ring,50-150km,137,1.1367463535799545
usp000g650|ring|50-150km,usp000g650,ring,50-150km,138,1.2808934849597418
usp000g650|ring|50-150km,usp000g650,ring,50-150km,139,1.1795449851701991
usp000g650|ring|50-150km,usp000g650,ring,50-150km,140,1.1860952836423506
usp000g650|ring|50-150km,usp000g650,ring,50-150km,141,1.2177874500829036
usp000g650|ring|50-150km,usp000g650,ring,50-150km,142,1.2459586289051146
usp000g650|ring|50-150km,usp000g650,ring,50-150km,143,1.2895536254770978
usp000g650|ring|50-150km,usp000g650,ring,50-150km,144,1.2592210148785252
usp000g650|ring|50-150km,usp000g650,ring,50-150km,145,1.2212811098257914
usp000g650|ring|50-150km,usp000g650,ring,50-150km,146,1.2308609914221897
usp000g650|ring|50-150km,usp000g650,ring,50-150km,147,1.254707984994556
usp000g650|ring|50-150km,usp000g650,ring,50-150km,148,1.2218651298766698
usp000g650|ring|50-150km,usp000g650,ring,50-150km,149,1.1808436041488761
usp000g650|ring|50-150km,usp000g650,ring,50-150km,150,1.1751597780715384
usp000g650|ring|50-150km,usp000g650,ring,50-150km,151,1.2129193799904663
usp000g650|ring|50-150km,usp000g650,ring,50-150km,152,1.1667286020377026
usp000g650|ring|50-150km,usp000g650,ring,50-150km,153,1.2357157651473876
usp000g650|ring|50-150km,usp000g650,ring,50-150km,154,1.2928516964828536
usp000g650|ring|50-150km,usp000g650,ring,50-150km,155,1.1450536316312212
usp000g650|ring|50-150km,usp000g650,ring,50-150km,156,1.225582763064412
usp000g650|ring|50-150km,usp000g650,ring,50-150km,157,1.2362220561117168
usp000g650|ring|50-150km,usp000g650,ring,50-150km,158,1.2068997831005264
usp000g650|ring|50-150km,usp000g650,ring,50-150km,159,1.2094299655856666
usp000g650|ring|50-150km,usp000g650,ring,50-150km,160,1.231066143741678
usp000g650|ring|50-150km,usp000g650,ring,50-150km,161,1.205174325637469
usp000g650|ring|50-150km,usp000g650,ring,50-150km,162,1.2195364325426579
usp000g650|ring|50-150km,usp000g650,ring,50-150km,163,1.2485073779300722
usp000g650|ring|50-150km,usp000g650,ring,50-150km,164,1.1955416159110355
usp000g650|ring|50-150km,usp000g650,ring,50-150km,165,1.26416328967347
usp000g650|ring|50-150km,usp000g650,ring,50-150km,166,1.2924268694348728
usp000g650|ring|50-150km,usp000g650,ring,50-150km,167,1.180555796318622
usp000g650|ring|50-150km,usp000g650,ring,50-150km,168,1.2318288086310463
usp000g650|ring|50-150km,usp000g650,ring,50-150km,169,1.2911570556997285
usp000g650|ring|50-150km,usp000g650,ring,50-150km,170,1.24919216554461
usp000g650|ring|50-150km,usp000g650,ring,50-150km,171,1.1520610993922034
usp000g650|ring|50-150km,usp000g650,ring,50-150km,172,1.2107617403065716
usp000g650|ring|50-150km,usp000g650,ring,50-150km,173,1.1774408734164834
usp000g650|ring|50-150km,usp000g650,ring,50-150km,174,1.1676890399568387
usp000g650|ring|50-150km,usp000g650,ring,50-150km,175,1.1849786767929789
usp000g650|ring|50-150km,usp000g650,ring,50-150km,176,1.221987153273714
usp000g650|ring|50-150km,usp000g650,ring,50-150km,177,1.150046792123707
usp000g650|ring|50-150km,usp000g650,ring,50-150km,178,1.2364168392055364
usp000g650|ring|50-150km,usp000g650,ring,50-150km,179,1.172612871314595
usp000g650|ring|50-150km,usp000g650,ring,50-150km,180,1.2171574780894698
usp000g650|ring|50-150km,usp000g650,ring,50-150km,181,1.2113963991586891
usp000g650|ring|50-150km,usp000g650,ring,50-150km,182,1.2341247480198134
usp000g650|ring|50-150km,usp000g650,ring,50-150km,183,1.2346588267875618
usp000g650|ring|50-150km,usp000g650,ring,50-150km,184,1.254260159823388
usp000g650|ring|50-150km,usp000g650,ring,50-150km,185,1.1346640519666984
usp000g650|ring|50-150km,usp000g650,ring,50-150km,186,1.2601894075158246
usp000g650|ring|50-150km,usp000g650,ring,50-150km,187,1.1745546409048606
usp000g650|ring|50-150km,usp000g650,ring,50-150km,188,1.2432810042162674
usp000g650|ring|50-150km,usp000g650,ring,50-150km,189,1.2394613160825017
usp000g650|ring|50-150km,usp000g650,ring,50-150km,190,1.2729678144399856
usp000g650|ring|50-150km,usp000g650,ring,50-150km,191,1.19153185680263
usp000g650|ring|50-150km,usp000g650,ring,50-150km,192,1.2148722343546308
usp000g650|ring|50-150km,usp000g650,ring,50-150km,193,1.1602009225308851
usp000g650|ring|50-150km,usp000g650,ring,50-150km,194,1.1568792304871314
usp000g650|ring|50-150km,usp000g650,ring,50-150km,195,1.2761225553669786
usp000g650|ring|50-150km,usp000g650,ring,50-150km,196,1.14578987289642
usp000g650|ring|50-150km,usp000g650,ring,50-150km,197,1.199498719937559
usp000g650|ring|50-150km,usp000g650,ring,50-150km,198,1.2312086733322776
usp000g650|ring|50-150km,usp000g650,ring,50-150km,199,1.269378900752872
usp000g650|ring|150-400km,usp000g650,ring,150-400km,0,1.062316686482067
usp000g650|ring|150-400km,usp000g650,ring,150-400km,1,1.1061239631004864
usp000g650|ring|150-400km,usp000g650,ring,150-400km,2,1.0152751730903578
usp000g650|ring|150-400km,usp000g650,ring,150-400km,3,1.0559736498741448
usp000g650|ring|150-400km,usp000g650,ring,150-400km,4,1.035525410801625
usp000g650|ring|150-400km,usp000g650,ring,150-400km,5,1.0271794189748145
usp000g650|ring|150-400km,usp000g650,ring,150-400km,6,1.055436294770883
usp000g650|ring|150-400km,usp000g650,ring,150-400km,7,1.0417178288465556
usp000g650|ring|150-400km,usp000g650,ring,150-400km,8,1.0257586246415489
usp000g650|ring|150-400km,usp000g650,ring,150-400km,9,1.0305322263600067
usp000g650|ring|150-400km,usp000g650,ring,150-400km,10,1.097525232474982
usp000g650|ring|150-400km,usp000g650,ring,150-400km,11,1.0724964326502122
usp000g650|ring|150-400km,usp000g650,ring,150-400km,12,0.9913299433434648
usp000g650|ring|150-400km,usp000g650,ring,150-400km,13,1.0477011237918488
usp000g650|ring|150-400km,usp000g650,ring,150-400km,14,1.0576938626084615
usp000g650|ring|150-400km,usp000g650,ring,150-400km,15,1.0827774118195843
usp000g650|ring|150-400km,usp000g650,ring,150-400km,16,1.0180033767204204
usp000g650|ring|150-400km,usp000g650,ring,150-400km,17,1.0783021278184997
usp000g650|ring|150-400km,usp000g650,ring,150-400km,18,1.1241038060418995
usp000g650|ring|150-400km,usp000g650,ring,150-400km,19,1.0885229340248144
usp000g650|ring|150-400km,usp000g650,ring,150-400km,20,1.1021239208522586
usp000g650|ring|150-400km,usp000g650,ring,150-400km,21,1.016072138286235
usp000g650|ring|150-400km,usp000g650,ring,150-400km,22,1.0316977156040217
usp000g650|ring|150-400km,usp000g650,ring,150-400km,23,1.0531120001831842
usp000g650|ring|150-400km,usp000g650,ring,150-400km,24,1.0991006356277646
usp000g650|ring|150-400km,usp000g650,ring,150-400km,25,1.0322901658233672
usp000g650|ring|150-400km,usp000g650,ring,150-400km,26,1.0339776551651068
usp000g650|ring|150-400km,usp000g650,ring,150-400km,27,1.0355449507033994
usp000g650|ring|150-400km,usp000g650,ring,150-400km,28,1.056884240891753
usp000g650|ring|150-400km,usp000g650,ring,150-400km,29,1.0649721256014297
usp000g650|ring|150-400km,usp000g650,ring,150-400km,30,1.0256154658722754
usp000g650|ring|150-400km,usp000g650,ring,150-400km,31,1.1212026079227664
usp000g650|ring|150-400km,usp000g650,ring,150-400km,32,1.0369220897813576
usp000g650|ring|150-400km,usp000g650,ring,150-400km,33,1.0333499686217698
usp000g650|ring|150-400km,usp000g650,ring,150-400km,34,1.0144489997923358
usp000g650|ring|150-400km,usp000g650,ring,150-400km,35,1.0188342062013331
usp000g650|ring|150-400km,usp000g650,ring,150-400km,36,1.0138229711213433
usp000g650|ring|150-400km,usp000g650,ring,150-400km,37,1.0975178606168585
usp000g650|ring|150-400km,usp000g650,ring,150-400km,38,1.0547077513774956
usp000g650|ring|150-400km,usp000g650,ring,150-400km,39,1.03005105231559
usp000g650|ring|150-400km,usp000g650,ring,150-400km,40,1.0835597322678716
usp000g650|ring|150-400km,usp000g650,ring,150-400km,41,1.0450853558853193
usp000g650|ring|150-400km,usp000g650,ring,150-400km,42,1.0880763696913924
usp000g650|ring|150-400km,usp000g650,ring,150-400km,43,1.0667528419662906
usp000g650|ring|150-400km,usp000g650,ring,150-400km,44,1.0729666384678633
usp000g650|ring|150-400km,usp000g650,ring,150-400km,45,1.0964448419272295
usp000g650|ring|150-400km,usp000g650,ring,150-400km,46,1.028738005290959
usp000g650|ring|150-400km,usp000g650,ring,150-400km,47,1.0528835302856254
usp000g650|ring|150-400km,usp000g650,ring,150-400km,48,1.008663392904992
usp000g650|ring|150-400km,usp000g650,ring,150-400km,49,1.0063838825887454
usp000g650|ring|150-400km,usp000g650,ring,150-400km,50,1.0340709421791772
usp000g650|ring|150-400km,usp000g650,ring,150-400km,51,0.980519641342539
usp000g650|ring|150-400km,usp000g650,ring,150-400km,52,1.0759101197748389
usp000g650|ring|150-400km,usp000g650,ring,150-400km,53,1.1107297791569624
usp000g650|ring|150-400km,usp000g650,ring,150-400km,54,1.0137418282602089
usp000g650|ring|150-400km,usp000g650,ring,150-400km,55,1.0983966922499866
usp000g650|ring|150-400km,usp000g650,ring,150-400km,56,1.099913280980638
usp000g650|ring|150-400km,usp000g650,ring,150-400km,57,1.0897095534231922
usp000g650|ring|150-400km,usp000g650,ring,150-400km,58,1.0309872117362189
usp000g650|ring|150-400km,usp000g650,ring,150-400km,59,1.067270997513759
usp000g650|ring|150-400km,usp000g650,ring,150-400km,60,1.0711091512763502
usp000g650|ring|150-400km,usp000g650,ring,150-400km,61,1.0278516211873172
usp000g650|ring|150-400km,usp000g650,ring,150-400km,62,1.0736971709499339
usp000g650|ring|150-400km,usp000g650,ring,150-400km,63,1.1167258297966456
usp000g650|ring|150-400km,usp000g650,ring,150-400km,64,1.0044686519496924
usp000g650|ring|150-400km,usp000g650,ring,150-400km,65,1.1090475356233798
usp000g650|ring|150-400km,usp000g650,ring,150-400km,66,1.0186253901392324
usp000g650|ring|150-400km,usp000g650,ring,150-400km,67,1.0844538583611059
usp000g650|ring|150-400km,usp000g650,ring,150-400km,68,1.0953935883428725
usp000g650|ring|150-400km,usp000g650,ring,150-400km,69,1.0910629315866742
usp000g650|ring|150-400km,usp000g650,ring,150-400km,70,1.0270346159126025
usp000g650|ring|150-400km,usp000g650,ring,150-400km,71,1.0410384462368703
usp000g650|ring|150-400km,usp000g650,ring,150-400km,72,1.010063596264047
usp000g650|ring|150-400km,usp000g650,ring,150-400km,73,1.0324503038001962
usp000g650|ring|150-400km,usp000g650,ring,150-400km,74,1.107160326653281
usp000g650|ring|150-400km,usp000g650,ring,150-400km,75,1.0932660899759932
usp000g650|ring|150-400km,usp000g650,ring,150-400km,76,1.0728074083181278
usp000g650|ring|150-400km,usp000g650,ring,150-400km,77,0.9939116983338115
usp000g650|ring|150-400km,usp000g650,ring,150-400km,78,0.9957767281388159
usp000g650|ring|150-400km,usp000g650,ring,150-400km,79,1.0263318608043748
usp000g650|ring|150-400km,usp000g650,ring,150-400km,80,1.081317381372592
usp000g650|ring|150-400km,usp000g650,ring,150-400km,81,0.9913606064507222
usp000g650|ring|150-400km,usp000g650,ring,150-400km,82,1.0795446652552347
usp000g650|ring|150-400km,usp000g650,ring,150-400km,83,1.0397545940667041
usp000g650|ring|150-400km,usp000g650,ring,150-400km,84,0.9532151803576521
usp000g650|ring|150-400km,usp000g650,ring,150-400km,85,1.0476520369009819
usp000g650|ring|150-400km,usp000g650,ring,150-400km,86,1.0137288577021253
usp000g650|ring|150-400km,usp000g650,ring,150-400km,87,1.0398675188513522
usp000g650|ring|150-400km,usp000g650,ring,150-400km,88,1.0322721824907872
usp000g650|ring|150-400km,usp000g650,ring,150-400km,89,0.9391589873730241
usp000g650|ring|150-400km,usp000g650,ring,150-400km,90,1.0346494930654981
usp000g650|ring|150-400km,usp000g650,ring,150-400km,91,1.1046264389275302
usp000g650|ring|150-400km,usp000g650,ring,150-400km,92,1.0225848372472166
usp000g650|ring|150-400km,usp000g650,ring,150-400km,93,1.0265670965772926
usp000g650|ring|150-400km,usp000g650,ring,150-400km,94,1.0250770174595287
usp000g650|ring|150-400km,usp000g650,ring,150-400km,95,0.9750639317043767
usp000g650|ring|150-400km,usp000g650,ring,150-400km,96,0.9760156084029652
usp000g650|ring|150-400km,usp000g650,ring,150-400km,97,1.0306821826975467
usp000g650|ring|150-400km,usp000g650,ring,150-400km,98,1.019618618115935
usp000g650|ring|150-400km,usp000g650,ring,150-400km,99,1.0397055433874307
usp000g650|ring|150-400km,usp000g650,ring,150-400km,100,1.0804111849308253
usp000g650|ring|150-400km,usp000g650,ring,150-400km,101,1.0231897153449403
usp000g650|ring|150-400km,usp000g650,ring,150-400km,102,1.0324072503803814
usp000g650|ring|150-400km,usp000g650,ring,150-400km,103,1.078988764436276
usp000g650|ring|150-400km,usp000g650,ring,150-400km,104,1.0887842474949319
usp000g650|ring|150-400km,usp000g650,ring,150-400km,105,1.0837209190087642
usp000g650|ring|150-400km,usp000g650,ring,150-400km,106,0.997718773167113
usp000g650|ring|150-400km,usp000g650,ring,150-400km,107,1.0567058685219146
usp000g650|ring|150-400km,usp000g650,ring,150-400km,108,1.0348673581022276
usp000g650|ring|150-400km,usp000g650,ring,150-400km,109,1.010006289880666
usp000g650|ring|150-400km,usp000g650,ring,150-400km,110,1.0488979733867
usp000g650|ring|150-400km,usp000g650,ring,150-400km,111,0.9655732343024717
usp000g650|ring|150-400km,usp000g650,ring,150-400km,112,1.0025848314126848
usp000g650|ring|150-400km,usp000g650,ring,150-400km,113,1.0638605650537583
usp000g650|ring|150-400km,usp000g650,ring,150-400km,114,0.9715758307015913
usp000g650|ring|150-400km,usp000g650,ring,150-400km,115,1.0962499125013236
usp000g650|ring|150-400km,usp000g650,ring,150-400km,116,1.1428358256033229
usp000g650|ring|150-400km,usp000g650,ring,150-400km,117,1.0571192902061135
usp000g650|ring|150-400km,usp000g650,ring,150-400km,118,1.1111002006465684
usp000g650|ring|150-400km,usp000g650,ring,150-400km,119,1.002416718742207
usp000g650|ring|150-400km,usp000g650,ring,150-400km,120,0.968331662328265
usp000g650|ring|150-400km,usp000g650,ring,150-400km,121,1.049815328350257
usp000g650|ring|150-400km,usp000g650,ring,150-400km,122,1.0450641595389627
usp000g650|ring|150-400km,usp000g650,ring,150-400km,123,1.0415133174634257
usp000g650|ring|150-400km,usp000g650,ring,150-400km,124,0.9868625814694827
usp000g650|ring|150-400km,usp000g650,ring,150-400km,125,1.014086931050375
usp000g650|ring|150-400km,usp000g650,ring,150-400km,126,1.0095774169507503
usp000g650|ring|150-400km,usp000g650,ring,150-400km,127,1.0938173224339112
usp000g650|ring|150-400km,usp000g650,ring,150-400km,128,1.0146558469831595
usp000g650|ring|150-400km,usp000g650,ring,150-400km,129,1.0010508668616835
usp000g650|ring|150-400km,usp000g650,ring,150-400km,130,1.0016923981241561
usp000g650|ring|150-400km,usp000g650,ring,150-400km,131,1.085545787493002
usp000g650|ring|150-400km,usp000g650,ring,150-400km,132,1.0590215160270673
usp000g650|ring|150-400km,usp000g650,ring,150-400km,133,1.042809793790761
usp000g650|ring|150-400km,usp000g650,ring,150-400km,134,1.0368327182474577
usp000g650|ring|150-400km,usp000g650,ring,150-400km,135,1.0321525502523243
usp000g650|ring|150-400km,usp000g650,ring,150-400km,136,1.0622789814357638
usp000g650|ring|150-400km,usp000g650,ring,150-400km,137,1.0181212108312736
usp000g650|ring|150-400km,usp000g650,ring,150-400km,138,1.0531042120255343
usp000g650|ring|150-400km,usp000g650,ring,150-400km,139,1.0262626717509398
usp000g650|ring|150-400km,usp000g650,ring,150-400km,140,1.0214575546601223
usp000g650|ring|150-400km,usp000g650,ring,150-400km,141,1.0381218120737032
usp000g650|ring|150-400km,usp000g650,ring,150-400km,142,1.0720813228177153
usp000g650|ring|150-400km,usp000g650,ring,150-400km,143,1.0821480597258757
usp000g650|ring|150-400km,usp000g650,ring,150-400km,144,1.0391286143878458
usp000g650|ring|150-400km,usp000g650,ring,150-400km,145,1.0192664737629964
usp000g650|ring|150-400km,usp000g650,ring,150-400km,146,1.0222144346884865
usp000g650|ring|150-400km,usp000g650,ring,150-400km,147,1.0618944931459344
usp000g650|ring|150-400km,usp000g650,ring,150-400km,148,1.0651914827984157
usp000g650|ring|150-400km,usp000g650,ring,150-400km,149,1.021873809594587
usp000g650|ring|150-400km,usp000g650,ring,150-400km,150,1.0819498384616428
usp000g650|ring|150-400km,usp000g650,ring,150-400km,151,1.0422905524896324
usp000g650|ring|150-400km,usp000g650,ring,150-400km,152,1.0633352081648153
usp000g650|ring|150-400km,usp000g650,ring,150-400km,153,1.0916706567508347
usp000g650|ring|150-400km,usp000g650,ring,150-400km,154,1.1046391670967983
usp000g650|ring|150-400km,usp000g650,ring,150-400km,155,1.0198234948080867
usp000g650|ring|150-400km,usp000g650,ring,150-400km,156,1.0717964537729985
usp000g650|ring|150-400km,usp000g650,ring,150-400km,157,1.074988585929659
usp000g650|ring|150-400km,usp000g650,ring,150-400km,158,1.0769244302208016
usp000g650|ring|150-400km,usp000g650,ring,150-400km,159,1.1121785401668445
usp000g650|ring|150-400km,usp000g650,ring,150-400km,160,1.0452859768755027
usp000g650|ring|150-400km,usp000g650,ring,150-400km,161,1.093481385941832
usp000g650|ring|150-400km,usp000g650,ring,150-400km,162,1.0803443914294368
usp000g650|ring|150-400km,usp000g650,ring,150-400km,163,0.9892364517255279
usp000g650|ring|150-400km,usp000g650,ring,150-400km,164,1.0326201390014518
usp000g650|ring|150-400km,usp000g650,ring,150-400km,165,1.041460142185807
usp000g650|ring|150-400km,usp000g650,ring,150-400km,166,0.9870284468000755
usp000g650|ring|150-400km,usp000g650,ring,150-400km,167,1.0936818088252132
usp000g650|ring|150-400km,usp000g650,ring,150-400km,168,1.052792171271982
usp000g650|ring|150-400km,usp000g650,ring,150-400km,169,1.0957594610640125
usp000g650|ring|150-400km,usp000g650,ring,150-400km,170,1.0164575078552989
usp000g650|ring|150-400km,usp000g650,ring,150-400km,171,1.0599735536934078
usp000g650|ring|150-400km,usp000g650,ring,150-400km,172,1.1606556864969766
usp000g650|ring|150-400km,usp000g650,ring,150-400km,173,1.0170779971882946
usp000g650|ring|150-400km,usp000g650,ring,150-400km,174,1.0659402852297262
usp000g650|ring|150-400km,usp000g650,ring,150-400km,175,1.0372534204636354
usp000g650|ring|150-400km,usp000g650,ring,150-400km,176,1.0474598542434184
usp000g650|ring|150-400km,usp000g650,ring,150-400km,177,1.0462689463275572
usp000g650|ring|150-400km,usp000g650,ring,150-400km,178,1.1278354481582682
usp000g650|ring|150-400km,usp000g650,ring,150-400km,179,1.0283818204957647
usp000g650|ring|150-400km,usp000g650,ring,150-400km,180,1.03407302625873
usp000g650|ring|150-400km,usp000g650,ring,150-400km,181,1.0770291062055029
usp000g650|ring|150-400km,usp000g650,ring,150-400km,182,1.0952118756639324
usp000g650|ring|150-400km,usp000g650,ring,150-400km,183,1.0840393670275315
usp000g650|ring|150-400km,usp000g650,ring,150-400km,184,1.0473136763943813
usp000g650|ring|150-400km,usp000g650,ring,150-400km,185,1.062244287431087
usp000g650|ring|150-400km,usp000g650,ring,150-400km,186,1.0327512529260703
usp000g650|ring|150-400km,usp000g650,ring,150-400km,187,1.0957243415778815
usp000g650|ring|150-400km,usp000g650,ring,150-400km,188,1.0278498779646614
usp000g650|ring|150-400km,usp000g650,ring,150-400km,189,1.0547376304172862
usp000g650|ring|150-400km,usp000g650,ring,150-400km,190,1.0281554493519443
usp000g650|ring|150-400km,usp000g650,ring,150-400km,191,1.0713597305032976
usp000g650|ring|150-400km,usp000g650,ring,150-400km,192,1.0016176333682922
usp000g650|ring|150-400km,usp000g650,ring,150-400km,193,1.0391595400917932
usp000g650|ring|150-400km,usp000g650,ring,150-400km,194,1.081483168859635
usp000g650|ring|150-400km,usp000g650,ring,150-400km,195,1.0870514590970295
usp000g650|ring|150-400km,usp000g650,ring,150-400km,196,1.06893932635421
usp000g650|ring|150-400km,usp000g650,ring,150-400km,197,1.0037435594624033
usp000g650|ring|150-400km,usp000g650,ring,150-400km,198,1.0413676671960137
usp000g650|ring|150-400km,usp000g650,ring,150-400km,199,1.0683007193094731
usp000gdw4|mainshock|all,usp000gdw4,mainshock,all,0,0.7633231273207293
usp000gdw4|mainshock|all,usp000gdw4,mainshock,all,1,0.8758285935178943
usp000gdw4|mainshock|all,usp000gdw4,mainshock,all,2,0.6492474183655179
usp000gdw4|mainshock|all,usp000gdw4,mainshock,all,3,0.810175991267709
usp000gdw4|mainshock|all,usp000gdw4,mainshock,all,4,0.7014828626218358
usp000gdw4|mainshock|all,usp000gdw4,mainshock,all,5,0.7065670770599801
usp000gdw4|mainshock|all,usp000gdw4,mainshock,all,6,0.8710733553748615
usp000gdw4|mainshock|all,usp000gdw4,mainshock,all,7,0.7422263881595907
usp000gdw4|mainshock|all,usp000gdw4,mainshock,all,8,0.44538615099927215
usp000gdw4|mainshock|all,usp000gdw4,mainshock,all,9,0.7814463371191641
usp000gdw4|mainshock|all,usp000gdw4,mainshock,all,10,0.8438285197639485
usp000gdw4|mainshock|all,usp000gdw4,mainshock,all,11,0.9327009861029021
usp000gdw4|mainshock|all,usp000gdw4,mainshock,all,12,0.8572882095044309
usp000gdw4|mainshock|all,usp000gdw4,mainshock,all,13,0.8109647808954674
usp000gdw4|mainshock|all,usp000gdw4,mainshock,all,14,0.6790002260436286
usp000gdw4|mainshock|all,usp000gdw4,mainshock,all,15,0.600544280371767
usp000gdw4|mainshock|all,usp000gdw4,mainshock,all,16,0.7916488724205051
usp000gdw4|mainshock|all,usp000gdw4,mainshock,all,17,0.8004715790862881
usp000gdw4|mainshock|all,usp000gdw4,mainshock,all,18,0.6904324101480428
usp000gdw4|mainshock|all,usp000gdw4,mainshock,all,19,0.8551113213854947
usp000gdw4|mainshock|all,usp000gdw4,mainshock,all,20,0.645660048605227
usp000gdw4|mainshock|all,usp000gdw4,mainshock,all,21,0.7754894141460982
usp000gdw4|mainshock|all,usp000gdw4,mainshock,all,22,0.46543519575801945
usp000gdw4|mainshock|all,usp000gdw4,mainshock,all,23,0.8932928240805212
usp000gdw4|mainshock|all,usp000gdw4,mainshock,all,24,0.6758783988960023
usp000gdw4|mainshock|all,usp000gdw4,mainshock,all,25,0.7648478651450212
usp000gdw4|mainshock|all,usp000gdw4,mainshock,all,26,0.853308527446142
usp000gdw4|mainshock|all,usp000gdw4,mainshock,all,27,0.9046618869989888
usp000gdw4|mainshock|all,usp000gdw4,mainshock,all,28,0.8960562797035613
usp000gdw4|mainshock|all,usp000gdw4,mainshock,all,29,0.8190293140484725
usp000gdw4|mainshock|all,usp000gdw4,mainshock,all,30,0.5131621840804811
usp000gdw4|mainshock|all,usp000gdw4,mainshock,all,31,0.8754262530625977
usp000gdw4|mainshock|all,usp000gdw4,mainshock,all,32,0.8725586582227512
usp000gdw4|mainshock|all,usp000gdw4,mainshock,all,33,0.6967975741856187
usp000gdw4|mainshock|all,usp000gdw4,mainshock,all,34,0.8278214542894863
usp000gdw4|mainshock|all,usp000gdw4,mainshock,all,35,0.8564454226147744
usp000gdw4|mainshock|all,usp000gdw4,mainshock,all,36,0.6998769143571014
usp000gdw4|mainshock|all,usp000gdw4,mainshock,all,37,0.8836957349739449
usp000gdw4|mainshock|all,usp000gdw4,mainshock,all,38,0.9421645055232392
usp000gdw4|mainshock|all,usp000gdw4,mainshock,all,39,0.8551541133303145
usp000gdw4|mainshock|all,usp000gdw4,mainshock,all,40,0.7712194862909094
usp000gdw4|mainshock|all,usp000gdw4,mainshock,all,41,0.7104520716975578
usp000gdw4|mainshock|all,usp000gdw4,mainshock,all,42,0.7838551849890907
usp000gdw4|mainshock|all,usp000gdw4,mainshock,all,43,0.8776631875596169
usp000gdw4|mainshock|all,usp000gdw4,mainshock,all,44,0.694171568865613
usp000gdw4|mainshock|all,usp000gdw4,mainshock,all,45,0.8581716238441679
usp000gdw4|mainshock|all,usp000gdw4,mainshock,all,46,0.653737027555312
usp000gdw4|mainshock|all,usp000gdw4,mainshock,all,47,0.8065856229581414
usp000gdw4|mainshock|all,usp000gdw4,mainshock,all,48,0.8639944454497185
usp000gdw4|mainshock|all,usp000gdw4,mainshock,all,49,0.7225901107989552
usp000gdw4|mainshock|all,usp000gdw4,mainshock,all,50,0.7673776979440704
usp000gdw4|mainshock|all,usp000gdw4,mainshock,all,51,0.6932990625673066
usp000gdw4|mainshock|all,usp000gdw4,mainshock,all,52,0.7189272098838445
usp000gdw4|mainshock|all,usp000gdw4,mainshock,all,53,0.8699749991903276
usp000gdw4|mainshock|all,usp000gdw4,mainshock,all,54,0.8231401926881966
usp000gdw4|mainshock|all,usp000gdw4,mainshock,all,55,0.7421774430086585
usp000gdw4|mainshock|all,usp000gdw4,mainshock,all,56,0.5299044347404628
usp000gdw4|mainshock|all,usp000gdw4,mainshock,all,57,0.8004669850583331
usp000gdw4|mainshock|all,usp000gdw4,mainshock,all,58,0.8523991100144338
usp000gdw4|mainshock|all,usp000gdw4,mainshock,all,59,0.8382697865661156
usp000gdw4|mainshock|all,usp000gdw4,mainshock,all,60,0.6005949538647044
usp000gdw4|mainshock|all,usp000gdw4,mainshock,all,61,0.7346957738390878
usp000gdw4|mainshock|all,usp000gdw4,mainshock,all,62,0.709407808282968
usp000gdw4|mainshock|all,usp000gdw4,mainshock,all,63,0.7553333008531613
usp000gdw4|mainshock|all,usp000gdw4,mainshock,all,64,0.7127849275306809
usp000gdw4|mainshock|all,usp000gdw4,mainshock,all,65,0.77360657422839
usp000gdw4|mainshock|all,usp000gdw4,mainshock,all,66,0.6015680293927359
usp000gdw4|mainshock|all,usp000gdw4,mainshock,all,67,0.8311052738522194
usp000gdw4|mainshock|all,usp000gdw4,mainshock,all,68,0.7471142210033592
usp000gdw4|mainshock|all,usp000gdw4,mainshock,all,69,0.934891750399088
usp000gdw4|mainshock|all,usp000gdw4,mainshock,all,70,0.685778010255052
usp000gdw4|mainshock|all,usp000gdw4,mainshock,all,71,0.7881883525066313
usp000gdw4|mainshock|all,usp000gdw4,mainshock,all,72,0.8273634286724143
usp000gdw4|mainshock|all,usp000gdw4,mainshock,all,73,0.6159196348145346
usp000gdw4|mainshock|all,usp000gdw4,mainshock,all,74,0.7610925673177709
usp000gdw4|mainshock|all,usp000gdw4,mainshock,all,75,0.8474406275633855
usp000gdw4|mainshock|all,usp000gdw4,mainshock,all,76,0.9443277522356809
usp000gdw4|mainshock|all,usp000gdw4,mainshock,all,77,0.7883035449142239
usp000gdw4|mainshock|all,usp000gdw4,mainshock,all,78,0.9216847156384115
usp000gdw4|mainshock|all,usp000gdw4,mainshock,all,79,0.6868435160477684
usp000gdw4|mainshock|all,usp000gdw4,mainshock,all,80,0.5989054265491977
usp000gdw4|mainshock|all,usp000gdw4,mainshock,all,81,0.7326664304733266
usp000gdw4|mainshock|all,usp000gdw4,mainshock,all,82,0.7807882353658451
usp000gdw4|mainshock|all,usp000gdw4,mainshock,all,83,0.6600757355807679
usp000gdw4|mainshock|all,usp000gdw4,mainshock,all,84,0.8358672333361654
usp000gdw4|mainshock|all,usp000gdw4,mainshock,all,85,0.6488875738948476
usp000gdw4|mainshock|all,usp000gdw4,mainshock,all,86,0.8982595460978219
usp000gdw4|mainshock|all,usp000gdw4,mainshock,all,87,0.7680352777242168
usp000gdw4|mainshock|all,usp000gdw4,mainshock,all,88,0.8126338532338083
usp000gdw4|mainshock|all,usp000gdw4,mainshock,all,89,0.8059069740178579
usp000gdw4|mainshock|all,usp000gdw4,mainshock,all,90,0.7257481987931904
usp000gdw4|mainshock|all,usp000gdw4,mainshock,all,91,0.7685473148473545
usp000gdw4|mainshock|all,usp000gdw4,mainshock,all,92,0.744062741014742
usp000gdw4|mainshock|all,usp000gdw4,mainshock,all,93,0.6158027808619938
usp000gdw4|mainshock|all,usp000gdw4,mainshock,all,94,0.7732408033059202
usp000gdw4|mainshock|all,usp000gdw4,mainshock,all,95,0.7166739083772011
usp000gdw4|mainshock|all,usp000gdw4,mainshock,all,96,0.8565364773493787
usp000gdw4|mainshock|all,usp000gdw4,mainshock,all,97,0.6472547935527452
usp000gdw4|mainshock|all,usp000gdw4,mainshock,all,98,0.876858120806245
usp000gdw4|mainshock|all,usp000gdw4,mainshock,all,99,0.7355771756246015
usp000gdw4|mainshock|all,usp000gdw4,mainshock,all,100,0.5884801974836462
usp000gdw4|mainshock|all,usp000gdw4,mainshock,all,101,0.7270256311108887
usp000gdw4|mainshock|all,usp000gdw4,mainshock,all,102,0.6436257644903972
usp000gdw4|mainshock|all,usp000gdw4,mainshock,all,103,0.7635429382938901
usp000gdw4|mainshock|all,usp000gdw4,mainshock,all,104,0.7799925890147308
usp000gdw4|mainshock|all,usp000gdw4,mainshock,all,105,0.8024384425570036
usp000gdw4|mainshock|all,usp000gdw4,mainshock,all,106,0.605158803084083
usp000gdw4|mainshock|all,usp000gdw4,mainshock,all,107,0.7862233505166494
usp000gdw4|mainshock|all,usp000gdw4,mainshock,all,108,0.5278787651557754
usp000gdw4|mainshock|all,usp000gdw4,mainshock,all,109,0.751738900264821
usp000gdw4|mainshock|all,usp000gdw4,mainshock,all,110,0.8840809268262336
usp000gdw4|mainshock|all,usp000gdw4,mainshock,all,111,0.7884231090162926
usp000gdw4|mainshock|all,usp000gdw4,mainshock,all,112,0.6447266701554286
usp000gdw4|mainshock|all,usp000gdw4,mainshock,all,113,0.8039977087493793
usp000gdw4|mainshock|all,usp000gdw4,mainshock,all,114,0.6220308752422422
usp000gdw4|mainshock|all,usp000gdw4,mainshock,all,115,0.6180886372224058
usp000gdw4|mainshock|all,usp000gdw4,mainshock,all,116,0.8335982572365424
usp000gdw4|mainshock|all,usp000gdw4,mainshock,all,117,0.807495475509594
usp000gdw4|mainshock|all,usp000gdw4,mainshock,all,118,0.951991093720122
usp000gdw4|mainshock|all,usp000gdw4,mainshock,all,119,0.7416778030306
usp000gdw4|mainshock|all,usp000gdw4,mainshock,all,120,0.8344728972843665
usp000gdw4|mainshock|all,usp000gdw4,mainshock,all,121,0.8049807379442908
usp000gdw4|mainshock|all,usp000gdw4,mainshock,all,122,0.6092489095330171
usp000gdw4|mainshock|all,usp000gdw4,mainshock,all,123,0.7875615827401775
usp000gdw4|mainshock|all,usp000gdw4,mainshock,all,124,0.8871731629729686
usp000gdw4|mainshock|all,usp000gdw4,mainshock,all,125,0.6240487825268548
usp000gdw4|mainshock|all,usp000gdw4,mainshock,all,126,0.7468129849045222
usp000gdw4|mainshock|all,usp000gdw4,mainshock,all,127,0.6330322821816116
usp000gdw4|mainshock|all,usp000gdw4,mainshock,all,128,0.774731179575088
usp000gdw4|mainshock|all,usp000gdw4,mainshock,all,129,0.9905957529513421
usp000gdw4|mainshock|all,usp000gdw4,mainshock,all,130,0.8289092844142888
usp000gdw4|mainshock|all,usp000gdw4,mainshock,all,131,0.781969719841422
usp000gdw4|mainshock|all,usp000gdw4,mainshock,all,132,0.5870054149209006
usp000gdw4|mainshock|all,usp000gdw4,mainshock,all,133,0.5905363933193034
usp000gdw4|mainshock|all,usp000gdw4,mainshock,all,134,0.6325443698148785
usp000gdw4|mainshock|all,usp000gdw4,mainshock,all,135,0.712212812449365
usp000gdw4|mainshock|all,usp000gdw4,mainshock,all,136,0.8068074298615554
usp000gdw4|mainshock|all,usp000gdw4,mainshock,all,137,0.7794705761238081
usp000gdw4|mainshock|all,usp000gdw4,mainshock,all,138,0.8119127432867135
usp000gdw4|mainshock|all,usp000gdw4,mainshock,all,139,0.7619094795242098
usp000gdw4|mainshock|all,usp000gdw4,mainshock,all,140,0.6699329324042252
usp000gdw4|mainshock|all,usp000gdw4,mainshock,all,141,0.5749799610491998
usp000gdw4|mainshock|all,usp000gdw4,mainshock,all,142,0.8086159723319548
usp000gdw4|mainshock|all,usp000gdw4,mainshock,all,143,0.7580661451764079
usp000gdw4|mainshock|all,usp000gdw4,mainshock,all,144,0.7777292301096479
usp000gdw4|mainshock|all,usp000gdw4,mainshock,all,145,0.6091172628003252
usp000gdw4|mainshock|all,usp000gdw4,mainshock,all,146,0.8002339752873121
usp000gdw4|mainshock|all,usp000gdw4,mainshock,all,147,0.7478764647547566
usp000gdw4|mainshock|all,usp000gdw4,mainshock,all,148,0.7778653450127205
usp000gdw4|mainshock|all,usp000gdw4,mainshock,all,149,0.8489475613970788
usp000gdw4|mainshock|all,usp000gdw4,mainshock,all,150,0.6762219598003669
usp000gdw4|mainshock|all,usp000gdw4,mainshock,all,151,0.7034423520275498
usp000gdw4|mainshock|all,usp000gdw4,mainshock,all,152,0.8663850416078299
usp000gdw4|mainshock|all,usp000gdw4,mainshock,all,153,0.8000676323427827
usp000gdw4|mainshock|all,usp000gdw4,mainshock,all,154,0.7183373165772371
usp000gdw4|mainshock|all,usp000gdw4,mainshock,all,155,0.8535592221457541
usp000gdw4|mainshock|all,usp000gdw4,mainshock,all,156,0.791210335442955
usp000gdw4|mainshock|all,usp000gdw4,mainshock,all,157,0.858152238895581
usp000gdw4|mainshock|all,usp000gdw4,mainshock,all,158,0.8097197016588454
usp000gdw4|mainshock|all,usp000gdw4,mainshock,all,159,0.8575581587213486
usp000gdw4|mainshock|all,usp000gdw4,mainshock,all,160,0.8614515172322549
usp000gdw4|mainshock|all,usp000gdw4,mainshock,all,161,0.7483504840170916
usp000gdw4|mainshock|all,usp000gdw4,mainshock,all,162,0.7977811036148836
usp000gdw4|mainshock|all,usp000gdw4,mainshock,all,163,0.8043267752252476
usp000gdw4|mainshock|all,usp000gdw4,mainshock,all,164,0.7980626815657432
usp000gdw4|mainshock|all,usp000gdw4,mainshock,all,165,0.9444754947632897
usp000gdw4|mainshock|all,usp000gdw4,mainshock,all,166,0.6861277621448361
usp000gdw4|mainshock|all,usp000gdw4,mainshock,all,167,0.7855873836989058
usp000gdw4|mainshock|all,usp000gdw4,mainshock,all,168,0.9665015760937572
usp000gdw4|mainshock|all,usp000gdw4,mainshock,all,169,0.7503796960667051
usp000gdw4|mainshock|all,usp000gdw4,mainshock,all,170,0.8940343950806989
usp000gdw4|mainshock|all,usp000gdw4,mainshock,all,171,0.7450221217695985
usp000gdw4|mainshock|all,usp000gdw4,mainshock,all,172,0.657825016968599
usp000gdw4|mainshock|all,usp000gdw4,mainshock,all,173,0.7125612814350304
usp000gdw4|mainshock|all,usp000gdw4,mainshock,all,174,0.5958694343738331
usp000gdw4|mainshock|all,usp000gdw4,mainshock,all,175,0.8326597398729174
usp000gdw4|mainshock|all,usp000gdw4,mainshock,all,176,0.7633170874084779
usp000gdw4|mainshock|all,usp000gdw4,mainshock,all,177,0.714837415777495
usp000gdw4|mainshock|all,usp000gdw4,mainshock,all,178,0.8615155869841965
usp000gdw4|mainshock|all,usp000gdw4,mainshock,all,179,0.8254321000591598
usp000gdw4|mainshock|all,usp000gdw4,mainshock,all,180,0.5792815897855796
usp000gdw4|mainshock|all,usp000gdw4,mainshock,all,181,0.5666688311529263
usp000gdw4|mainshock|all,usp000gdw4,mainshock,all,182,0.5910936261716541
usp000gdw4|mainshock|all,usp000gdw4,mainshock,all,183,0.9976458409371131
usp000gdw4|mainshock|all,usp000gdw4,mainshock,all,184,0.7702730476533517
usp000gdw4|mainshock|all,usp000gdw4,mainshock,all,185,0.7494449670377249
usp000gdw4|mainshock|all,usp000gdw4,mainshock,all,186,0.5328357984159775
usp000gdw4|mainshock|all,usp000gdw4,mainshock,all,187,0.9061922719060524
usp000gdw4|mainshock|all,usp000gdw4,mainshock,all,188,0.7774307202034888
usp000gdw4|mainshock|all,usp000gdw4,mainshock,all,189,0.7521688183288185
usp000gdw4|mainshock|all,usp000gdw4,mainshock,all,190,0.8521290854699277
usp000gdw4|mainshock|all,usp000gdw4,mainshock,all,191,0.7876534525637708
usp000gdw4|mainshock|all,usp000gdw4,mainshock,all,192,0.8119873011672178
usp000gdw4|mainshock|all,usp000gdw4,mainshock,all,193,0.8719369950094322
usp000gdw4|mainshock|all,usp000gdw4,mainshock,all,194,0.8851307437245052
usp000gdw4|mainshock|all,usp000gdw4,mainshock,all,195,0.5504923547854655
usp000gdw4|mainshock|all,usp000gdw4,mainshock,all,196,0.6081334245353486
usp000gdw4|mainshock|all,usp000gdw4,mainshock,all,197,0.7953167439160971
usp000gdw4|mainshock|all,usp000gdw4,mainshock,all,198,0.9150573807676947
usp000gdw4|mainshock|all,usp000gdw4,mainshock,all,199,0.8587925796350778
usp000gdw4|depth|all_depth,usp000gdw4,depth,all_depth,0,0.8433134896621512
usp000gdw4|depth|all_depth,usp000gdw4,depth,all_depth,1,0.7652398655310991
usp000gdw4|depth|all_depth,usp000gdw4,depth,all_depth,2,0.5228002668314177
usp000gdw4|depth|all_depth,usp000gdw4,depth,all_depth,3,0.7832361042390202
usp000gdw4|depth|all_depth,usp000gdw4,depth,all_depth,4,0.8289964103853432
usp000gdw4|depth|all_depth,usp000gdw4,depth,all_depth,5,0.8024554377572568
usp000gdw4|depth|all_depth,usp000gdw4,depth,all_depth,6,0.8147491309149965
usp000gdw4|depth|all_depth,usp000gdw4,depth,all_depth,7,0.9224166086177338
usp000gdw4|depth|all_depth,usp000gdw4,depth,all_depth,8,0.7132945720366444
usp000gdw4|depth|all_depth,usp000gdw4,depth,all_depth,9,0.8365160851318004
usp000gdw4|depth|all_depth,usp000gdw4,depth,all_depth,10,0.6003463277999423
usp000gdw4|depth|all_depth,usp000gdw4,depth,all_depth,11,0.7785093812108249
usp000gdw4|depth|all_depth,usp000gdw4,depth,all_depth,12,0.7809650602529673
usp000gdw4|depth|all_depth,usp000gdw4,depth,all_depth,13,0.5345807256744864
usp000gdw4|depth|all_depth,usp000gdw4,depth,all_depth,14,0.7078593680871758
usp000gdw4|depth|all_depth,usp000gdw4,depth,all_depth,15,0.7320501888651311
usp000gdw4|depth|all_depth,usp000gdw4,depth,all_depth,16,0.8271800920180147
usp000gdw4|depth|all_depth,usp000gdw4,depth,all_depth,17,0.7632877688046177
usp000gdw4|depth|all_depth,usp000gdw4,depth,all_depth,18,0.6635894486863193
usp000gdw4|depth|all_depth,usp000gdw4,depth,all_depth,19,0.8551213811429712
usp000gdw4|depth|all_depth,usp000gdw4,depth,all_depth,20,0.883759192426135
usp000gdw4|depth|all_depth,usp000gdw4,depth,all_depth,21,0.8642414921302237
usp000gdw4|depth|all_depth,usp000gdw4,depth,all_depth,22,0.7039174619491076
usp000gdw4|depth|all_depth,usp000gdw4,depth,all_depth,23,0.6696974256508827
usp000gdw4|depth|all_depth,usp000gdw4,depth,all_depth,24,0.6664199305119449
usp000gdw4|depth|all_depth,usp000gdw4,depth,all_depth,25,0.7290010631416464
usp000gdw4|depth|all_depth,usp000gdw4,depth,all_depth,26,0.888347060353435
usp000gdw4|depth|all_depth,usp000gdw4,depth,all_depth,27,0.6056638457064469
usp000gdw4|depth|all_depth,usp000gdw4,depth,all_depth,28,0.7785651819545978
usp000gdw4|depth|all_depth,usp000gdw4,depth,all_depth,29,0.6118337448517819
usp000gdw4|depth|all_depth,usp000gdw4,depth,all_depth,30,0.9662534489399459
usp000gdw4|depth|all_depth,usp000gdw4,depth,all_depth,31,0.7321910005812
usp000gdw4|depth|all_depth,usp000gdw4,depth,all_depth,32,0.8161456964775307
usp000gdw4|depth|all_depth,usp000gdw4,depth,all_depth,33,0.7437736225274856
usp000gdw4|depth|all_depth,usp000gdw4,depth,all_depth,34,0.7262815227509387
usp000gdw4|depth|all_depth,usp000gdw4,depth,all_depth,35,0.891371135104646
usp000gdw4|depth|all_depth,usp000gdw4,depth,all_depth,36,0.7660569860838561
usp000gdw4|depth|all_depth,usp000gdw4,depth,all_depth,37,0.684037303974712
usp000gdw4|depth|all_depth,usp000gdw4,depth,all_depth,38,0.5605486666584628
usp000gdw4|depth|all_depth,usp000gdw4,depth,all_depth,39,0.6185223313599577
usp000gdw4|depth|all_depth,usp000gdw4,depth,all_depth,40,0.7286525534094637
usp000gdw4|depth|all_depth,usp000gdw4,depth,all_depth,41,0.6220970875009282
usp000gdw4|depth|all_depth,usp000gdw4,depth,all_depth,42,0.9410982430121064
usp000gdw4|depth|all_depth,usp000gdw4,depth,all_depth,43,0.6784540273900698
usp000gdw4|depth|all_depth,usp000gdw4,depth,all_depth,44,0.7589080799219576
usp000gdw4|depth|all_depth,usp000gdw4,depth,all_depth,45,0.7033876072327961
usp000gdw4|depth|all_depth,usp000gdw4,depth,all_depth,46,0.8182428002159018
usp000gdw4|depth|all_depth,usp000gdw4,depth,all_depth,47,0.6869226119831277
usp000gdw4|depth|all_depth,usp000gdw4,depth,all_depth,48,0.9507903344911072
usp000gdw4|depth|all_depth,usp000gdw4,depth,all_depth,49,0.5701887740677498
usp000gdw4|depth|all_depth,usp000gdw4,depth,all_depth,50,0.6528954193630535
usp000gdw4|depth|all_depth,usp000gdw4,depth,all_depth,51,0.6308150520611442
usp000gdw4|depth|all_depth,usp000gdw4,depth,all_depth,52,0.7975594745934812
usp000gdw4|depth|all_depth,usp000gdw4,depth,all_depth,53,0.6230601345562824
usp000gdw4|depth|all_depth,usp000gdw4,depth,all_depth,54,0.8431406287714023
usp000gdw4|depth|all_depth,usp000gdw4,depth,all_depth,55,0.8633336541924752
usp000gdw4|depth|all_depth,usp000gdw4,depth,all_depth,56,0.6622163693645318
usp000gdw4|depth|all_depth,usp000gdw4,depth,all_depth,57,0.7705181549409944
usp000gdw4|depth|all_depth,usp000gdw4,depth,all_depth,58,0.5696151733990253
usp000gdw4|depth|all_depth,usp000gdw4,depth,all_depth,59,0.7425552319162668
usp000gdw4|depth|all_depth,usp000gdw4,depth,all_depth,60,0.7976836081999362
usp000gdw4|depth|all_depth,usp000gdw4,depth,all_depth,61,0.6100790446321734
usp000gdw4|depth|all_depth,usp000gdw4,depth,all_depth,62,0.7306541429345268
usp000gdw4|depth|all_depth,usp000gdw4,depth,all_depth,63,0.7275707677773914
usp000gdw4|depth|all_depth,usp000gdw4,depth,all_depth,64,0.8000062043197943
usp000gdw4|depth|all_depth,usp000gdw4,depth,all_depth,65,0.6846130670633764
usp000gdw4|depth|all_depth,usp000gdw4,depth,all_depth,66,0.8630417409804263
usp000gdw4|depth|all_depth,usp000gdw4,depth,all_depth,67,0.5100419523282981
usp000gdw4|depth|all_depth,usp000gdw4,depth,all_depth,68,0.7960998712746065
usp000gdw4|depth|all_depth,usp000gdw4,depth,all_depth,69,0.8598236983135138
usp000gdw4|depth|all_depth,usp000gdw4,depth,all_depth,70,0.8934758769771152
usp000gdw4|depth|all_depth,usp000gdw4,depth,all_depth,71,0.8737432775460535
usp000gdw4|depth|all_depth,usp000gdw4,depth,all_depth,72,1.003154060076182
usp000gdw4|depth|all_depth,usp000gdw4,depth,all_depth,73,0.8224136615757166
usp000gdw4|depth|all_depth,usp000gdw4,depth,all_depth,74,0.7370700403162932
usp000gdw4|depth|all_depth,usp000gdw4,depth,all_depth,75,0.8982490824200969
usp000gdw4|depth|all_depth,usp000gdw4,depth,all_depth,76,0.7363275382488195
usp000gdw4|depth|all_depth,usp000gdw4,depth,all_depth,77,0.9816353570590656
usp000gdw4|depth|all_depth,usp000gdw4,depth,all_depth,78,0.6169768089685699
usp000gdw4|depth|all_depth,usp000gdw4,depth,all_depth,79,0.8342986051726892
usp000gdw4|depth|all_depth,usp000gdw4,depth,all_depth,80,0.6687332665989787
usp000gdw4|depth|all_depth,usp000gdw4,depth,all_depth,81,0.9311557442787677
usp000gdw4|depth|all_depth,usp000gdw4,depth,all_depth,82,0.7699783587848338
usp000gdw4|depth|all_depth,usp000gdw4,depth,all_depth,83,0.7731665627513465
usp000gdw4|depth|all_depth,usp000gdw4,depth,all_depth,84,0.7954099543328278
usp000gdw4|depth|all_depth,usp000gdw4,depth,all_depth,85,0.6917043219667665
usp000gdw4|depth|all_depth,usp000gdw4,depth,all_depth,86,0.7399143781045174
usp000gdw4|depth|all_depth,usp000gdw4,depth,all_depth,87,0.8186718470122637
usp000gdw4|depth|all_depth,usp000gdw4,depth,all_depth,88,0.5996116358196546
usp000gdw4|depth|all_depth,usp000gdw4,depth,all_depth,89,0.7735590322833453
usp000gdw4|depth|all_depth,usp000gdw4,depth,all_depth,90,0.9128954888259375
usp000gdw4|depth|all_depth,usp000gdw4,depth,all_depth,91,0.8325160478337135
usp000gdw4|depth|all_depth,usp000gdw4,depth,all_depth,92,0.8516332801530339
usp000gdw4|depth|all_depth,usp000gdw4,depth,all_depth,93,0.7123627258629556
usp000gdw4|depth|all_depth,usp000gdw4,depth,all_depth,94,0.7619309355877005
usp000gdw4|depth|all_depth,usp000gdw4,depth,all_depth,95,0.6472886756694913
usp000gdw4|depth|all_depth,usp000gdw4,depth,all_depth,96,0.6766197340588735
usp000gdw4|depth|all_depth,usp000gdw4,depth,all_depth,97,0.8528292042321243
usp000gdw4|depth|all_depth,usp000gdw4,depth,all_depth,98,0.7025899252262505
usp000gdw4|depth|all_depth,usp000gdw4,depth,all_depth,99,0.8343492029475681
usp000gdw4|depth|all_depth,usp000gdw4,depth,all_depth,100,0.7173065613559882
usp000gdw4|depth|all_depth,usp000gdw4,depth,all_depth,101,0.8023903127402998
usp000gdw4|depth|all_depth,usp000gdw4,depth,all_depth,102,0.8678809904866367
usp000gdw4|depth|all_depth,usp000gdw4,depth,all_depth,103,0.8039175067555135
usp000gdw4|depth|all_depth,usp000gdw4,depth,all_depth,104,0.7018201425753544
usp000gdw4|depth|all_depth,usp000gdw4,depth,all_depth,105,0.7995203701408443
usp000gdw4|depth|all_depth,usp000gdw4,depth,all_depth,106,0.8518200565123452
usp000gdw4|depth|all_depth,usp000gdw4,depth,all_depth,107,0.8950097162893601
usp000gdw4|depth|all_depth,usp000gdw4,depth,all_depth,108,0.8046310059767214
usp000gdw4|depth|all_depth,usp000gdw4,depth,all_depth,109,0.7899456026177055
usp000gdw4|depth|all_depth,usp000gdw4,depth,all_depth,110,0.7793491603153069
usp000gdw4|depth|all_depth,usp000gdw4,depth,all_depth,111,0.5779909100393003
usp000gdw4|depth|all_depth,usp000gdw4,depth,all_depth,112,0.7825365698583249
usp000gdw4|depth|all_depth,usp000gdw4,depth,all_depth,113,0.767719259038759
usp000gdw4|depth|all_depth,usp000gdw4,depth,all_depth,114,0.8359134359220513
usp000gdw4|depth|all_depth,usp000gdw4,depth,all_depth,115,0.7514770168768269
usp000gdw4|depth|all_depth,usp000gdw4,depth,all_depth,116,0.7124923525789232
usp000gdw4|depth|all_depth,usp000gdw4,depth,all_depth,117,0.7549608436829698
usp000gdw4|depth|all_depth,usp000gdw4,depth,all_depth,118,0.697370654556664
usp000gdw4|depth|all_depth,usp000gdw4,depth,all_depth,119,0.847942611025468
usp000gdw4|depth|all_depth,usp000gdw4,depth,all_depth,120,0.8246715887747192
usp000gdw4|depth|all_depth,usp000gdw4,depth,all_depth,121,0.8698870014983051
usp000gdw4|depth|all_depth,usp000gdw4,depth,all_depth,122,0.7515900818206336
usp000gdw4|depth|all_depth,usp000gdw4,depth,all_depth,123,0.7943986957366324
usp000gdw4|depth|all_depth,usp000gdw4,depth,all_depth,124,0.7140325039684575
usp000gdw4|depth|all_depth,usp000gdw4,depth,all_depth,125,0.7223793346789424
usp000gdw4|depth|all_depth,usp000gdw4,depth,all_depth,126,0.7263064818757559
usp000gdw4|depth|all_depth,usp000gdw4,depth,all_depth,127,0.6370852031011812
usp000gdw4|depth|all_depth,usp000gdw4,depth,all_depth,128,0.6636814265154839
usp000gdw4|depth|all_depth,usp000gdw4,depth,all_depth,129,0.800165529539564
usp000gdw4|depth|all_depth,usp000gdw4,depth,all_depth,130,0.8081765119350726
usp000gdw4|depth|all_depth,usp000gdw4,depth,all_depth,131,0.7864529814189024
usp000gdw4|depth|all_depth,usp000gdw4,depth,all_depth,132,0.9221148968807155
usp000gdw4|depth|all_depth,usp000gdw4,depth,all_depth,133,0.8460912910221952
usp000gdw4|depth|all_depth,usp000gdw4,depth,all_depth,134,0.7165471790845542
usp000gdw4|depth|all_depth,usp000gdw4,depth,all_depth,135,0.7473687665293989
usp000gdw4|depth|all_depth,usp000gdw4,depth,all_depth,136,0.9533349156324478
usp000gdw4|depth|all_depth,usp000gdw4,depth,all_depth,137,0.702137969037844
usp000gdw4|depth|all_depth,usp000gdw4,depth,all_depth,138,0.5944781443855206
usp000gdw4|depth|all_depth,usp000gdw4,depth,all_depth,139,0.5783701006567235
usp000gdw4|depth|all_depth,usp000gdw4,depth,all_depth,140,0.7747385930999595
usp000gdw4|depth|all_depth,usp000gdw4,depth,all_depth,141,0.5402187901779085
usp000gdw4|depth|all_depth,usp000gdw4,depth,all_depth,142,0.7157016009160614
usp000gdw4|depth|all_depth,usp000gdw4,depth,all_depth,143,0.6518244004471763
usp000gdw4|depth|all_depth,usp000gdw4,depth,all_depth,144,0.6957667367151457
usp000gdw4|depth|all_depth,usp000gdw4,depth,all_depth,145,0.8621953988400258
usp000gdw4|depth|all_depth,usp000gdw4,depth,all_depth,146,0.8010985848560814
usp000gdw4|depth|all_depth,usp000gdw4,depth,all_depth,147,0.9627337334310156
usp000gdw4|depth|all_depth,usp000gdw4,depth,all_depth,148,0.8250204044175333
usp000gdw4|depth|all_depth,usp000gdw4,depth,all_depth,149,0.8243943722660001
usp000gdw4|depth|all_depth,usp000gdw4,depth,all_depth,150,0.7175543280325888
usp000gdw4|depth|all_depth,usp000gdw4,depth,all_depth,151,0.574589004433004
usp000gdw4|depth|all_depth,usp000gdw4,depth,all_depth,152,0.8726395718083383
usp000gdw4|depth|all_depth,usp000gdw4,depth,all_depth,153,0.6429964997706847
usp000gdw4|depth|all_depth,usp000gdw4,depth,all_depth,154,0.6591173379142276
usp000gdw4|depth|all_depth,usp000gdw4,depth,all_depth,155,0.7456820742679487
usp000gdw4|depth|all_depth,usp000gdw4,depth,all_depth,156,0.5463563488693302
usp000gdw4|depth|all_depth,usp000gdw4,depth,all_depth,157,0.6596567354723315
usp000gdw4|depth|all_depth,usp000gdw4,depth,all_depth,158,0.8740587421606716
usp000gdw4|depth|all_depth,usp000gdw4,depth,all_depth,159,0.6369600726084904
usp000gdw4|depth|all_depth,usp000gdw4,depth,all_depth,160,0.7773058787939122
usp000gdw4|depth|all_depth,usp000gdw4,depth,all_depth,161,0.7098095732040808
usp000gdw4|depth|all_depth,usp000gdw4,depth,all_depth,162,0.5590261403195
usp000gdw4|depth|all_depth,usp000gdw4,depth,all_depth,163,0.8022731292202335
usp000gdw4|depth|all_depth,usp000gdw4,depth,all_depth,164,0.7394427439606698
usp000gdw4|depth|all_depth,usp000gdw4,depth,all_depth,165,0.5879994932690298
usp000gdw4|depth|all_depth,usp000gdw4,depth,all_depth,166,0.7367172006760289
usp000gdw4|depth|all_depth,usp000gdw4,depth,all_depth,167,0.7296629683006401
usp000gdw4|depth|all_depth,usp000gdw4,depth,all_depth,168,0.6741097213740432
usp000gdw4|depth|all_depth,usp000gdw4,depth,all_depth,169,0.582439121030375
usp000gdw4|depth|all_depth,usp000gdw4,depth,all_depth,170,0.6913195832262169
usp000gdw4|depth|all_depth,usp000gdw4,depth,all_depth,171,0.8614188585247601
usp000gdw4|depth|all_depth,usp000gdw4,depth,all_depth,172,0.8456292373233231
usp000gdw4|depth|all_depth,usp000gdw4,depth,all_depth,173,1.0193729544319226
usp000gdw4|depth|all_depth,usp000gdw4,depth,all_depth,174,0.7498614758926162
usp000gdw4|depth|all_depth,usp000gdw4,depth,all_depth,175,0.8906861812084174
usp000gdw4|depth|all_depth,usp000gdw4,depth,all_depth,176,0.809887000493883
usp000gdw4|depth|all_depth,usp000gdw4,depth,all_depth,177,0.7747907571768826
usp000gdw4|depth|all_depth,usp000gdw4,depth,all_depth,178,0.8058725565171277
usp000gdw4|depth|all_depth,usp000gdw4,depth,all_depth,179,0.7790214358406135
usp000gdw4|depth|all_depth,usp000gdw4,depth,all_depth,180,0.765345518746911
usp000gdw4|depth|all_depth,usp000gdw4,depth,all_depth,181,0.8188251138703693
usp000gdw4|depth|all_depth,usp000gdw4,depth,all_depth,182,0.6344815944666206
usp000gdw4|depth|all_depth,usp000gdw4,depth,all_depth,183,0.8840769831611272
usp000gdw4|depth|all_depth,usp000gdw4,depth,all_depth,184,0.7303343408603783
usp000gdw4|depth|all_depth,usp000gdw4,depth,all_depth,185,0.807812969668763
usp000gdw4|depth|all_depth,usp000gdw4,depth,all_depth,186,0.6810494977701845
usp000gdw4|depth|all_depth,usp000gdw4,depth,all_depth,187,0.754603322898254
usp000gdw4|depth|all_depth,usp000gdw4,depth,all_depth,188,0.8109114801490415
usp000gdw4|depth|all_depth,usp000gdw4,depth,all_depth,189,0.8019825058481252
usp000gdw4|depth|all_depth,usp000gdw4,depth,all_depth,190,0.8481058552215869
usp000gdw4|depth|all_depth,usp000gdw4,depth,all_depth,191,0.8293727398395006
usp000gdw4|depth|all_depth,usp000gdw4,depth,all_depth,192,0.7250608376914073
usp000gdw4|depth|all_depth,usp000gdw4,depth,all_depth,193,0.8005015047660252
usp000gdw4|depth|all_depth,usp000gdw4,depth,all_depth,194,0.8829596526710577
usp000gdw4|depth|all_depth,usp000gdw4,depth,all_depth,195,0.7833840076112901
usp000gdw4|depth|all_depth,usp000gdw4,depth,all_depth,196,0.954257132957302
usp000gdw4|depth|all_depth,usp000gdw4,depth,all_depth,197,0.8370842750869455
usp000gdw4|depth|all_depth,usp000gdw4,depth,all_depth,198,0.8069209110466735
usp000gdw4|depth|all_depth,usp000gdw4,depth,all_depth,199,0.8435683930350605
usp000gdw4|depth|4.8-10km,usp000gdw4,depth,4.8-10km,0,0.978322894679926
usp000gdw4|depth|4.8-10km,usp000gdw4,depth,4.8-10km,1,0.7445096150335414
usp000gdw4|depth|4.8-10km,usp000gdw4,depth,4.8-10km,2,0.8434737588575094
usp000gdw4|depth|4.8-10km,usp000gdw4,depth,4.8-10km,3,0.8661807476106232
usp000gdw4|depth|4.8-10km,usp000gdw4,depth,4.8-10km,4,0.7892793173794113
usp000gdw4|depth|4.8-10km,usp000gdw4,depth,4.8-10km,5,0.9352295364594712
usp000gdw4|depth|4.8-10km,usp000gdw4,depth,4.8-10km,6,0.8979376584984368
usp000gdw4|depth|4.8-10km,usp000gdw4,depth,4.8-10km,7,0.9376449542884929
usp000gdw4|depth|4.8-10km,usp000gdw4,depth,4.8-10km,8,1.0607847954093284
usp000gdw4|depth|4.8-10km,usp000gdw4,depth,4.8-10km,9,0.7618413713477654
usp000gdw4|depth|4.8-10km,usp000gdw4,depth,4.8-10km,10,0.7897911529400214
usp000gdw4|depth|4.8-10km,usp000gdw4,depth,4.8-10km,11,0.8569946056157991
usp000gdw4|depth|4.8-10km,usp000gdw4,depth,4.8-10km,12,0.9708879777757976
usp000gdw4|depth|4.8-10km,usp000gdw4,depth,4.8-10km,13,0.7704989007871756
usp000gdw4|depth|4.8-10km,usp000gdw4,depth,4.8-10km,14,1.0323438329164891
usp000gdw4|depth|4.8-10km,usp000gdw4,depth,4.8-10km,15,0.740662153732742
usp000gdw4|depth|4.8-10km,usp000gdw4,depth,4.8-10km,16,0.8705160696357436
usp000gdw4|depth|4.8-10km,usp000gdw4,depth,4.8-10km,17,0.8796186602314162
usp000gdw4|depth|4.8-10km,usp000gdw4,depth,4.8-10km,18,0.8010456613348014
usp000gdw4|depth|4.8-10km,usp000gdw4,depth,4.8-10km,19,0.7731212708654948
usp000gdw4|depth|4.8-10km,usp000gdw4,depth,4.8-10km,20,0.8166828947934448
usp000gdw4|depth|4.8-10km,usp000gdw4,depth,4.8-10km,21,0.8505768896630858
usp000gdw4|depth|4.8-10km,usp000gdw4,depth,4.8-10km,22,0.9363872007557025
usp000gdw4|depth|4.8-10km,usp000gdw4,depth,4.8-10km,23,0.9356536126885996
usp000gdw4|depth|4.8-10km,usp000gdw4,depth,4.8-10km,24,0.9971618666855726
usp000gdw4|depth|4.8-10km,usp000gdw4,depth,4.8-10km,25,0.9088239862571523
usp000gdw4|depth|4.8-10km,usp000gdw4,depth,4.8-10km,26,0.8262887646585239
usp000gdw4|depth|4.8-10km,usp000gdw4,depth,4.8-10km,27,0.9868604163596717
usp000gdw4|depth|4.8-10km,usp000gdw4,depth,4.8-10km,28,0.9260410694572075
usp000gdw4|depth|4.8-10km,usp000gdw4,depth,4.8-10km,29,0.9673160949850557
usp000gdw4|depth|4.8-10km,usp000gdw4,depth,4.8-10km,30,0.9560348631552036
usp000gdw4|depth|4.8-10km,usp000gdw4,depth,4.8-10km,31,0.8137330698361604
usp000gdw4|depth|4.8-10km,usp000gdw4,depth,4.8-10km,32,0.9033594571234294
usp000gdw4|depth|4.8-10km,usp000gdw4,depth,4.8-10km,33,0.9461896274669714
usp000gdw4|depth|4.8-10km,usp000gdw4,depth,4.8-10km,34,0.8301591730991069
usp000gdw4|depth|4.8-10km,usp000gdw4,depth,4.8-10km,35,0.8939516124713269
usp000gdw4|depth|4.8-10km,usp000gdw4,depth,4.8-10km,36,0.8028626083827067
usp000gdw4|depth|4.8-10km,usp000gdw4,depth,4.8-10km,37,0.7927838243339044
usp000gdw4|depth|4.8-10km,usp000gdw4,depth,4.8-10km,38,0.916928990385753
usp000gdw4|depth|4.8-10km,usp000gdw4,depth,4.8-10km,39,0.9624053362816678
usp000gdw4|depth|4.8-10km,usp000gdw4,depth,4.8-10km,40,0.850803213590138
usp000gdw4|depth|4.8-10km,usp000gdw4,depth,4.8-10km,41,0.8790992538780876
usp000gdw4|depth|4.8-10km,usp000gdw4,depth,4.8-10km,42,0.8615780803651704
usp000gdw4|depth|4.8-10km,usp000gdw4,depth,4.8-10km,43,0.9546728964366532
usp000gdw4|depth|4.8-10km,usp000gdw4,depth,4.8-10km,44,0.8385352783748137
usp000gdw4|depth|4.8-10km,usp000gdw4,depth,4.8-10km,45,0.5359436248949897
usp000gdw4|depth|4.8-10km,usp000gdw4,depth,4.8-10km,46,0.4691119877194102
usp000gdw4|depth|4.8-10km,usp000gdw4,depth,4.8-10km,47,0.9264242713674408
usp000gdw4|depth|4.8-10km,usp000gdw4,depth,4.8-10km,48,0.8365481065649697
usp000gdw4|depth|4.8-10km,usp000gdw4,depth,4.8-10km,49,0.8742133450665653
usp000gdw4|depth|4.8-10km,usp000gdw4,depth,4.8-10km,50,0.7998644771681777
usp000gdw4|depth|4.8-10km,usp000gdw4,depth,4.8-10km,51,0.8927853106834003
usp000gdw4|depth|4.8-10km,usp000gdw4,depth,4.8-10km,52,0.8406033967861652
usp000gdw4|depth|4.8-10km,usp000gdw4,depth,4.8-10km,53,0.7259007005703831
usp000gdw4|depth|4.8-10km,usp000gdw4,depth,4.8-10km,54,0.8890396327900036
usp000gdw4|depth|4.8-10km,usp000gdw4,depth,4.8-10km,55,0.8785332438519355
usp000gdw4|depth|4.8-10km,usp000gdw4,depth,4.8-10km,56,0.8728481678828666
usp000gdw4|depth|4.8-10km,usp000gdw4,depth,4.8-10km,57,0.9255865559837717
usp000gdw4|depth|4.8-10km,usp000gdw4,depth,4.8-10km,58,0.9250622529857683
usp000gdw4|depth|4.8-10km,usp000gdw4,depth,4.8-10km,59,0.8695319941133536
usp000gdw4|depth|4.8-10km,usp000gdw4,depth,4.8-10km,60,0.7104852555284548
usp000gdw4|depth|4.8-10km,usp000gdw4,depth,4.8-10km,61,0.686886330127817
usp000gdw4|depth|4.8-10km,usp000gdw4,depth,4.8-10km,62,0.9222208760687142
usp000gdw4|depth|4.8-10km,usp000gdw4,depth,4.8-10km,63,0.7016185853303998
usp000gdw4|depth|4.8-10km,usp000gdw4,depth,4.8-10km,64,1.012347150939864
usp000gdw4|depth|4.8-10km,usp000gdw4,depth,4.8-10km,65,0.8095349519985845
usp000gdw4|depth|4.8-10km,usp000gdw4,depth,4.8-10km,66,0.9046457260157326
usp000gdw4|depth|4.8-10km,usp000gdw4,depth,4.8-10km,67,1.0145788507488793
usp000gdw4|depth|4.8-10km,usp000gdw4,depth,4.8-10km,68,0.7725974144620714
usp000gdw4|depth|4.8-10km,usp000gdw4,depth,4.8-10km,69,0.9975867605646042
usp000gdw4|depth|4.8-10km,usp000gdw4,depth,4.8-10km,70,0.9316680160512851
usp000gdw4|depth|4.8-10km,usp000gdw4,depth,4.8-10km,71,0.9316100798920413
usp000gdw4|depth|4.8-10km,usp000gdw4,depth,4.8-10km,72,0.925411296751164
usp000gdw4|depth|4.8-10km,usp000gdw4,depth,4.8-10km,73,0.9467119408902734
usp000gdw4|depth|4.8-10km,usp000gdw4,depth,4.8-10km,74,1.0669161342785378
usp000gdw4|depth|4.8-10km,usp000gdw4,depth,4.8-10km,75,0.9128321211274081
usp000gdw4|depth|4.8-10km,usp000gdw4,depth,4.8-10km,76,0.8592766865907836
usp000gdw4|depth|4.8-10km,usp000gdw4,depth,4.8-10km,77,0.7837201629501985
usp000gdw4|depth|4.8-10km,usp000gdw4,depth,4.8-10km,78,1.0054364866856251
usp000gdw4|depth|4.8-10km,usp000gdw4,depth,4.8-10km,79,0.9738622240422996
usp000gdw4|depth|4.8-10km,usp000gdw4,depth,4.8-10km,80,1.0157621800565708
usp000gdw4|depth|4.8-10km,usp000gdw4,depth,4.8-10km,81,0.8547738998489922
usp000gdw4|depth|4.8-10km,usp000gdw4,depth,4.8-10km,82,0.8819977030312763
usp000gdw4|depth|4.8-10km,usp000gdw4,depth,4.8-10km,83,0.906699565971719
usp000gdw4|depth|4.8-10km,usp000gdw4,depth,4.8-10km,84,1.0326407654968137
usp000gdw4|depth|4.8-10km,usp000gdw4,depth,4.8-10km,85,0.8363281280461242
usp000gdw4|depth|4.8-10km,usp000gdw4,depth,4.8-10km,86,0.7781629919953114
usp000gdw4|depth|4.8-10km,usp000gdw4,depth,4.8-10km,87,0.8369611618903205
usp000gdw4|depth|4.8-10km,usp000gdw4,depth,4.8-10km,88,1.0524534109225816
usp000gdw4|depth|4.8-10km,usp000gdw4,depth,4.8-10km,89,0.8544128650938975
usp000gdw4|depth|4.8-10km,usp000gdw4,depth,4.8-10km,90,0.7856493390913771
usp000gdw4|depth|4.8-10km,usp000gdw4,depth,4.8-10km,91,0.7650726507657366
usp000gdw4|depth|4.8-10km,usp000gdw4,depth,4.8-10km,92,0.7370603714148942
usp000gdw4|depth|4.8-10km,usp000gdw4,depth,4.8-10km,93,0.8530327559983328
usp000gdw4|depth|4.8-10km,usp000gdw4,depth,4.8-10km,94,0.9710460888304251
usp000gdw4|depth|4.8-10km,usp000gdw4,depth,4.8-10km,95,0.9061442684720861
usp000gdw4|depth|4.8-10km,usp000gdw4,depth,4.8-10km,96,0.9203444210733284
usp000gdw4|depth|4.8-10km,usp000gdw4,depth,4.8-10km,97,0.6524016962992043
usp000gdw4|depth|4.8-10km,usp000gdw4,depth,4.8-10km,98,0.703468839947026
usp000gdw4|depth|4.8-10km,usp000gdw4,depth,4.8-10km,99,0.8211930767456366
usp000gdw4|depth|4.8-10km,usp000gdw4,depth,4.8-10km,100,0.9128440570898779
usp000gdw4|depth|4.8-10km,usp000gdw4,depth,4.8-10km,101,0.8860117282694868
usp000gdw4|depth|4.8-10km,usp000gdw4,depth,4.8-10km,102,0.9112944561084659
usp000gdw4|depth|4.8-10km,usp000gdw4,depth,4.8-10km,103,0.8158541215637574
usp000gdw4|depth|4.8-10km,usp000gdw4,depth,4.8-10km,104,1.1070032862989159
usp000gdw4|depth|4.8-10km,usp000gdw4,depth,4.8-10km,105,0.9236419965978813
usp000gdw4|depth|4.8-10km,usp000gdw4,depth,4.8-10km,106,0.9278877897161758
usp000gdw4|depth|4.8-10km,usp000gdw4,depth,4.8-10km,107,0.822542336964119
usp000gdw4|depth|4.8-10km,usp000gdw4,depth,4.8-10km,108,0.6995124722078809
usp000gdw4|depth|4.8-10km,usp000gdw4,depth,4.8-10km,109,1.0682047335227303
usp000gdw4|depth|4.8-10km,usp000gdw4,depth,4.8-10km,110,0.948691441543843
usp000gdw4|depth|4.8-10km,usp000gdw4,depth,4.8-10km,111,0.993861517253158
usp000gdw4|depth|4.8-10km,usp000gdw4,depth,4.8-10km,112,0.8297186625311318
usp000gdw4|depth|4.8-10km,usp000gdw4,depth,4.8-10km,113,0.7538332278233909
usp000gdw4|depth|4.8-10km,usp000gdw4,depth,4.8-10km,114,0.8432825587267955
usp000gdw4|depth|4.8-10km,usp000gdw4,depth,4.8-10km,115,0.888143607883683
usp000gdw4|depth|4.8-10km,usp000gdw4,depth,4.8-10km,116,0.9628152326623607
usp000gdw4|depth|4.8-10km,usp000gdw4,depth,4.8-10km,117,0.9284434038908222
usp000gdw4|depth|4.8-10km,usp000gdw4,depth,4.8-10km,118,0.9414102638912349
usp000gdw4|depth|4.8-10km,usp000gdw4,depth,4.8-10km,119,1.121078550311339
usp000gdw4|depth|4.8-10km,usp000gdw4,depth,4.8-10km,120,0.8473185253103371
usp000gdw4|depth|4.8-10km,usp000gdw4,depth,4.8-10km,121,0.7846220069088935
usp000gdw4|depth|4.8-10km,usp000gdw4,depth,4.8-10km,122,0.9477830309792535
usp000gdw4|depth|4.8-10km,usp000gdw4,depth,4.8-10km,123,0.8897457162821877
usp000gdw4|depth|4.8-10km,usp000gdw4,depth,4.8-10km,124,0.8222013390565448
usp000gdw4|depth|4.8-10km,usp000gdw4,depth,4.8-10km,125,0.9011435804599185
usp000gdw4|depth|4.8-10km,usp000gdw4,depth,4.8-10km,126,0.8289558899096254
usp000gdw4|depth|4.8-10km,usp000gdw4,depth,4.8-10km,127,0.9082638226920949
usp000gdw4|depth|4.8-10km,usp000gdw4,depth,4.8-10km,128,0.8044058151354351
usp000gdw4|depth|4.8-10km,usp000gdw4,depth,4.8-10km,129,0.9183283320100638
usp000gdw4|depth|4.8-10km,usp000gdw4,depth,4.8-10km,130,0.9863775173963016
usp000gdw4|depth|4.8-10km,usp000gdw4,depth,4.8-10km,131,0.8233892554199191
usp000gdw4|depth|4.8-10km,usp000gdw4,depth,4.8-10km,132,0.9597474681702469
usp000gdw4|depth|4.8-10km,usp000gdw4,depth,4.8-10km,133,0.9097848714669143
usp000gdw4|depth|4.8-10km,usp000gdw4,depth,4.8-10km,134,0.8582873210626881
usp000gdw4|depth|4.8-10km,usp000gdw4,depth,4.8-10km,135,0.9716194113401372
usp000gdw4|depth|4.8-10km,usp000gdw4,depth,4.8-10km,136,0.9009720536818124
usp000gdw4|depth|4.8-10km,usp000gdw4,depth,4.8-10km,137,0.9316804707385464
usp000gdw4|depth|4.8-10km,usp000gdw4,depth,4.8-10km,138,0.7292229831375625
usp000gdw4|depth|4.8-10km,usp000gdw4,depth,4.8-10km,139,0.8593842109016342
usp000gdw4|depth|4.8-10km,usp000gdw4,depth,4.8-10km,140,0.9415186954094417
usp000gdw4|depth|4.8-10km,usp000gdw4,depth,4.8-10km,141,0.8836133312110234
usp000gdw4|depth|4.8-10km,usp000gdw4,depth,4.8-10km,142,0.8775391474698763
usp000gdw4|depth|4.8-10km,usp000gdw4,depth,4.8-10km,143,0.9010441298694177
usp000gdw4|depth|4.8-10km,usp000gdw4,depth,4.8-10km,144,0.8985388165361767
usp000gdw4|depth|4.8-10km,usp000gdw4,depth,4.8-10km,145,0.7539116913632878
usp000gdw4|depth|4.8-10km,usp000gdw4,depth,4.8-10km,146,0.8700696495374933
usp000gdw4|depth|4.8-10km,usp000gdw4,depth,4.8-10km,147,0.6757699366635692
usp000gdw4|depth|4.8-10km,usp000gdw4,depth,4.8-10km,148,0.8469156783895248
usp000gdw4|depth|4.8-10km,usp000gdw4,depth,4.8-10km,149,0.9403836791033191
usp000gdw4|depth|4.8-10km,usp000gdw4,depth,4.8-10km,150,0.8679194893597987
usp000gdw4|depth|4.8-10km,usp000gdw4,depth,4.8-10km,151,0.855250417897262
usp000gdw4|depth|4.8-10km,usp000gdw4,depth,4.8-10km,152,0.9366847832182209
usp000gdw4|depth|4.8-10km,usp000gdw4,depth,4.8-10km,153,0.8981287161068979
usp000gdw4|depth|4.8-10km,usp000gdw4,depth,4.8-10km,154,0.9583758287149752
usp000gdw4|depth|4.8-10km,usp000gdw4,depth,4.8-10km,155,0.9004518754625951
usp000gdw4|depth|4.8-10km,usp000gdw4,depth,4.8-10km,156,0.71206292391675
usp000gdw4|depth|4.8-10km,usp000gdw4,depth,4.8-10km,157,0.8591851560118943
usp000gdw4|depth|4.8-10km,usp000gdw4,depth,4.8-10km,158,0.7442499423946246
usp000gdw4|depth|4.8-10km,usp000gdw4,depth,4.8-10km,159,0.9394126956073339
usp000gdw4|depth|4.8-10km,usp000gdw4,depth,4.8-10km,160,0.8701339529493703
usp000gdw4|depth|4.8-10km,usp000gdw4,depth,4.8-10km,161,0.849572269243956
usp000gdw4|depth|4.8-10km,usp000gdw4,depth,4.8-10km,162,0.7004751877953217
usp000gdw4|depth|4.8-10km,usp000gdw4,depth,4.8-10km,163,0.8491171125502158
usp000gdw4|depth|4.8-10km,usp000gdw4,depth,4.8-10km,164,1.0389985147602303
usp000gdw4|depth|4.8-10km,usp000gdw4,depth,4.8-10km,165,1.0137337960425281
usp000gdw4|depth|4.8-10km,usp000gdw4,depth,4.8-10km,166,0.862015299453449
usp000gdw4|depth|4.8-10km,usp000gdw4,depth,4.8-10km,167,0.75787311712574
usp000gdw4|depth|4.8-10km,usp000gdw4,depth,4.8-10km,168,0.7429747896471898
usp000gdw4|depth|4.8-10km,usp000gdw4,depth,4.8-10km,169,0.8897508555605115
usp000gdw4|depth|4.8-10km,usp000gdw4,depth,4.8-10km,170,0.9250772866403071
usp000gdw4|depth|4.8-10km,usp000gdw4,depth,4.8-10km,171,0.9791676040219311
usp000gdw4|depth|4.8-10km,usp000gdw4,depth,4.8-10km,172,0.969339702503194
usp000gdw4|depth|4.8-10km,usp000gdw4,depth,4.8-10km,173,0.8581286808657989
usp000gdw4|depth|4.8-10km,usp000gdw4,depth,4.8-10km,174,0.9351448245577215
usp000gdw4|depth|4.8-10km,usp000gdw4,depth,4.8-10km,175,0.8654591784390878
usp000gdw4|depth|4.8-10km,usp000gdw4,depth,4.8-10km,176,1.0309146936673887
usp000gdw4|depth|4.8-10km,usp000gdw4,depth,4.8-10km,177,0.9275843791322077
usp000gdw4|depth|4.8-10km,usp000gdw4,depth,4.8-10km,178,0.8801045377859271
usp000gdw4|depth|4.8-10km,usp000gdw4,depth,4.8-10km,179,0.7690884334008755
usp000gdw4|depth|4.8-10km,usp000gdw4,depth,4.8-10km,180,0.9211090227513528
usp000gdw4|depth|4.8-10km,usp000gdw4,depth,4.8-10km,181,0.9347780709268415
usp000gdw4|depth|4.8-10km,usp000gdw4,depth,4.8-10km,182,0.950809160571738
usp000gdw4|depth|4.8-10km,usp000gdw4,depth,4.8-10km,183,0.5882200842006712
usp000gdw4|depth|4.8-10km,usp000gdw4,depth,4.8-10km,184,0.8562067670131095
usp000gdw4|depth|4.8-10km,usp000gdw4,depth,4.8-10km,185,0.7275521368745349
usp000gdw4|depth|4.8-10km,usp000gdw4,depth,4.8-10km,186,1.0407370305007038
usp000gdw4|depth|4.8-10km,usp000gdw4,depth,4.8-10km,187,0.8379486434676433
usp000gdw4|depth|4.8-10km,usp000gdw4,depth,4.8-10km,188,0.6598646841334133
usp000gdw4|depth|4.8-10km,usp000gdw4,depth,4.8-10km,189,0.7228200586007136
usp000gdw4|depth|4.8-10km,usp000gdw4,depth,4.8-10km,190,0.9631189041648361
usp000gdw4|depth|4.8-10km,usp000gdw4,depth,4.8-10km,191,0.7880633487496624
usp000gdw4|depth|4.8-10km,usp000gdw4,depth,4.8-10km,192,0.894103035708797
usp000gdw4|depth|4.8-10km,usp000gdw4,depth,4.8-10km,193,0.836470142468109
usp000gdw4|depth|4.8-10km,usp000gdw4,depth,4.8-10km,194,0.9940868919656459
usp000gdw4|depth|4.8-10km,usp000gdw4,depth,4.8-10km,195,0.7198149270015831
usp000gdw4|depth|4.8-10km,usp000gdw4,depth,4.8-10km,196,0.9929703713432838
usp000gdw4|depth|4.8-10km,usp000gdw4,depth,4.8-10km,197,0.9561260312402967
usp000gdw4|depth|4.8-10km,usp000gdw4,depth,4.8-10km,198,0.818402821256519
usp000gdw4|depth|4.8-10km,usp000gdw4,depth,4.8-10km,199,0.8106362440181276
usp000gdw4|depth|>=10km,usp000gdw4,depth,>=10km,0,0.4567536658146435
usp000gdw4|depth|>=10km,usp000gdw4,depth,>=10km,1,0.3407374363331888
usp000gdw4|depth|>=10km,usp000gdw4,depth,>=10km,2,0.305525792814496
usp000gdw4|depth|>=10km,usp000gdw4,depth,>=10km,3,0.5807007671047739
usp000gdw4|depth|>=10km,usp000gdw4,depth,>=10km,4,0.5215586562851591
usp000gdw4|depth|>=10km,usp000gdw4,depth,>=10km,5,0.2416745243155254
usp000gdw4|depth|>=10km,usp000gdw4,depth,>=10km,6,0.2
usp000gdw4|depth|>=10km,usp000gdw4,depth,>=10km,7,0.3311685003364893
usp000gdw4|depth|>=10km,usp000gdw4,depth,>=10km,8,0.30220916524443264
usp000gdw4|depth|>=10km,usp000gdw4,depth,>=10km,9,0.2146602672902371
usp000gdw4|depth|>=10km,usp000gdw4,depth,>=10km,10,0.3742427871064449
usp000gdw4|depth|>=10km,usp000gdw4,depth,>=10km,11,0.5844911444083573
usp000gdw4|depth|>=10km,usp000gdw4,depth,>=10km,12,0.2668972909999656
usp000gdw4|depth|>=10km,usp000gdw4,depth,>=10km,13,0.37383225691041627
usp000gdw4|depth|>=10km,usp000gdw4,depth,>=10km,14,0.2
usp000gdw4|depth|>=10km,usp000gdw4,depth,>=10km,15,0.252673014413357
usp000gdw4|depth|>=10km,usp000gdw4,depth,>=10km,16,0.2
usp000gdw4|depth|>=10km,usp000gdw4,depth,>=10km,17,0.2
usp000gdw4|depth|>=10km,usp000gdw4,depth,>=10km,18,0.26005983086287565
usp000gdw4|depth|>=10km,usp000gdw4,depth,>=10km,19,0.3676188333449802
usp000gdw4|depth|>=10km,usp000gdw4,depth,>=10km,20,0.3613004168280233
usp000gdw4|depth|>=10km,usp000gdw4,depth,>=10km,21,0.5648675875138308
usp000gdw4|depth|>=10km,usp000gdw4,depth,>=10km,22,0.5394728734183641
usp000gdw4|depth|>=10km,usp000gdw4,depth,>=10km,23,0.3601138181490821
usp000gdw4|depth|>=10km,usp000gdw4,depth,>=10km,24,0.2
usp000gdw4|depth|>=10km,usp000gdw4,depth,>=10km,25,0.31230217498653245
usp000gdw4|depth|>=10km,usp000gdw4,depth,>=10km,26,0.5511651072766235
usp000gdw4|depth|>=10km,usp000gdw4,depth,>=10km,27,0.3534148915111235
usp000gdw4|depth|>=10km,usp000gdw4,depth,>=10km,28,0.3130753260460236
usp000gdw4|depth|>=10km,usp000gdw4,depth,>=10km,29,0.2
usp000gdw4|depth|>=10km,usp000gdw4,depth,>=10km,30,0.35922555231793096
usp000gdw4|depth|>=10km,usp000gdw4,depth,>=10km,31,0.4432421687958038
usp000gdw4|depth|>=10km,usp000gdw4,depth,>=10km,32,0.5275211920681249
usp000gdw4|depth|>=10km,usp000gdw4,depth,>=10km,33,0.6746117835304792
usp000gdw4|depth|>=10km,usp000gdw4,depth,>=10km,34,0.45567071342636667
usp000gdw4|depth|>=10km,usp000gdw4,depth,>=10km,35,0.7830265102983373
usp000gdw4|depth|>=10km,usp000gdw4,depth,>=10km,36,0.3752615454857655
usp000gdw4|depth|>=10km,usp000gdw4,depth,>=10km,37,0.3725863538065582
usp000gdw4|depth|>=10km,usp000gdw4,depth,>=10km,38,0.4245765697900978
usp000gdw4|depth|>=10km,usp000gdw4,depth,>=10km,39,0.3512240148318781
usp000gdw4|depth|>=10km,usp000gdw4,depth,>=10km,40,0.2
usp000gdw4|depth|>=10km,usp000gdw4,depth,>=10km,41,0.5723864081115744
usp000gdw4|depth|>=10km,usp000gdw4,depth,>=10km,42,0.2
usp000gdw4|depth|>=10km,usp000gdw4,depth,>=10km,43,0.48787362665211814
usp000gdw4|depth|>=10km,usp000gdw4,depth,>=10km,44,0.6473965373414312
usp000gdw4|depth|>=10km,usp000gdw4,depth,>=10km,45,0.6058298364387543
usp000gdw4|depth|>=10km,usp000gdw4,depth,>=10km,46,0.3517189950080728
usp000gdw4|depth|>=10km,usp000gdw4,depth,>=10km,47,0.3488261286338427
usp000gdw4|depth|>=10km,usp000gdw4,depth,>=10km,48,0.40908354258282104
usp000gdw4|depth|>=10km,usp000gdw4,depth,>=10km,49,0.3770164033017968
usp000gdw4|depth|>=10km,usp000gdw4,depth,>=10km,50,0.2
usp000gdw4|depth|>=10km,usp000gdw4,depth,>=10km,51,0.2
usp000gdw4|depth|>=10km,usp000gdw4,depth,>=10km,52,0.2
usp000gdw4|depth|>=10km,usp000gdw4,depth,>=10km,53,0.49347332747416756
usp000gdw4|depth|>=10km,usp000gdw4,depth,>=10km,54,0.33181527885031836
usp000gdw4|depth|>=10km,usp000gdw4,depth,>=10km,55,0.587156792189791
usp000gdw4|depth|>=10km,usp000gdw4,depth,>=10km,56,0.3611626618262996
usp000gdw4|depth|>=10km,usp000gdw4,depth,>=10km,57,0.7026574046610892
usp000gdw4|depth|>=10km,usp000gdw4,depth,>=10km,58,0.2055728162474854
usp000gdw4|depth|>=10km,usp000gdw4,depth,>=10km,59,0.2623037472084223
usp000gdw4|depth|>=10km,usp000gdw4,depth,>=10km,60,0.6587873771615619
usp000gdw4|depth|>=10km,usp000gdw4,depth,>=10km,61,0.43598927646605706
usp000gdw4|depth|>=10km,usp000gdw4,depth,>=10km,62,0.35444846067477515
usp000gdw4|depth|>=10km,usp000gdw4,depth,>=10km,63,0.5227607184738944
usp000gdw4|depth|>=10km,usp000gdw4,depth,>=10km,64,0.42947309141496887
usp000gdw4|depth|>=10km,usp000gdw4,depth,>=10km,65,0.20235690694589778
usp000gdw4|depth|>=10km,usp000gdw4,depth,>=10km,66,0.5698373790649436
usp000gdw4|depth|>=10km,usp000gdw4,depth,>=10km,67,0.3376329190343071
usp000gdw4|depth|>=10km,usp000gdw4,depth,>=10km,68,0.6355928036327453
usp000gdw4|depth|>=10km,usp000gdw4,depth,>=10km,69,0.3044694280919535
usp000gdw4|depth|>=10km,usp000gdw4,depth,>=10km,70,0.5687997762665418
usp000gdw4|depth|>=10km,usp000gdw4,depth,>=10km,71,0.2615801497079656
usp000gdw4|depth|>=10km,usp000gdw4,depth,>=10km,72,0.4642581755473501
usp000gdw4|depth|>=10km,usp000gdw4,depth,>=10km,73,0.4502992309979692
usp000gdw4|depth|>=10km,usp000gdw4,depth,>=10km,74,0.3581273034468094
usp000gdw4|depth|>=10km,usp000gdw4,depth,>=10km,75,0.33387775794521474
usp000gdw4|depth|>=10km,usp000gdw4,depth,>=10km,76,0.46549584625849805
usp000gdw4|depth|>=10km,usp000gdw4,depth,>=10km,77,0.5380462844326724
usp000gdw4|depth|>=10km,usp000gdw4,depth,>=10km,78,0.33277915142565395
usp000gdw4|depth|>=10km,usp000gdw4,depth,>=10km,79,0.6522792674419475
usp000gdw4|depth|>=10km,usp000gdw4,depth,>=10km,80,0.4973875099616039
usp000gdw4|depth|>=10km,usp000gdw4,depth,>=10km,81,0.2
usp000gdw4|depth|>=10km,usp000gdw4,depth,>=10km,82,0.49281908152850884
usp000gdw4|depth|>=10km,usp000gdw4,depth,>=10km,83,0.394367388045582
usp000gdw4|depth|>=10km,usp000gdw4,depth,>=10km,84,0.28295974006671815
usp000gdw4|depth|>=10km,usp000gdw4,depth,>=10km,85,0.29463437776192597
usp000gdw4|depth|>=10km,usp000gdw4,depth,>=10km,86,0.2572562011239889
usp000gdw4|depth|>=10km,usp000gdw4,depth,>=10km,87,0.3178405103863617
usp000gdw4|depth|>=10km,usp000gdw4,depth,>=10km,88,0.30525959100978933
usp000gdw4|depth|>=10km,usp000gdw4,depth,>=10km,89,0.3733675618707793
usp000gdw4|depth|>=10km,usp000gdw4,depth,>=10km,90,0.30821914657697047
usp000gdw4|depth|>=10km,usp000gdw4,depth,>=10km,91,0.5783764883996704
usp000gdw4|depth|>=10km,usp000gdw4,depth,>=10km,92,0.4980923815502118
usp000gdw4|depth|>=10km,usp000gdw4,depth,>=10km,93,0.2
usp000gdw4|depth|>=10km,usp000gdw4,depth,>=10km,94,0.3091876341617494
usp000gdw4|depth|>=10km,usp000gdw4,depth,>=10km,95,0.2
usp000gdw4|depth|>=10km,usp000gdw4,depth,>=10km,96,0.43725198882426347
usp000gdw4|depth|>=10km,usp000gdw4,depth,>=10km,97,0.631001082524301
usp000gdw4|depth|>=10km,usp000gdw4,depth,>=10km,98,0.21377854870081384
usp000gdw4|depth|>=10km,usp000gdw4,depth,>=10km,99,0.3696872166544094
usp000gdw4|depth|>=10km,usp000gdw4,depth,>=10km,100,0.20006058036556654
usp000gdw4|depth|>=10km,usp000gdw4,depth,>=10km,101,0.6065856393774023
usp000gdw4|depth|>=10km,usp000gdw4,depth,>=10km,102,0.4116384128280942
usp000gdw4|depth|>=10km,usp000gdw4,depth,>=10km,103,0.503415930281101
usp000gdw4|depth|>=10km,usp000gdw4,depth,>=10km,104,0.6698371545578194
usp000gdw4|depth|>=10km,usp000gdw4,depth,>=10km,105,0.43637742811175695
usp000gdw4|depth|>=10km,usp000gdw4,depth,>=10km,106,0.33436792947331767
usp000gdw4|depth|>=10km,usp000gdw4,depth,>=10km,107,0.3662648953239073
usp000gdw4|depth|>=10km,usp000gdw4,depth,>=10km,108,0.612153083024787
usp000gdw4|depth|>=10km,usp000gdw4,depth,>=10km,109,0.3519360536437127
usp000gdw4|depth|>=10km,usp000gdw4,depth,>=10km,110,0.7643437301003961
usp000gdw4|depth|>=10km,usp000gdw4,depth,>=10km,111,0.5544445446951776
usp000gdw4|depth|>=10km,usp000gdw4,depth,>=10km,112,0.628641950379192
usp000gdw4|depth|>=10km,usp000gdw4,depth,>=10km,113,0.2755515310075498
usp000gdw4|depth|>=10km,usp000gdw4,depth,>=10km,114,0.4354500729382772
usp000gdw4|depth|>=10km,usp000gdw4,depth,>=10km,115,0.2961509774175859
usp000gdw4|depth|>=10km,usp000gdw4,depth,>=10km,116,0.44845424004485884
usp000gdw4|depth|>=10km,usp000gdw4,depth,>=10km,117,0.2830058355506887
usp000gdw4|depth|>=10km,usp000gdw4,depth,>=10km,118,0.2862535331076818
usp000gdw4|depth|>=10km,usp000gdw4,depth,>=10km,119,0.504241128318737
usp000gdw4|depth|>=10km,usp000gdw4,depth,>=10km,120,0.5668400907940008
usp000gdw4|depth|>=10km,usp000gdw4,depth,>=10km,121,0.33143827003652543
usp000gdw4|depth|>=10km,usp000gdw4,depth,>=10km,122,0.4340894439028761
usp000gdw4|depth|>=10km,usp000gdw4,depth,>=10km,123,0.4106792873038313
usp000gdw4|depth|>=10km,usp000gdw4,depth,>=10km,124,0.5053683815241599
usp000gdw4|depth|>=10km,usp000gdw4,depth,>=10km,125,0.6871292671725683
usp000gdw4|depth|>=10km,usp000gdw4,depth,>=10km,126,0.26729284730909986
usp000gdw4|depth|>=10km,usp000gdw4,depth,>=10km,127,0.2799135245292017
usp000gdw4|depth|>=10km,usp000gdw4,depth,>=10km,128,0.37573155903665145
usp000gdw4|depth|>=10km,usp000gdw4,depth,>=10km,129,0.29281828424143436
usp000gdw4|depth|>=10km,usp000gdw4,depth,>=10km,130,0.4781831403562786
usp000gdw4|depth|>=10km,usp000gdw4,depth,>=10km,131,0.2987792486279202
usp000gdw4|depth|>=10km,usp000gdw4,depth,>=10km,132,0.30130304562165633
usp000gdw4|depth|>=10km,usp000gdw4,depth,>=10km,133,0.5417237369070139
usp000gdw4|depth|>=10km,usp000gdw4,depth,>=10km,134,0.30622028670145857
usp000gdw4|depth|>=10km,usp000gdw4,depth,>=10km,135,0.2916385130328084
usp000gdw4|depth|>=10km,usp000gdw4,depth,>=10km,136,0.43336541722570043
usp000gdw4|depth|>=10km,usp000gdw4,depth,>=10km,137,0.2
usp000gdw4|depth|>=10km,usp000gdw4,depth,>=10km,138,0.2
usp000gdw4|depth|>=10km,usp000gdw4,depth,>=10km,139,0.7209741256164474
usp000gdw4|depth|>=10km,usp000gdw4,depth,>=10km,140,0.2842631008895216
usp000gdw4|depth|>=10km,usp000gdw4,depth,>=10km,141,0.2
usp000gdw4|depth|>=10km,usp000gdw4,depth,>=10km,142,0.20115729402757931
usp000gdw4|depth|>=10km,usp000gdw4,depth,>=10km,143,0.3705972429229358
usp000gdw4|depth|>=10km,usp000gdw4,depth,>=10km,144,0.283954963534517
usp000gdw4|depth|>=10km,usp000gdw4,depth,>=10km,145,0.4428877010656572
usp000gdw4|depth|>=10km,usp000gdw4,depth,>=10km,146,0.6046165078902854
usp000gdw4|depth|>=10km,usp000gdw4,depth,>=10km,147,0.663740349911208
usp000gdw4|depth|>=10km,usp000gdw4,depth,>=10km,148,0.5470773074653694
usp000gdw4|depth|>=10km,usp000gdw4,depth,>=10km,149,0.274673402331778
usp000gdw4|depth|>=10km,usp000gdw4,depth,>=10km,150,0.2
usp000gdw4|depth|>=10km,usp000gdw4,depth,>=10km,151,0.5640946026554498
usp000gdw4|depth|>=10km,usp000gdw4,depth,>=10km,152,0.46661421110646717
usp000gdw4|depth|>=10km,usp000gdw4,depth,>=10km,153,0.5179489028459644
usp000gdw4|depth|>=10km,usp000gdw4,depth,>=10km,154,0.5474842856465162
usp000gdw4|depth|>=10km,usp000gdw4,depth,>=10km,155,0.2
usp000gdw4|depth|>=10km,usp000gdw4,depth,>=10km,156,0.43757849069503635
usp000gdw4|depth|>=10km,usp000gdw4,depth,>=10km,157,0.20521634455180768
usp000gdw4|depth|>=10km,usp000gdw4,depth,>=10km,158,0.2
usp000gdw4|depth|>=10km,usp000gdw4,depth,>=10km,159,0.43625466216818287
usp000gdw4|depth|>=10km,usp000gdw4,depth,>=10km,160,0.2822996435251654
usp000gdw4|depth|>=10km,usp000gdw4,depth,>=10km,161,0.3609371081949295
usp000gdw4|depth|>=10km,usp000gdw4,depth,>=10km,162,0.6645755571442296
usp000gdw4|depth|>=10km,usp000gdw4,depth,>=10km,163,0.3594107315611363
usp000gdw4|depth|>=10km,usp000gdw4,depth,>=10km,164,0.34942565585419644
usp000gdw4|depth|>=10km,usp000gdw4,depth,>=10km,165,0.5691531714215939
usp000gdw4|depth|>=10km,usp000gdw4,depth,>=10km,166,0.554079516523323
usp000gdw4|depth|>=10km,usp000gdw4,depth,>=10km,167,0.3813309749823833
usp000gdw4|depth|>=10km,usp000gdw4,depth,>=10km,168,0.48654618865012766
usp000gdw4|depth|>=10km,usp000gdw4,depth,>=10km,169,0.4163815626988783
usp000gdw4|depth|>=10km,usp000gdw4,depth,>=10km,170,0.6533203494743732
usp000gdw4|depth|>=10km,usp000gdw4,depth,>=10km,171,0.24206656456810788
usp000gdw4|depth|>=10km,usp000gdw4,depth,>=10km,172,0.6546981939385627
usp000gdw4|depth|>=10km,usp000gdw4,depth,>=10km,173,0.8459934079396859
usp000gdw4|depth|>=10km,usp000gdw4,depth,>=10km,174,0.26996259192215766
usp000gdw4|depth|>=10km,usp000gdw4,depth,>=10km,175,0.3357692520842855
usp000gdw4|depth|>=10km,usp000gdw4,depth,>=10km,176,0.5061039628960258
usp000gdw4|depth|>=10km,usp000gdw4,depth,>=10km,177,0.25062572877701966
usp000gdw4|depth|>=10km,usp000gdw4,depth,>=10km,178,0.42789842290780145
usp000gdw4|depth|>=10km,usp000gdw4,depth,>=10km,179,0.45295877740045903
usp000gdw4|depth|>=10km,usp000gdw4,depth,>=10km,180,0.5968335347084841
usp000gdw4|depth|>=10km,usp000gdw4,depth,>=10km,181,0.26475857139417297
usp000gdw4|depth|>=10km,usp000gdw4,depth,>=10km,182,0.6321083649523049
usp000gdw4|depth|>=10km,usp000gdw4,depth,>=10km,183,0.28696789078404106
usp000gdw4|depth|>=10km,usp000gdw4,depth,>=10km,184,0.2815460272039298
usp000gdw4|depth|>=10km,usp000gdw4,depth,>=10km,185,0.2
usp000gdw4|depth|>=10km,usp000gdw4,depth,>=10km,186,0.3339630783579118
usp000gdw4|depth|>=10km,usp000gdw4,depth,>=10km,187,0.7535568837434574
usp000gdw4|depth|>=10km,usp000gdw4,depth,>=10km,188,0.46249108464426747
usp000gdw4|depth|>=10km,usp000gdw4,depth,>=10km,189,0.40481810171395766
usp000gdw4|depth|>=10km,usp000gdw4,depth,>=10km,190,0.2883614845614829
usp000gdw4|depth|>=10km,usp000gdw4,depth,>=10km,191,0.5659338219151334
usp000gdw4|depth|>=10km,usp000gdw4,depth,>=10km,192,0.20102057277225233
usp000gdw4|depth|>=10km,usp000gdw4,depth,>=10km,193,0.3333561848015559
usp000gdw4|depth|>=10km,usp000gdw4,depth,>=10km,194,0.3548131178358998
usp000gdw4|depth|>=10km,usp000gdw4,depth,>=10km,195,0.2
usp000gdw4|depth|>=10km,usp000gdw4,depth,>=10km,196,0.2
usp000gdw4|depth|>=10km,usp000gdw4,depth,>=10km,197,0.3298264594713932
usp000gdw4|depth|>=10km,usp000gdw4,depth,>=10km,198,0.6133548710321071
usp000gdw4|depth|>=10km,usp000gdw4,depth,>=10km,199,0.33051647058042244
usp000gdw4|region|West_of_ms,usp000gdw4,region,West_of_ms,0,0.7916520092510673
usp000gdw4|region|West_of_ms,usp000gdw4,region,West_of_ms,1,0.7290926727544403
usp000gdw4|region|West_of_ms,usp000gdw4,region,West_of_ms,2,0.7525327943973161
usp000gdw4|region|West_of_ms,usp000gdw4,region,West_of_ms,3,0.5276010439336238
usp000gdw4|region|West_of_ms,usp000gdw4,region,West_of_ms,4,0.8124369939658931
usp000gdw4|region|West_of_ms,usp000gdw4,region,West_of_ms,5,0.6825588245614821
usp000gdw4|region|West_of_ms,usp000gdw4,region,West_of_ms,6,0.7047368802421321
usp000gdw4|region|West_of_ms,usp000gdw4,region,West_of_ms,7,0.6969138111912454
usp000gdw4|region|West_of_ms,usp000gdw4,region,West_of_ms,8,0.7186977794054284
usp000gdw4|region|West_of_ms,usp000gdw4,region,West_of_ms,9,0.6340923997093243
usp000gdw4|region|West_of_ms,usp000gdw4,region,West_of_ms,10,0.7297726964623973
usp000gdw4|region|West_of_ms,usp000gdw4,region,West_of_ms,11,0.6841681361850649
usp000gdw4|region|West_of_ms,usp000gdw4,region,West_of_ms,12,0.8726188063706922
usp000gdw4|region|West_of_ms,usp000gdw4,region,West_of_ms,13,0.7263527673935661
usp000gdw4|region|West_of_ms,usp000gdw4,region,West_of_ms,14,0.6128306257143202
usp000gdw4|region|West_of_ms,usp000gdw4,region,West_of_ms,15,0.818089634111905
usp000gdw4|region|West_of_ms,usp000gdw4,region,West_of_ms,16,0.6625228302596419
usp000gdw4|region|West_of_ms,usp000gdw4,region,West_of_ms,17,0.7786430924935434
usp000gdw4|region|West_of_ms,usp000gdw4,region,West_of_ms,18,0.540732115721715
usp000gdw4|region|West_of_ms,usp000gdw4,region,West_of_ms,19,0.7285595803990385
usp000gdw4|region|West_of_ms,usp000gdw4,region,West_of_ms,20,0.6167434168149527
usp000gdw4|region|West_of_ms,usp000gdw4,region,West_of_ms,21,0.8063240790854762
usp000gdw4|region|West_of_ms,usp000gdw4,region,West_of_ms,22,0.545957419801356
usp000gdw4|region|West_of_ms,usp000gdw4,region,West_of_ms,23,0.6601662256280634
usp000gdw4|region|West_of_ms,usp000gdw4,region,West_of_ms,24,0.6277474383289018
usp000gdw4|region|West_of_ms,usp000gdw4,region,West_of_ms,25,0.7499456253595252
usp000gdw4|region|West_of_ms,usp000gdw4,region,West_of_ms,26,0.7708416469246688
usp000gdw4|region|West_of_ms,usp000gdw4,region,West_of_ms,27,0.7722108020375925
usp000gdw4|region|West_of_ms,usp000gdw4,region,West_of_ms,28,0.6631905069359879
usp000gdw4|region|West_of_ms,usp000gdw4,region,West_of_ms,29,0.764032908649473
usp000gdw4|region|West_of_ms,usp000gdw4,region,West_of_ms,30,0.7237901576480896
usp000gdw4|region|West_of_ms,usp000gdw4,region,West_of_ms,31,0.6294310222912899
usp000gdw4|region|West_of_ms,usp000gdw4,region,West_of_ms,32,0.7781244570668325
usp000gdw4|region|West_of_ms,usp000gdw4,region,West_of_ms,33,0.6104263220786634
usp000gdw4|region|West_of_ms,usp000gdw4,region,West_of_ms,34,0.6871074397734523
usp000gdw4|region|West_of_ms,usp000gdw4,region,West_of_ms,35,0.7137822670740152
usp000gdw4|region|West_of_ms,usp000gdw4,region,West_of_ms,36,0.7734234480448943
usp000gdw4|region|West_of_ms,usp000gdw4,region,West_of_ms,37,0.7473730433049456
usp000gdw4|region|West_of_ms,usp000gdw4,region,West_of_ms,38,0.5725041856608302
usp000gdw4|region|West_of_ms,usp000gdw4,region,West_of_ms,39,0.7302456616083355
usp000gdw4|region|West_of_ms,usp000gdw4,region,West_of_ms,40,0.7496726575332113
usp000gdw4|region|West_of_ms,usp000gdw4,region,West_of_ms,41,0.681216752789637
usp000gdw4|region|West_of_ms,usp000gdw4,region,West_of_ms,42,0.7697067098358319
usp000gdw4|region|West_of_ms,usp000gdw4,region,West_of_ms,43,0.7119311035510568
usp000gdw4|region|West_of_ms,usp000gdw4,region,West_of_ms,44,0.7605425514235291
usp000gdw4|region|West_of_ms,usp000gdw4,region,West_of_ms,45,0.7772290086630795
usp000gdw4|region|West_of_ms,usp000gdw4,region,West_of_ms,46,0.6970527194536609
usp000gdw4|region|West_of_ms,usp000gdw4,region,West_of_ms,47,0.6561075203489704
usp000gdw4|region|West_of_ms,usp000gdw4,region,West_of_ms,48,0.6990652347029555
usp000gdw4|region|West_of_ms,usp000gdw4,region,West_of_ms,49,0.7267847870894389
usp000gdw4|region|West_of_ms,usp000gdw4,region,West_of_ms,50,0.7514541631831788
usp000gdw4|region|West_of_ms,usp000gdw4,region,West_of_ms,51,0.8154759466592469
usp000gdw4|region|West_of_ms,usp000gdw4,region,West_of_ms,52,0.7061535394032048
usp000gdw4|region|West_of_ms,usp000gdw4,region,West_of_ms,53,0.6731204220978573
usp000gdw4|region|West_of_ms,usp000gdw4,region,West_of_ms,54,0.5594764928074156
usp000gdw4|region|West_of_ms,usp000gdw4,region,West_of_ms,55,0.7125759208427005
usp000gdw4|region|West_of_ms,usp000gdw4,region,West_of_ms,56,0.646522493787484
usp000gdw4|region|West_of_ms,usp000gdw4,region,West_of_ms,57,0.7208872760686602
usp000gdw4|region|West_of_ms,usp000gdw4,region,West_of_ms,58,0.6844642712801384
usp000gdw4|region|West_of_ms,usp000gdw4,region,West_of_ms,59,0.7266625528961438
usp000gdw4|region|West_of_ms,usp000gdw4,region,West_of_ms,60,0.6880898322838264
usp000gdw4|region|West_of_ms,usp000gdw4,region,West_of_ms,61,0.7198172990907773
usp000gdw4|region|West_of_ms,usp000gdw4,region,West_of_ms,62,0.7403515729423508
usp000gdw4|region|West_of_ms,usp000gdw4,region,West_of_ms,63,0.4716555350170512
usp000gdw4|region|West_of_ms,usp000gdw4,region,West_of_ms,64,0.639792206732198
usp000gdw4|region|West_of_ms,usp000gdw4,region,West_of_ms,65,0.6365065742617197
usp000gdw4|region|West_of_ms,usp000gdw4,region,West_of_ms,66,0.6251564422689802
usp000gdw4|region|West_of_ms,usp000gdw4,region,West_of_ms,67,0.45579548436313894
usp000gdw4|region|West_of_ms,usp000gdw4,region,West_of_ms,68,0.7848975200675636
usp000gdw4|region|West_of_ms,usp000gdw4,region,West_of_ms,69,0.7436361927223408
usp000gdw4|region|West_of_ms,usp000gdw4,region,West_of_ms,70,0.637652818866382
usp000gdw4|region|West_of_ms,usp000gdw4,region,West_of_ms,71,0.5788903764144383
usp000gdw4|region|West_of_ms,usp000gdw4,region,West_of_ms,72,0.8341559172461317
usp000gdw4|region|West_of_ms,usp000gdw4,region,West_of_ms,73,0.680823074894997
usp000gdw4|region|West_of_ms,usp000gdw4,region,West_of_ms,74,0.7455553245808187
usp000gdw4|region|West_of_ms,usp000gdw4,region,West_of_ms,75,0.6501316709914148
usp000gdw4|region|West_of_ms,usp000gdw4,region,West_of_ms,76,0.6943425960087721
usp000gdw4|region|West_of_ms,usp000gdw4,region,West_of_ms,77,0.8015625097682928
usp000gdw4|region|West_of_ms,usp000gdw4,region,West_of_ms,78,0.7131349592601106
usp000gdw4|region|West_of_ms,usp000gdw4,region,West_of_ms,79,0.7280876634366301
usp000gdw4|region|West_of_ms,usp000gdw4,region,West_of_ms,80,0.5912023364042535
usp000gdw4|region|West_of_ms,usp000gdw4,region,West_of_ms,81,0.6691810145017887
usp000gdw4|region|West_of_ms,usp000gdw4,region,West_of_ms,82,0.8077151654238727
usp000gdw4|region|West_of_ms,usp000gdw4,region,West_of_ms,83,0.7001216946787483
usp000gdw4|region|West_of_ms,usp000gdw4,region,West_of_ms,84,0.8528299601652332
usp000gdw4|region|West_of_ms,usp000gdw4,region,West_of_ms,85,0.576566856230304
usp000gdw4|region|West_of_ms,usp000gdw4,region,West_of_ms,86,0.7053288371439288
usp000gdw4|region|West_of_ms,usp000gdw4,region,West_of_ms,87,0.71161544436222
usp000gdw4|region|West_of_ms,usp000gdw4,region,West_of_ms,88,0.5668551096260857
usp000gdw4|region|West_of_ms,usp000gdw4,region,West_of_ms,89,0.7400326195189365
usp000gdw4|region|West_of_ms,usp000gdw4,region,West_of_ms,90,0.770224671156025
usp000gdw4|region|West_of_ms,usp000gdw4,region,West_of_ms,91,0.8326145178051347
usp000gdw4|region|West_of_ms,usp000gdw4,region,West_of_ms,92,0.8037103503689251
usp000gdw4|region|West_of_ms,usp000gdw4,region,West_of_ms,93,0.6401409197729059
usp000gdw4|region|West_of_ms,usp000gdw4,region,West_of_ms,94,0.6721181556116286
usp000gdw4|region|West_of_ms,usp000gdw4,region,West_of_ms,95,0.6042924448363103
usp000gdw4|region|West_of_ms,usp000gdw4,region,West_of_ms,96,0.5756963359783758
usp000gdw4|region|West_of_ms,usp000gdw4,region,West_of_ms,97,0.7690876577735132
usp000gdw4|region|West_of_ms,usp000gdw4,region,West_of_ms,98,0.6063380868095684
usp000gdw4|region|West_of_ms,usp000gdw4,region,West_of_ms,99,0.5354766139365429
usp000gdw4|region|West_of_ms,usp000gdw4,region,West_of_ms,100,0.5859737674547232
usp000gdw4|region|West_of_ms,usp000gdw4,region,West_of_ms,101,0.7228668983956572
usp000gdw4|region|West_of_ms,usp000gdw4,region,West_of_ms,102,0.7748001134887179
usp000gdw4|region|West_of_ms,usp000gdw4,region,West_of_ms,103,0.6607534890940411
usp000gdw4|region|West_of_ms,usp000gdw4,region,West_of_ms,104,0.8402923804470308
usp000gdw4|region|West_of_ms,usp000gdw4,region,West_of_ms,105,0.8607005104115721
usp000gdw4|region|West_of_ms,usp000gdw4,region,West_of_ms,106,0.635759760804961
usp000gdw4|region|West_of_ms,usp000gdw4,region,West_of_ms,107,0.6513373779232029
usp000gdw4|region|West_of_ms,usp000gdw4,region,West_of_ms,108,0.45241513967934444
usp000gdw4|region|West_of_ms,usp000gdw4,region,West_of_ms,109,0.6918298937820256
usp000gdw4|region|West_of_ms,usp000gdw4,region,West_of_ms,110,0.7835810230514103
usp000gdw4|region|West_of_ms,usp000gdw4,region,West_of_ms,111,0.7309474375003232
usp000gdw4|region|West_of_ms,usp000gdw4,region,West_of_ms,112,0.7489005188606163
usp000gdw4|region|West_of_ms,usp000gdw4,region,West_of_ms,113,0.5837294249756277
usp000gdw4|region|West_of_ms,usp000gdw4,region,West_of_ms,114,0.7154402199828623
usp000gdw4|region|West_of_ms,usp000gdw4,region,West_of_ms,115,0.6783989915164738
usp000gdw4|region|West_of_ms,usp000gdw4,region,West_of_ms,116,0.6478017264760719
usp000gdw4|region|West_of_ms,usp000gdw4,region,West_of_ms,117,0.655486751919113
usp000gdw4|region|West_of_ms,usp000gdw4,region,West_of_ms,118,0.8220392288163592
usp000gdw4|region|West_of_ms,usp000gdw4,region,West_of_ms,119,0.7390923496712585
usp000gdw4|region|West_of_ms,usp000gdw4,region,West_of_ms,120,0.7348876762227416
usp000gdw4|region|West_of_ms,usp000gdw4,region,West_of_ms,121,0.7463430640731658
usp000gdw4|region|West_of_ms,usp000gdw4,region,West_of_ms,122,0.7537686559870548
usp000gdw4|region|West_of_ms,usp000gdw4,region,West_of_ms,123,0.7103775413928143
usp000gdw4|region|West_of_ms,usp000gdw4,region,West_of_ms,124,0.6594599600801323
usp000gdw4|region|West_of_ms,usp000gdw4,region,West_of_ms,125,0.8262091412862668
usp000gdw4|region|West_of_ms,usp000gdw4,region,West_of_ms,126,0.8865266998271669
usp000gdw4|region|West_of_ms,usp000gdw4,region,West_of_ms,127,0.7863356783590152
usp000gdw4|region|West_of_ms,usp000gdw4,region,West_of_ms,128,0.5821788359928629
usp000gdw4|region|West_of_ms,usp000gdw4,region,West_of_ms,129,0.8711482055225894
usp000gdw4|region|West_of_ms,usp000gdw4,region,West_of_ms,130,0.6691585446946228
usp000gdw4|region|West_of_ms,usp000gdw4,region,West_of_ms,131,0.5989857336371348
usp000gdw4|region|West_of_ms,usp000gdw4,region,West_of_ms,132,0.6983841328280962
usp000gdw4|region|West_of_ms,usp000gdw4,region,West_of_ms,133,0.6989157650146579
usp000gdw4|region|West_of_ms,usp000gdw4,region,West_of_ms,134,0.6594124733493744
usp000gdw4|region|West_of_ms,usp000gdw4,region,West_of_ms,135,0.7135642813144705
usp000gdw4|region|West_of_ms,usp000gdw4,region,West_of_ms,136,0.5840099964163759
usp000gdw4|region|West_of_ms,usp000gdw4,region,West_of_ms,137,0.700202383781481
usp000gdw4|region|West_of_ms,usp000gdw4,region,West_of_ms,138,0.7659197005681679
usp000gdw4|region|West_of_ms,usp000gdw4,region,West_of_ms,139,0.8005972082591865
usp000gdw4|region|West_of_ms,usp000gdw4,region,West_of_ms,140,0.7073792746202218
usp000gdw4|region|West_of_ms,usp000gdw4,region,West_of_ms,141,0.6621969574603448
usp000gdw4|region|West_of_ms,usp000gdw4,region,West_of_ms,142,0.6568980481439033
usp000gdw4|region|West_of_ms,usp000gdw4,region,West_of_ms,143,0.5721351660024443
usp000gdw4|region|West_of_ms,usp000gdw4,region,West_of_ms,144,0.6572493867370748
usp000gdw4|region|West_of_ms,usp000gdw4,region,West_of_ms,145,0.6303754973386492
usp000gdw4|region|West_of_ms,usp000gdw4,region,West_of_ms,146,0.7093262966046348
usp000gdw4|region|West_of_ms,usp000gdw4,region,West_of_ms,147,0.7836881615312047
usp000gdw4|region|West_of_ms,usp000gdw4,region,West_of_ms,148,0.6538564231273204
usp000gdw4|region|West_of_ms,usp000gdw4,region,West_of_ms,149,0.6522050777073074
usp000gdw4|region|West_of_ms,usp000gdw4,region,West_of_ms,150,0.7132455421330232
usp000gdw4|region|West_of_ms,usp000gdw4,region,West_of_ms,151,0.7796220096718688
usp000gdw4|region|West_of_ms,usp000gdw4,region,West_of_ms,152,0.7610311997074064
usp000gdw4|region|West_of_ms,usp000gdw4,region,West_of_ms,153,0.7332008674134488
usp000gdw4|region|West_of_ms,usp000gdw4,region,West_of_ms,154,0.7958645873227214
usp000gdw4|region|West_of_ms,usp000gdw4,region,West_of_ms,155,0.7936898098112802
usp000gdw4|region|West_of_ms,usp000gdw4,region,West_of_ms,156,0.7673965687202662
usp000gdw4|region|West_of_ms,usp000gdw4,region,West_of_ms,157,0.7503535833364311
usp000gdw4|region|West_of_ms,usp000gdw4,region,West_of_ms,158,0.7245618168547927
usp000gdw4|region|West_of_ms,usp000gdw4,region,West_of_ms,159,0.6008300342470312
usp000gdw4|region|West_of_ms,usp000gdw4,region,West_of_ms,160,0.759982952335589
usp000gdw4|region|West_of_ms,usp000gdw4,region,West_of_ms,161,0.6103697342091278
usp000gdw4|region|West_of_ms,usp000gdw4,region,West_of_ms,162,0.777440373124793
usp000gdw4|region|West_of_ms,usp000gdw4,region,West_of_ms,163,0.5881990984896489
usp000gdw4|region|West_of_ms,usp000gdw4,region,West_of_ms,164,0.6939812080528437
usp000gdw4|region|West_of_ms,usp000gdw4,region,West_of_ms,165,0.7882877401697187
usp000gdw4|region|West_of_ms,usp000gdw4,region,West_of_ms,166,0.7623691774155512
usp000gdw4|region|West_of_ms,usp000gdw4,region,West_of_ms,167,0.6010781687658895
usp000gdw4|region|West_of_ms,usp000gdw4,region,West_of_ms,168,0.5444671170619246
usp000gdw4|region|West_of_ms,usp000gdw4,region,West_of_ms,169,0.6787217701492246
usp000gdw4|region|West_of_ms,usp000gdw4,region,West_of_ms,170,0.6127825162868319
usp000gdw4|region|West_of_ms,usp000gdw4,region,West_of_ms,171,0.7663069670186249
usp000gdw4|region|West_of_ms,usp000gdw4,region,West_of_ms,172,0.3902469442790481
usp000gdw4|region|West_of_ms,usp000gdw4,region,West_of_ms,173,0.7798949495275527
usp000gdw4|region|West_of_ms,usp000gdw4,region,West_of_ms,174,0.769610789808317
usp000gdw4|region|West_of_ms,usp000gdw4,region,West_of_ms,175,0.7380937981867817
usp000gdw4|region|West_of_ms,usp000gdw4,region,West_of_ms,176,0.806743881882867
usp000gdw4|region|West_of_ms,usp000gdw4,region,West_of_ms,177,0.5639525999407204
usp000gdw4|region|West_of_ms,usp000gdw4,region,West_of_ms,178,0.7729168670399494
usp000gdw4|region|West_of_ms,usp000gdw4,region,West_of_ms,179,0.6769005870668039
usp000gdw4|region|West_of_ms,usp000gdw4,region,West_of_ms,180,0.7166015212902889
usp000gdw4|region|West_of_ms,usp000gdw4,region,West_of_ms,181,0.8399346838070838
usp000gdw4|region|West_of_ms,usp000gdw4,region,West_of_ms,182,0.9012412660803256
usp000gdw4|region|West_of_ms,usp000gdw4,region,West_of_ms,183,0.7223012650196762
usp000gdw4|region|West_of_ms,usp000gdw4,region,West_of_ms,184,0.6617902472281543
usp000gdw4|region|West_of_ms,usp000gdw4,region,West_of_ms,185,0.6095571482315341
usp000gdw4|region|West_of_ms,usp000gdw4,region,West_of_ms,186,0.8102895190890639
usp000gdw4|region|West_of_ms,usp000gdw4,region,West_of_ms,187,0.6817439138417033
usp000gdw4|region|West_of_ms,usp000gdw4,region,West_of_ms,188,0.6312769387303041
usp000gdw4|region|West_of_ms,usp000gdw4,region,West_of_ms,189,0.6798052121703012
usp000gdw4|region|West_of_ms,usp000gdw4,region,West_of_ms,190,0.7404763515790205
usp000gdw4|region|West_of_ms,usp000gdw4,region,West_of_ms,191,0.71593260885735
usp000gdw4|region|West_of_ms,usp000gdw4,region,West_of_ms,192,0.5937161537527639
usp000gdw4|region|West_of_ms,usp000gdw4,region,West_of_ms,193,0.5891287472539964
usp000gdw4|region|West_of_ms,usp000gdw4,region,West_of_ms,194,0.8084888830530246
usp000gdw4|region|West_of_ms,usp000gdw4,region,West_of_ms,195,0.7873235069305695
usp000gdw4|region|West_of_ms,usp000gdw4,region,West_of_ms,196,0.8415621302981355
usp000gdw4|region|West_of_ms,usp000gdw4,region,West_of_ms,197,0.7943128335009766
usp000gdw4|region|West_of_ms,usp000gdw4,region,West_of_ms,198,0.7436214715219926
usp000gdw4|region|West_of_ms,usp000gdw4,region,West_of_ms,199,0.6569235295888675
usp000gdw4|region|South_of_ms,usp000gdw4,region,South_of_ms,0,0.8401783375105166
usp000gdw4|region|South_of_ms,usp000gdw4,region,South_of_ms,1,0.8354212899760223
usp000gdw4|region|South_of_ms,usp000gdw4,region,South_of_ms,2,0.6047652442804151
usp000gdw4|region|South_of_ms,usp000gdw4,region,South_of_ms,3,0.6543199213024171
usp000gdw4|region|South_of_ms,usp000gdw4,region,South_of_ms,4,0.7149909230702503
usp000gdw4|region|South_of_ms,usp000gdw4,region,South_of_ms,5,0.4522985998980127
usp000gdw4|region|South_of_ms,usp000gdw4,region,South_of_ms,6,0.8069132381626914
usp000gdw4|region|South_of_ms,usp000gdw4,region,South_of_ms,7,0.9373068670534914
usp000gdw4|region|South_of_ms,usp000gdw4,region,South_of_ms,8,0.570633170654597
usp000gdw4|region|South_of_ms,usp000gdw4,region,South_of_ms,9,0.8260518963476386
usp000gdw4|region|South_of_ms,usp000gdw4,region,South_of_ms,10,0.7947989587725018
usp000gdw4|region|South_of_ms,usp000gdw4,region,South_of_ms,11,0.7583414559740009
usp000gdw4|region|South_of_ms,usp000gdw4,region,South_of_ms,12,0.7952635652488445
usp000gdw4|region|South_of_ms,usp000gdw4,region,South_of_ms,13,0.7553202364406395
usp000gdw4|region|South_of_ms,usp000gdw4,region,South_of_ms,14,0.5453901977739544
usp000gdw4|region|South_of_ms,usp000gdw4,region,South_of_ms,15,0.6112187851495291
usp000gdw4|region|South_of_ms,usp000gdw4,region,South_of_ms,16,0.6718801596921816
usp000gdw4|region|South_of_ms,usp000gdw4,region,South_of_ms,17,0.7389429490776327
usp000gdw4|region|South_of_ms,usp000gdw4,region,South_of_ms,18,0.8556280685313217
usp000gdw4|region|South_of_ms,usp000gdw4,region,South_of_ms,19,0.8156673077398249
usp000gdw4|region|South_of_ms,usp000gdw4,region,South_of_ms,20,0.7687125370600901
usp000gdw4|region|South_of_ms,usp000gdw4,region,South_of_ms,21,0.6754998963254817
usp000gdw4|region|South_of_ms,usp000gdw4,region,South_of_ms,22,0.8410793319096139
usp000gdw4|region|South_of_ms,usp000gdw4,region,South_of_ms,23,0.5959564049923856
usp000gdw4|region|South_of_ms,usp000gdw4,region,South_of_ms,24,0.7607630907681425
usp000gdw4|region|South_of_ms,usp000gdw4,region,South_of_ms,25,0.7799613375334042
usp000gdw4|region|South_of_ms,usp000gdw4,region,South_of_ms,26,0.732480913384428
usp000gdw4|region|South_of_ms,usp000gdw4,region,South_of_ms,27,0.7937635499152236
usp000gdw4|region|South_of_ms,usp000gdw4,region,South_of_ms,28,0.7575889497907912
usp000gdw4|region|South_of_ms,usp000gdw4,region,South_of_ms,29,0.6952408447405797
usp000gdw4|region|South_of_ms,usp000gdw4,region,South_of_ms,30,0.7579093798731305
usp000gdw4|region|South_of_ms,usp000gdw4,region,South_of_ms,31,0.6670494516807952
usp000gdw4|region|South_of_ms,usp000gdw4,region,South_of_ms,32,0.7635860337860786
usp000gdw4|region|South_of_ms,usp000gdw4,region,South_of_ms,33,0.6871607053176562
usp000gdw4|region|South_of_ms,usp000gdw4,region,South_of_ms,34,0.5204002227604331
usp000gdw4|region|South_of_ms,usp000gdw4,region,South_of_ms,35,0.661560852593907
usp000gdw4|region|South_of_ms,usp000gdw4,region,South_of_ms,36,0.8225431619244757
usp000gdw4|region|South_of_ms,usp000gdw4,region,South_of_ms,37,0.5851377628647652
usp000gdw4|region|South_of_ms,usp000gdw4,region,South_of_ms,38,0.8189169172148988
usp000gdw4|region|South_of_ms,usp000gdw4,region,South_of_ms,39,0.8133471462932655
usp000gdw4|region|South_of_ms,usp000gdw4,region,South_of_ms,40,0.7083206355884558
usp000gdw4|region|South_of_ms,usp000gdw4,region,South_of_ms,41,0.8839377495350046
usp000gdw4|region|South_of_ms,usp000gdw4,region,South_of_ms,42,0.5844489283020479
usp000gdw4|region|South_of_ms,usp000gdw4,region,South_of_ms,43,0.8622612967758958
usp000gdw4|region|South_of_ms,usp000gdw4,region,South_of_ms,44,0.6984457715639342
usp000gdw4|region|South_of_ms,usp000gdw4,region,South_of_ms,45,0.7692525086817905
usp000gdw4|region|South_of_ms,usp000gdw4,region,South_of_ms,46,0.7306927292791656
usp000gdw4|region|South_of_ms,usp000gdw4,region,South_of_ms,47,0.8809747888011974
usp000gdw4|region|South_of_ms,usp000gdw4,region,South_of_ms,48,0.7989137227957948
usp000gdw4|region|South_of_ms,usp000gdw4,region,South_of_ms,49,0.7413473656787657
usp000gdw4|region|South_of_ms,usp000gdw4,region,South_of_ms,50,0.6101422807276505
usp000gdw4|region|South_of_ms,usp000gdw4,region,South_of_ms,51,0.9811854024437363
usp000gdw4|region|South_of_ms,usp000gdw4,region,South_of_ms,52,0.9375763266512227
usp000gdw4|region|South_of_ms,usp000gdw4,region,South_of_ms,53,0.7761023409490087
usp000gdw4|region|South_of_ms,usp000gdw4,region,South_of_ms,54,0.7489431702887046
usp000gdw4|region|South_of_ms,usp000gdw4,region,South_of_ms,55,0.6748297762320858
usp000gdw4|region|South_of_ms,usp000gdw4,region,South_of_ms,56,0.9104421987626722
usp000gdw4|region|South_of_ms,usp000gdw4,region,South_of_ms,57,0.7203137382829692
usp000gdw4|region|South_of_ms,usp000gdw4,region,South_of_ms,58,0.9385494863676836
usp000gdw4|region|South_of_ms,usp000gdw4,region,South_of_ms,59,0.8557449743091088
usp000gdw4|region|South_of_ms,usp000gdw4,region,South_of_ms,60,0.6983380853207888
usp000gdw4|region|South_of_ms,usp000gdw4,region,South_of_ms,61,0.5853618394547772
usp000gdw4|region|South_of_ms,usp000gdw4,region,South_of_ms,62,0.8031825845567758
usp000gdw4|region|South_of_ms,usp000gdw4,region,South_of_ms,63,0.6787267124504321
usp000gdw4|region|South_of_ms,usp000gdw4,region,South_of_ms,64,0.7303992626601902
usp000gdw4|region|South_of_ms,usp000gdw4,region,South_of_ms,65,0.5982400581243998
usp000gdw4|region|South_of_ms,usp000gdw4,region,South_of_ms,66,0.7160928247301622
usp000gdw4|region|South_of_ms,usp000gdw4,region,South_of_ms,67,0.787826544770247
usp000gdw4|region|South_of_ms,usp000gdw4,region,South_of_ms,68,0.7890685989192265
usp000gdw4|region|South_of_ms,usp000gdw4,region,South_of_ms,69,0.7468570341172147
usp000gdw4|region|South_of_ms,usp000gdw4,region,South_of_ms,70,0.767698748542971
usp000gdw4|region|South_of_ms,usp000gdw4,region,South_of_ms,71,0.786310734398702
usp000gdw4|region|South_of_ms,usp000gdw4,region,South_of_ms,72,0.8432850850603891
usp000gdw4|region|South_of_ms,usp000gdw4,region,South_of_ms,73,0.8544956577976215
usp000gdw4|region|South_of_ms,usp000gdw4,region,South_of_ms,74,0.7000553837636567
usp000gdw4|region|South_of_ms,usp000gdw4,region,South_of_ms,75,0.8086166995388934
usp000gdw4|region|South_of_ms,usp000gdw4,region,South_of_ms,76,0.6397812019876297
usp000gdw4|region|South_of_ms,usp000gdw4,region,South_of_ms,77,0.7258026958374519
usp000gdw4|region|South_of_ms,usp000gdw4,region,South_of_ms,78,0.6266298803534114
usp000gdw4|region|South_of_ms,usp000gdw4,region,South_of_ms,79,0.8522622611971318
usp000gdw4|region|South_of_ms,usp000gdw4,region,South_of_ms,80,0.555164914621965
usp000gdw4|region|South_of_ms,usp000gdw4,region,South_of_ms,81,0.7565818934529508
usp000gdw4|region|South_of_ms,usp000gdw4,region,South_of_ms,82,0.8683583742913594
usp000gdw4|region|South_of_ms,usp000gdw4,region,South_of_ms,83,0.7497075652710923
usp000gdw4|region|South_of_ms,usp000gdw4,region,South_of_ms,84,0.7314088321621498
usp000gdw4|region|South_of_ms,usp000gdw4,region,South_of_ms,85,0.8266552597535857
usp000gdw4|region|South_of_ms,usp000gdw4,region,South_of_ms,86,0.7401949251914591
usp000gdw4|region|South_of_ms,usp000gdw4,region,South_of_ms,87,0.7568479873132592
usp000gdw4|region|South_of_ms,usp000gdw4,region,South_of_ms,88,0.7864650948975253
usp000gdw4|region|South_of_ms,usp000gdw4,region,South_of_ms,89,0.7102902054119568
usp000gdw4|region|South_of_ms,usp000gdw4,region,South_of_ms,90,0.693135713746768
usp000gdw4|region|South_of_ms,usp000gdw4,region,South_of_ms,91,0.812203814191154
usp000gdw4|region|South_of_ms,usp000gdw4,region,South_of_ms,92,0.6622525416506873
usp000gdw4|region|South_of_ms,usp000gdw4,region,South_of_ms,93,0.7793520758381244
usp000gdw4|region|South_of_ms,usp000gdw4,region,South_of_ms,94,0.701267290927945
usp000gdw4|region|South_of_ms,usp000gdw4,region,South_of_ms,95,0.9085556104921759
usp000gdw4|region|South_of_ms,usp000gdw4,region,South_of_ms,96,0.7107197754802299
usp000gdw4|region|South_of_ms,usp000gdw4,region,South_of_ms,97,0.8298221062706083
usp000gdw4|region|South_of_ms,usp000gdw4,region,South_of_ms,98,0.6946245227104987
usp000gdw4|region|South_of_ms,usp000gdw4,region,South_of_ms,99,0.7583317642569218
usp000gdw4|region|South_of_ms,usp000gdw4,region,South_of_ms,100,0.768195775337429
usp000gdw4|region|South_of_ms,usp000gdw4,region,South_of_ms,101,0.8024068776374517
usp000gdw4|region|South_of_ms,usp000gdw4,region,South_of_ms,102,0.791070046340305
usp000gdw4|region|South_of_ms,usp000gdw4,region,South_of_ms,103,0.7379467864906573
usp000gdw4|region|South_of_ms,usp000gdw4,region,South_of_ms,104,0.7184355191069477
usp000gdw4|region|South_of_ms,usp000gdw4,region,South_of_ms,105,0.7876029933542714
usp000gdw4|region|South_of_ms,usp000gdw4,region,South_of_ms,106,0.6293657830080269
usp000gdw4|region|South_of_ms,usp000gdw4,region,South_of_ms,107,0.7983207929474071
usp000gdw4|region|South_of_ms,usp000gdw4,region,South_of_ms,108,0.6482551896488848
usp000gdw4|region|South_of_ms,usp000gdw4,region,South_of_ms,109,0.7063773405377566
usp000gdw4|region|South_of_ms,usp000gdw4,region,South_of_ms,110,0.49178581736806815
usp000gdw4|region|South_of_ms,usp000gdw4,region,South_of_ms,111,0.7635830429037067
usp000gdw4|region|South_of_ms,usp000gdw4,region,South_of_ms,112,0.7356397062888627
usp000gdw4|region|South_of_ms,usp000gdw4,region,South_of_ms,113,0.675252519599133
usp000gdw4|region|South_of_ms,usp000gdw4,region,South_of_ms,114,0.8643331495507222
usp000gdw4|region|South_of_ms,usp000gdw4,region,South_of_ms,115,0.7888496519399012
usp000gdw4|region|South_of_ms,usp000gdw4,region,South_of_ms,116,0.7569811651932893
usp000gdw4|region|South_of_ms,usp000gdw4,region,South_of_ms,117,0.8174159569515229
usp000gdw4|region|South_of_ms,usp000gdw4,region,South_of_ms,118,0.7987349618121008
usp000gdw4|region|South_of_ms,usp000gdw4,region,South_of_ms,119,0.8527982391595756
usp000gdw4|region|South_of_ms,usp000gdw4,region,South_of_ms,120,0.728926007952983
usp000gdw4|region|South_of_ms,usp000gdw4,region,South_of_ms,121,0.7462976984008363
usp000gdw4|region|South_of_ms,usp000gdw4,region,South_of_ms,122,0.6391904370375794
usp000gdw4|region|South_of_ms,usp000gdw4,region,South_of_ms,123,0.8148752069939994
usp000gdw4|region|South_of_ms,usp000gdw4,region,South_of_ms,124,0.6022998670178803
usp000gdw4|region|South_of_ms,usp000gdw4,region,South_of_ms,125,0.914302370659953
usp000gdw4|region|South_of_ms,usp000gdw4,region,South_of_ms,126,0.7557071194831108
usp000gdw4|region|South_of_ms,usp000gdw4,region,South_of_ms,127,0.8993381556508917
usp000gdw4|region|South_of_ms,usp000gdw4,region,South_of_ms,128,0.807665911295798
usp000gdw4|region|South_of_ms,usp000gdw4,region,South_of_ms,129,0.7694189320138738
usp000gdw4|region|South_of_ms,usp000gdw4,region,South_of_ms,130,0.7060298936863577
usp000gdw4|region|South_of_ms,usp000gdw4,region,South_of_ms,131,0.6543297527649257
usp000gdw4|region|South_of_ms,usp000gdw4,region,South_of_ms,132,0.7179810496660108
usp000gdw4|region|South_of_ms,usp000gdw4,region,South_of_ms,133,0.9378002086263562
usp000gdw4|region|South_of_ms,usp000gdw4,region,South_of_ms,134,0.7586353281738768
usp000gdw4|region|South_of_ms,usp000gdw4,region,South_of_ms,135,0.8624735417799144
usp000gdw4|region|South_of_ms,usp000gdw4,region,South_of_ms,136,0.6850380656379293
usp000gdw4|region|South_of_ms,usp000gdw4,region,South_of_ms,137,0.7896361429382008
usp000gdw4|region|South_of_ms,usp000gdw4,region,South_of_ms,138,0.7448922781494332
usp000gdw4|region|South_of_ms,usp000gdw4,region,South_of_ms,139,0.7864394076263783
usp000gdw4|region|South_of_ms,usp000gdw4,region,South_of_ms,140,0.6361060260516553
usp000gdw4|region|South_of_ms,usp000gdw4,region,South_of_ms,141,0.7652728438074702
usp000gdw4|region|South_of_ms,usp000gdw4,region,South_of_ms,142,0.75698177520481
usp000gdw4|region|South_of_ms,usp000gdw4,region,South_of_ms,143,0.9026764111858658
usp000gdw4|region|South_of_ms,usp000gdw4,region,South_of_ms,144,0.6743918566787444
usp000gdw4|region|South_of_ms,usp000gdw4,region,South_of_ms,145,0.7728423309801573
usp000gdw4|region|South_of_ms,usp000gdw4,region,South_of_ms,146,0.9107834768245792
usp000gdw4|region|South_of_ms,usp000gdw4,region,South_of_ms,147,0.7930822808785292
usp000gdw4|region|South_of_ms,usp000gdw4,region,South_of_ms,148,0.8179626360560627
usp000gdw4|region|South_of_ms,usp000gdw4,region,South_of_ms,149,0.7761609340277663
usp000gdw4|region|South_of_ms,usp000gdw4,region,South_of_ms,150,0.8362188424840364
usp000gdw4|region|South_of_ms,usp000gdw4,region,South_of_ms,151,0.8033105765916092
usp000gdw4|region|South_of_ms,usp000gdw4,region,South_of_ms,152,0.697729233337086
usp000gdw4|region|South_of_ms,usp000gdw4,region,South_of_ms,153,0.7793308397941373
usp000gdw4|region|South_of_ms,usp000gdw4,region,South_of_ms,154,0.4723027919046133
usp000gdw4|region|South_of_ms,usp000gdw4,region,South_of_ms,155,0.7062739245735618
usp000gdw4|region|South_of_ms,usp000gdw4,region,South_of_ms,156,0.6919472618542545
usp000gdw4|region|South_of_ms,usp000gdw4,region,South_of_ms,157,0.8038868727913204
usp000gdw4|region|South_of_ms,usp000gdw4,region,South_of_ms,158,0.7055824049539727
usp000gdw4|region|South_of_ms,usp000gdw4,region,South_of_ms,159,0.6772773916778162
usp000gdw4|region|South_of_ms,usp000gdw4,region,South_of_ms,160,0.7929204076757457
usp000gdw4|region|South_of_ms,usp000gdw4,region,South_of_ms,161,0.7441135680141042
usp000gdw4|region|South_of_ms,usp000gdw4,region,South_of_ms,162,0.8089301294933614
usp000gdw4|region|South_of_ms,usp000gdw4,region,South_of_ms,163,0.780316519264004
usp000gdw4|region|South_of_ms,usp000gdw4,region,South_of_ms,164,0.8547266076205182
usp000gdw4|region|South_of_ms,usp000gdw4,region,South_of_ms,165,0.8780734444322114
usp000gdw4|region|South_of_ms,usp000gdw4,region,South_of_ms,166,0.6602646311519703
usp000gdw4|region|South_of_ms,usp000gdw4,region,South_of_ms,167,0.758483139203045
usp000gdw4|region|South_of_ms,usp000gdw4,region,South_of_ms,168,0.7930821287549036
usp000gdw4|region|South_of_ms,usp000gdw4,region,South_of_ms,169,0.6790657473572197
usp000gdw4|region|South_of_ms,usp000gdw4,region,South_of_ms,170,0.6426931082782734
usp000gdw4|region|South_of_ms,usp000gdw4,region,South_of_ms,171,0.7678124494749476
usp000gdw4|region|South_of_ms,usp000gdw4,region,South_of_ms,172,0.7488075932424801
usp000gdw4|region|South_of_ms,usp000gdw4,region,South_of_ms,173,0.654805232995357
usp000gdw4|region|South_of_ms,usp000gdw4,region,South_of_ms,174,0.7078457232884432
usp000gdw4|region|South_of_ms,usp000gdw4,region,South_of_ms,175,0.8854675337369793
usp000gdw4|region|South_of_ms,usp000gdw4,region,South_of_ms,176,0.6088413253538203
usp000gdw4|region|South_of_ms,usp000gdw4,region,South_of_ms,177,0.7960277484020554
usp000gdw4|region|South_of_ms,usp000gdw4,region,South_of_ms,178,0.7205509563736643
usp000gdw4|region|South_of_ms,usp000gdw4,region,South_of_ms,179,0.7683384986929515
usp000gdw4|region|South_of_ms,usp000gdw4,region,South_of_ms,180,0.7342019501835253
usp000gdw4|region|South_of_ms,usp000gdw4,region,South_of_ms,181,0.7387028004768839
usp000gdw4|region|South_of_ms,usp000gdw4,region,South_of_ms,182,0.7869471831831184
usp000gdw4|region|South_of_ms,usp000gdw4,region,South_of_ms,183,0.8601491649264998
usp000gdw4|region|South_of_ms,usp000gdw4,region,South_of_ms,184,0.46604492159320643
usp000gdw4|region|South_of_ms,usp000gdw4,region,South_of_ms,185,0.798811641075001
usp000gdw4|region|South_of_ms,usp000gdw4,region,South_of_ms,186,0.7757744984024059
usp000gdw4|region|South_of_ms,usp000gdw4,region,South_of_ms,187,0.7808882840189728
usp000gdw4|region|South_of_ms,usp000gdw4,region,South_of_ms,188,0.6520589798200043
usp000gdw4|region|South_of_ms,usp000gdw4,region,South_of_ms,189,0.7688573713842557
usp000gdw4|region|South_of_ms,usp000gdw4,region,South_of_ms,190,0.7678610945063172
usp000gdw4|region|South_of_ms,usp000gdw4,region,South_of_ms,191,0.6808058376655294
usp000gdw4|region|South_of_ms,usp000gdw4,region,South_of_ms,192,0.5670451869293235
usp000gdw4|region|South_of_ms,usp000gdw4,region,South_of_ms,193,0.6983587594147861
usp000gdw4|region|South_of_ms,usp000gdw4,region,South_of_ms,194,0.8357666024789333
usp000gdw4|region|South_of_ms,usp000gdw4,region,South_of_ms,195,0.6857049240003504
usp000gdw4|region|South_of_ms,usp000gdw4,region,South_of_ms,196,0.6357269087708531
usp000gdw4|region|South_of_ms,usp000gdw4,region,South_of_ms,197,0.6657262971759068
usp000gdw4|region|South_of_ms,usp000gdw4,region,South_of_ms,198,0.6963434514359267
usp000gdw4|region|South_of_ms,usp000gdw4,region,South_of_ms,199,0.7231911804548129
usp000gdw4|ring|0-50km,usp000gdw4,ring,0-50km,0,1.0163868076419476
usp000gdw4|ring|0-50km,usp000gdw4,ring,0-50km,1,0.839160296136943
usp000gdw4|ring|0-50km,usp000gdw4,ring,0-50km,2,0.9329112293833086
usp000gdw4|ring|0-50km,usp000gdw4,ring,0-50km,3,1.1461042770634045
usp000gdw4|ring|0-50km,usp000gdw4,ring,0-50km,4,0.866574320159524
usp000gdw4|ring|0-50km,usp000gdw4,ring,0-50km,5,1.0236292343163818
usp000gdw4|ring|0-50km,usp000gdw4,ring,0-50km,6,1.8054268948952619
usp000gdw4|ring|0-50km,usp000gdw4,ring,0-50km,7,1.0280086284268082
usp000gdw4|ring|0-50km,usp000gdw4,ring,0-50km,8,0.9260139211530687
usp000gdw4|ring|0-50km,usp000gdw4,ring,0-50km,9,0.939839247954875
usp000gdw4|ring|0-50km,usp000gdw4,ring,0-50km,10,1.1167058233795686
usp000gdw4|ring|0-50km,usp000gdw4,ring,0-50km,11,0.9770739953419788
usp000gdw4|ring|0-50km,usp000gdw4,ring,0-50km,12,0.8817356739415128
usp000gdw4|ring|0-50km,usp000gdw4,ring,0-50km,13,0.8281423983521844
usp000gdw4|ring|0-50km,usp000gdw4,ring,0-50km,14,1.3497835854186455
usp000gdw4|ring|0-50km,usp000gdw4,ring,0-50km,15,1.033406632005947
usp000gdw4|ring|0-50km,usp000gdw4,ring,0-50km,16,1.2499187502977263
usp000gdw4|ring|0-50km,usp000gdw4,ring,0-50km,17,1.212748109285325
usp000gdw4|ring|0-50km,usp000gdw4,ring,0-50km,18,0.9267467939002577
usp000gdw4|ring|0-50km,usp000gdw4,ring,0-50km,19,0.791427224390039
usp000gdw4|ring|0-50km,usp000gdw4,ring,0-50km,20,1.0151685276504667
usp000gdw4|ring|0-50km,usp000gdw4,ring,0-50km,21,0.9507020703831421
usp000gdw4|ring|0-50km,usp000gdw4,ring,0-50km,22,0.8862322293021112
usp000gdw4|ring|0-50km,usp000gdw4,ring,0-50km,23,0.9332664655643587
usp000gdw4|ring|0-50km,usp000gdw4,ring,0-50km,24,0.9416028060270735
usp000gdw4|ring|0-50km,usp000gdw4,ring,0-50km,25,1.25754014082283
usp000gdw4|ring|0-50km,usp000gdw4,ring,0-50km,26,1.1879346230632726
usp000gdw4|ring|0-50km,usp000gdw4,ring,0-50km,27,0.9627172679720722
usp000gdw4|ring|0-50km,usp000gdw4,ring,0-50km,28,0.8936183536338971
usp000gdw4|ring|0-50km,usp000gdw4,ring,0-50km,29,0.8505678950173395
usp000gdw4|ring|0-50km,usp000gdw4,ring,0-50km,30,1.356440317195074
usp000gdw4|ring|0-50km,usp000gdw4,ring,0-50km,31,0.9044478068345236
usp000gdw4|ring|0-50km,usp000gdw4,ring,0-50km,32,1.089304232295317
usp000gdw4|ring|0-50km,usp000gdw4,ring,0-50km,33,1.0545561953480338
usp000gdw4|ring|0-50km,usp000gdw4,ring,0-50km,34,0.8166293225187043
usp000gdw4|ring|0-50km,usp000gdw4,ring,0-50km,35,1.3413673767542682
usp000gdw4|ring|0-50km,usp000gdw4,ring,0-50km,36,0.8675577353706978
usp000gdw4|ring|0-50km,usp000gdw4,ring,0-50km,37,0.8315757703044531
usp000gdw4|ring|0-50km,usp000gdw4,ring,0-50km,38,1.2585024497022506
usp000gdw4|ring|0-50km,usp000gdw4,ring,0-50km,39,0.9894127019307053
usp000gdw4|ring|0-50km,usp000gdw4,ring,0-50km,40,1.3661466788751184
usp000gdw4|ring|0-50km,usp000gdw4,ring,0-50km,41,0.9534809791348482
usp000gdw4|ring|0-50km,usp000gdw4,ring,0-50km,42,0.8833880658611677
usp000gdw4|ring|0-50km,usp000gdw4,ring,0-50km,43,1.099499903338076
usp000gdw4|ring|0-50km,usp000gdw4,ring,0-50km,44,1.0920305371693122
usp000gdw4|ring|0-50km,usp000gdw4,ring,0-50km,45,1.0171727949538263
usp000gdw4|ring|0-50km,usp000gdw4,ring,0-50km,46,0.9646193966843076
usp000gdw4|ring|0-50km,usp000gdw4,ring,0-50km,47,1.0558491158438068
usp000gdw4|ring|0-50km,usp000gdw4,ring,0-50km,48,1.121804673402498
usp000gdw4|ring|0-50km,usp000gdw4,ring,0-50km,49,0.9675613009350403
usp000gdw4|ring|0-50km,usp000gdw4,ring,0-50km,50,0.9786478103881705
usp000gdw4|ring|0-50km,usp000gdw4,ring,0-50km,51,1.2501639824220896
usp000gdw4|ring|0-50km,usp000gdw4,ring,0-50km,52,1.0373727504255092
usp000gdw4|ring|0-50km,usp000gdw4,ring,0-50km,53,1.3191965907343093
usp000gdw4|ring|0-50km,usp000gdw4,ring,0-50km,54,1.453081243202901
usp000gdw4|ring|0-50km,usp000gdw4,ring,0-50km,55,1.0985020238983765
usp000gdw4|ring|0-50km,usp000gdw4,ring,0-50km,56,1.0480812741173402
usp000gdw4|ring|0-50km,usp000gdw4,ring,0-50km,57,1.0123671586810072
usp000gdw4|ring|0-50km,usp000gdw4,ring,0-50km,58,1.1313589411906477
usp000gdw4|ring|0-50km,usp000gdw4,ring,0-50km,59,0.7790474178070177
usp000gdw4|ring|0-50km,usp000gdw4,ring,0-50km,60,0.8904430399452387
usp000gdw4|ring|0-50km,usp000gdw4,ring,0-50km,61,0.9983089492384606
usp000gdw4|ring|0-50km,usp000gdw4,ring,0-50km,62,1.4371632615757097
usp000gdw4|ring|0-50km,usp000gdw4,ring,0-50km,63,1.0643527099167809
usp000gdw4|ring|0-50km,usp000gdw4,ring,0-50km,64,0.9388583786466618
usp000gdw4|ring|0-50km,usp000gdw4,ring,0-50km,65,0.9324673126056788
usp000gdw4|ring|0-50km,usp000gdw4,ring,0-50km,66,0.9439536963513899
usp000gdw4|ring|0-50km,usp000gdw4,ring,0-50km,67,0.7573770936396904
usp000gdw4|ring|0-50km,usp000gdw4,ring,0-50km,68,0.9274261013272835
usp000gdw4|ring|0-50km,usp000gdw4,ring,0-50km,69,1.1103920745197666
usp000gdw4|ring|0-50km,usp000gdw4,ring,0-50km,70,1.1576650229222492
usp000gdw4|ring|0-50km,usp000gdw4,ring,0-50km,71,1.095328440105726
usp000gdw4|ring|0-50km,usp000gdw4,ring,0-50km,72,1.1325580712325285
usp000gdw4|ring|0-50km,usp000gdw4,ring,0-50km,73,1.0242935202651582
usp000gdw4|ring|0-50km,usp000gdw4,ring,0-50km,74,1.0888573237016128
usp000gdw4|ring|0-50km,usp000gdw4,ring,0-50km,75,1.0851514085528542
usp000gdw4|ring|0-50km,usp000gdw4,ring,0-50km,76,1.1409566863701772
usp000gdw4|ring|0-50km,usp000gdw4,ring,0-50km,77,0.9523584725442708
usp000gdw4|ring|0-50km,usp000gdw4,ring,0-50km,78,1.2064688849012504
usp000gdw4|ring|0-50km,usp000gdw4,ring,0-50km,79,1.4686180194753673
usp000gdw4|ring|0-50km,usp000gdw4,ring,0-50km,80,0.8306700664029963
usp000gdw4|ring|0-50km,usp000gdw4,ring,0-50km,81,1.0808431824584415
usp000gdw4|ring|0-50km,usp000gdw4,ring,0-50km,82,0.9981726744844402
usp000gdw4|ring|0-50km,usp000gdw4,ring,0-50km,83,1.0926159167166243
usp000gdw4|ring|0-50km,usp000gdw4,ring,0-50km,84,0.8420597427526858
usp000gdw4|ring|0-50km,usp000gdw4,ring,0-50km,85,1.0577800637306134
usp000gdw4|ring|0-50km,usp000gdw4,ring,0-50km,86,0.9370312752245538
usp000gdw4|ring|0-50km,usp000gdw4,ring,0-50km,87,0.8759578184647279
usp000gdw4|ring|0-50km,usp000gdw4,ring,0-50km,88,0.9661018554313748
usp000gdw4|ring|0-50km,usp000gdw4,ring,0-50km,89,1.0395126584929695
usp000gdw4|ring|0-50km,usp000gdw4,ring,0-50km,90,0.872247923817386
usp000gdw4|ring|0-50km,usp000gdw4,ring,0-50km,91,0.86593859713885
usp000gdw4|ring|0-50km,usp000gdw4,ring,0-50km,92,0.999878410541077
usp000gdw4|ring|0-50km,usp000gdw4,ring,0-50km,93,0.968903682460402
usp000gdw4|ring|0-50km,usp000gdw4,ring,0-50km,94,1.2700328662666986
usp000gdw4|ring|0-50km,usp000gdw4,ring,0-50km,95,0.8447509338375375
usp000gdw4|ring|0-50km,usp000gdw4,ring,0-50km,96,1.0375621332378204
usp000gdw4|ring|0-50km,usp000gdw4,ring,0-50km,97,1.136105961431027
usp000gdw4|ring|0-50km,usp000gdw4,ring,0-50km,98,0.8433239620993056
usp000gdw4|ring|0-50km,usp000gdw4,ring,0-50km,99,1.165296784862154
usp000gdw4|ring|0-50km,usp000gdw4,ring,0-50km,100,1.0522310439861355
usp000gdw4|ring|0-50km,usp000gdw4,ring,0-50km,101,0.8849185610028893
usp000gdw4|ring|0-50km,usp000gdw4,ring,0-50km,102,0.9050918074443872
usp000gdw4|ring|0-50km,usp000gdw4,ring,0-50km,103,0.8745418919791003
usp000gdw4|ring|0-50km,usp000gdw4,ring,0-50km,104,1.095611622637027
usp000gdw4|ring|0-50km,usp000gdw4,ring,0-50km,105,1.0660566772659767
usp000gdw4|ring|0-50km,usp000gdw4,ring,0-50km,106,1.1077666062049212
usp000gdw4|ring|0-50km,usp000gdw4,ring,0-50km,107,0.9730425706934988
usp000gdw4|ring|0-50km,usp000gdw4,ring,0-50km,108,0.8096578991155551
usp000gdw4|ring|0-50km,usp000gdw4,ring,0-50km,109,0.967932228384623
usp000gdw4|ring|0-50km,usp000gdw4,ring,0-50km,110,1.0032816165721163
usp000gdw4|ring|0-50km,usp000gdw4,ring,0-50km,111,1.197206200542513
usp000gdw4|ring|0-50km,usp000gdw4,ring,0-50km,112,0.9679344694040809
usp000gdw4|ring|0-50km,usp000gdw4,ring,0-50km,113,0.8227780867941852
usp000gdw4|ring|0-50km,usp000gdw4,ring,0-50km,114,0.882121830233273
usp000gdw4|ring|0-50km,usp000gdw4,ring,0-50km,115,1.179919708655215
usp000gdw4|ring|0-50km,usp000gdw4,ring,0-50km,116,0.8246381877038917
usp000gdw4|ring|0-50km,usp000gdw4,ring,0-50km,117,1.0349232463894036
usp000gdw4|ring|0-50km,usp000gdw4,ring,0-50km,118,0.9905150450044459
usp000gdw4|ring|0-50km,usp000gdw4,ring,0-50km,119,1.1659823940068557
usp000gdw4|ring|0-50km,usp000gdw4,ring,0-50km,120,0.9596025525457277
usp000gdw4|ring|0-50km,usp000gdw4,ring,0-50km,121,1.1387418324400203
usp000gdw4|ring|0-50km,usp000gdw4,ring,0-50km,122,1.1575065244041494
usp000gdw4|ring|0-50km,usp000gdw4,ring,0-50km,123,1.0348669163536623
usp000gdw4|ring|0-50km,usp000gdw4,ring,0-50km,124,0.7714498590910608
usp000gdw4|ring|0-50km,usp000gdw4,ring,0-50km,125,1.0382856962045668
usp000gdw4|ring|0-50km,usp000gdw4,ring,0-50km,126,1.315065326958363
usp000gdw4|ring|0-50km,usp000gdw4,ring,0-50km,127,1.0395748172249168
usp000gdw4|ring|0-50km,usp000gdw4,ring,0-50km,128,0.9419226788517141
usp000gdw4|ring|0-50km,usp000gdw4,ring,0-50km,129,0.9778703903464155
usp000gdw4|ring|0-50km,usp000gdw4,ring,0-50km,130,1.1717814274720009
usp000gdw4|ring|0-50km,usp000gdw4,ring,0-50km,131,1.1726058160870918
usp000gdw4|ring|0-50km,usp000gdw4,ring,0-50km,132,1.0757128958356026
usp000gdw4|ring|0-50km,usp000gdw4,ring,0-50km,133,1.0242886447780715
usp000gdw4|ring|0-50km,usp000gdw4,ring,0-50km,134,1.201161942010705
usp000gdw4|ring|0-50km,usp000gdw4,ring,0-50km,135,1.1942003490687736
usp000gdw4|ring|0-50km,usp000gdw4,ring,0-50km,136,0.9195424273417295
usp000gdw4|ring|0-50km,usp000gdw4,ring,0-50km,137,1.1493303018009025
usp000gdw4|ring|0-50km,usp000gdw4,ring,0-50km,138,1.0572639688745418
usp000gdw4|ring|0-50km,usp000gdw4,ring,0-50km,139,0.6751452866576068
usp000gdw4|ring|0-50km,usp000gdw4,ring,0-50km,140,1.0653724731878835
usp000gdw4|ring|0-50km,usp000gdw4,ring,0-50km,141,0.9438057670128583
usp000gdw4|ring|0-50km,usp000gdw4,ring,0-50km,142,1.0424818686699977
usp000gdw4|ring|0-50km,usp000gdw4,ring,0-50km,143,1.1052532791669105
usp000gdw4|ring|0-50km,usp000gdw4,ring,0-50km,144,0.9682156537304311
usp000gdw4|ring|0-50km,usp000gdw4,ring,0-50km,145,0.9520714420614743
usp000gdw4|ring|0-50km,usp000gdw4,ring,0-50km,146,0.6381298681272407
usp000gdw4|ring|0-50km,usp000gdw4,ring,0-50km,147,1.2759447002413156
usp000gdw4|ring|0-50km,usp000gdw4,ring,0-50km,148,1.0940064539324796
usp000gdw4|ring|0-50km,usp000gdw4,ring,0-50km,149,1.0629945828197271
usp000gdw4|ring|0-50km,usp000gdw4,ring,0-50km,150,1.0426695844971463
usp000gdw4|ring|0-50km,usp000gdw4,ring,0-50km,151,1.175269854748361
usp000gdw4|ring|0-50km,usp000gdw4,ring,0-50km,152,1.3218164061633195
usp000gdw4|ring|0-50km,usp000gdw4,ring,0-50km,153,1.7447530764853443
usp000gdw4|ring|0-50km,usp000gdw4,ring,0-50km,154,0.947956730016291
usp000gdw4|ring|0-50km,usp000gdw4,ring,0-50km,155,1.535115591232287
usp000gdw4|ring|0-50km,usp000gdw4,ring,0-50km,156,1.1656034947375724
usp000gdw4|ring|0-50km,usp000gdw4,ring,0-50km,157,1.0370204090682107
usp000gdw4|ring|0-50km,usp000gdw4,ring,0-50km,158,0.6512150588386977
usp000gdw4|ring|0-50km,usp000gdw4,ring,0-50km,159,0.9263629945665437
usp000gdw4|ring|0-50km,usp000gdw4,ring,0-50km,160,0.860159826323052
usp000gdw4|ring|0-50km,usp000gdw4,ring,0-50km,161,0.9127161843011682
usp000gdw4|ring|0-50km,usp000gdw4,ring,0-50km,162,0.8939756556388933
usp000gdw4|ring|0-50km,usp000gdw4,ring,0-50km,163,1.079165853074359
usp000gdw4|ring|0-50km,usp000gdw4,ring,0-50km,164,0.877050761762965
usp000gdw4|ring|0-50km,usp000gdw4,ring,0-50km,165,0.7533589489489181
usp000gdw4|ring|0-50km,usp000gdw4,ring,0-50km,166,1.09059642811398
usp000gdw4|ring|0-50km,usp000gdw4,ring,0-50km,167,1.0165596475446435
usp000gdw4|ring|0-50km,usp000gdw4,ring,0-50km,168,1.0086563945425049
usp000gdw4|ring|0-50km,usp000gdw4,ring,0-50km,169,1.241116199469387
usp000gdw4|ring|0-50km,usp000gdw4,ring,0-50km,170,1.420424517146707
usp000gdw4|ring|0-50km,usp000gdw4,ring,0-50km,171,0.8968973711204422
usp000gdw4|ring|0-50km,usp000gdw4,ring,0-50km,172,0.9153791392663875
usp000gdw4|ring|0-50km,usp000gdw4,ring,0-50km,173,0.8443133439459696
usp000gdw4|ring|0-50km,usp000gdw4,ring,0-50km,174,1.1056882502834038
usp000gdw4|ring|0-50km,usp000gdw4,ring,0-50km,175,1.17921300371463
usp000gdw4|ring|0-50km,usp000gdw4,ring,0-50km,176,0.989049047699535
usp000gdw4|ring|0-50km,usp000gdw4,ring,0-50km,177,1.0256310635179646
usp000gdw4|ring|0-50km,usp000gdw4,ring,0-50km,178,1.0041850506989727
usp000gdw4|ring|0-50km,usp000gdw4,ring,0-50km,179,1.0685556890138188
usp000gdw4|ring|0-50km,usp000gdw4,ring,0-50km,180,0.9602214086163098
usp000gdw4|ring|0-50km,usp000gdw4,ring,0-50km,181,0.8179981799164641
usp000gdw4|ring|0-50km,usp000gdw4,ring,0-50km,182,1.1549520317365822
usp000gdw4|ring|0-50km,usp000gdw4,ring,0-50km,183,0.9057287829452655
usp000gdw4|ring|0-50km,usp000gdw4,ring,0-50km,184,1.1568135797878938
usp000gdw4|ring|0-50km,usp000gdw4,ring,0-50km,185,0.9686167542794784
usp000gdw4|ring|0-50km,usp000gdw4,ring,0-50km,186,1.168690218361568
usp000gdw4|ring|0-50km,usp000gdw4,ring,0-50km,187,0.7434193321839453
usp000gdw4|ring|0-50km,usp000gdw4,ring,0-50km,188,1.0387831473750664
usp000gdw4|ring|0-50km,usp000gdw4,ring,0-50km,189,1.3068764914430195
usp000gdw4|ring|0-50km,usp000gdw4,ring,0-50km,190,1.1973274566602272
usp000gdw4|ring|0-50km,usp000gdw4,ring,0-50km,191,0.9710584586762393
usp000gdw4|ring|0-50km,usp000gdw4,ring,0-50km,192,1.142282175867153
usp000gdw4|ring|0-50km,usp000gdw4,ring,0-50km,193,1.177723078997848
usp000gdw4|ring|0-50km,usp000gdw4,ring,0-50km,194,1.354298728506206
usp000gdw4|ring|0-50km,usp000gdw4,ring,0-50km,195,1.061775925652518
usp000gdw4|ring|0-50km,usp000gdw4,ring,0-50km,196,0.9519939257398914
usp000gdw4|ring|0-50km,usp000gdw4,ring,0-50km,197,1.4928381673434536
usp000gdw4|ring|0-50km,usp000gdw4,ring,0-50km,198,0.8958009519473632
usp000gdw4|ring|0-50km,usp000gdw4,ring,0-50km,199,0.9998482848916712
usp000gdw4|ring|50-150km,usp000gdw4,ring,50-150km,0,0.2
usp000gdw4|ring|50-150km,usp000gdw4,ring,50-150km,1,0.610274391336883
usp000gdw4|ring|50-150km,usp000gdw4,ring,50-150km,2,0.32415325769467723
usp000gdw4|ring|50-150km,usp000gdw4,ring,50-150km,3,0.38210903856031275
usp000gdw4|ring|50-150km,usp000gdw4,ring,50-150km,4,0.4289062638443478
usp000gdw4|ring|50-150km,usp000gdw4,ring,50-150km,5,0.3178205821375281
usp000gdw4|ring|50-150km,usp000gdw4,ring,50-150km,6,0.2
usp000gdw4|ring|50-150km,usp000gdw4,ring,50-150km,7,0.2
usp000gdw4|ring|50-150km,usp000gdw4,ring,50-150km,8,0.32789401341881447
usp000gdw4|ring|50-150km,usp000gdw4,ring,50-150km,9,0.30709370208423487
usp000gdw4|ring|50-150km,usp000gdw4,ring,50-150km,10,0.31470637827098075
usp000gdw4|ring|50-150km,usp000gdw4,ring,50-150km,11,0.36478373146034104
usp000gdw4|ring|50-150km,usp000gdw4,ring,50-150km,12,0.5736548480162283
usp000gdw4|ring|50-150km,usp000gdw4,ring,50-150km,13,0.39551866379624717
usp000gdw4|ring|50-150km,usp000gdw4,ring,50-150km,14,0.2065069160798944
usp000gdw4|ring|50-150km,usp000gdw4,ring,50-150km,15,0.328394350905044
usp000gdw4|ring|50-150km,usp000gdw4,ring,50-150km,16,0.2
usp000gdw4|ring|50-150km,usp000gdw4,ring,50-150km,17,0.3188757048312326
usp000gdw4|ring|50-150km,usp000gdw4,ring,50-150km,18,0.2
usp000gdw4|ring|50-150km,usp000gdw4,ring,50-150km,19,0.3178891757106408
usp000gdw4|ring|50-150km,usp000gdw4,ring,50-150km,20,0.35264754153281147
usp000gdw4|ring|50-150km,usp000gdw4,ring,50-150km,21,0.3327503936385229
usp000gdw4|ring|50-150km,usp000gdw4,ring,50-150km,22,0.35764662542537834
usp000gdw4|ring|50-150km,usp000gdw4,ring,50-150km,23,0.2
usp000gdw4|ring|50-150km,usp000gdw4,ring,50-150km,24,0.6050627337590304
usp000gdw4|ring|50-150km,usp000gdw4,ring,50-150km,25,0.2
usp000gdw4|ring|50-150km,usp000gdw4,ring,50-150km,26,0.6362398492279876
usp000gdw4|ring|50-150km,usp000gdw4,ring,50-150km,27,0.42790649852790985
usp000gdw4|ring|50-150km,usp000gdw4,ring,50-150km,28,0.2
usp000gdw4|ring|50-150km,usp000gdw4,ring,50-150km,29,0.49747696226116295
usp000gdw4|ring|50-150km,usp000gdw4,ring,50-150km,30,0.2
usp000gdw4|ring|50-150km,usp000gdw4,ring,50-150km,31,0.7260954553294195
usp000gdw4|ring|50-150km,usp000gdw4,ring,50-150km,32,0.2
usp000gdw4|ring|50-150km,usp000gdw4,ring,50-150km,33,0.27508771533744103
usp000gdw4|ring|50-150km,usp000gdw4,ring,50-150km,34,0.5247215444723825
usp000gdw4|ring|50-150km,usp000gdw4,ring,50-150km,35,0.3397673906642079
usp000gdw4|ring|50-150km,usp000gdw4,ring,50-150km,36,0.2
usp000gdw4|ring|50-150km,usp000gdw4,ring,50-150km,37,0.3242651233755594
usp000gdw4|ring|50-150km,usp000gdw4,ring,50-150km,38,0.2918416364445864
usp000gdw4|ring|50-150km,usp000gdw4,ring,50-150km,39,0.32320122452500655
usp000gdw4|ring|50-150km,usp000gdw4,ring,50-150km,40,0.2
usp000gdw4|ring|50-150km,usp000gdw4,ring,50-150km,41,0.21335317918800556
usp000gdw4|ring|50-150km,usp000gdw4,ring,50-150km,42,0.29713541311959485
usp000gdw4|ring|50-150km,usp000gdw4,ring,50-150km,43,0.7367650717691804
usp000gdw4|ring|50-150km,usp000gdw4,ring,50-150km,44,0.24637751454176926
usp000gdw4|ring|50-150km,usp000gdw4,ring,50-150km,45,0.35002807737870395
usp000gdw4|ring|50-150km,usp000gdw4,ring,50-150km,46,0.32288259745461556
usp000gdw4|ring|50-150km,usp000gdw4,ring,50-150km,47,0.2
usp000gdw4|ring|50-150km,usp000gdw4,ring,50-150km,48,0.6883732369333845
usp000gdw4|ring|50-150km,usp000gdw4,ring,50-150km,49,0.47119733942172737
usp000gdw4|ring|50-150km,usp000gdw4,ring,50-150km,50,0.31355281579479494
usp000gdw4|ring|50-150km,usp000gdw4,ring,50-150km,51,0.2916832131741821
usp000gdw4|ring|50-150km,usp000gdw4,ring,50-150km,52,0.3404408545507591
usp000gdw4|ring|50-150km,usp000gdw4,ring,50-150km,53,0.35573437878611175
usp000gdw4|ring|50-150km,usp000gdw4,ring,50-150km,54,0.3244264202905349
usp000gdw4|ring|50-150km,usp000gdw4,ring,50-150km,55,0.5333738170564268
usp000gdw4|ring|50-150km,usp000gdw4,ring,50-150km,56,0.2
usp000gdw4|ring|50-150km,usp000gdw4,ring,50-150km,57,0.2
usp000gdw4|ring|50-150km,usp000gdw4,ring,50-150km,58,0.47021608826836675
usp000gdw4|ring|50-150km,usp000gdw4,ring,50-150km,59,0.48372252808217114
usp000gdw4|ring|50-150km,usp000gdw4,ring,50-150km,60,0.2585941689863919
usp000gdw4|ring|50-150km,usp000gdw4,ring,50-150km,61,0.272362085899373
usp000gdw4|ring|50-150km,usp000gdw4,ring,50-150km,62,0.2
usp000gdw4|ring|50-150km,usp000gdw4,ring,50-150km,63,0.33712004880386837
usp000gdw4|ring|50-150km,usp000gdw4,ring,50-150km,64,0.21292162577290027
usp000gdw4|ring|50-150km,usp000gdw4,ring,50-150km,65,0.29811236221939974
usp000gdw4|ring|50-150km,usp000gdw4,ring,50-150km,66,0.2
usp000gdw4|ring|50-150km,usp000gdw4,ring,50-150km,67,0.2847327004217836
usp000gdw4|ring|50-150km,usp000gdw4,ring,50-150km,68,0.27765849289387895
usp000gdw4|ring|50-150km,usp000gdw4,ring,50-150km,69,0.29293799513977364
usp000gdw4|ring|50-150km,usp000gdw4,ring,50-150km,70,0.2
usp000gdw4|ring|50-150km,usp000gdw4,ring,50-150km,71,0.33523628840999475
usp000gdw4|ring|50-150km,usp000gdw4,ring,50-150km,72,0.5984975741219347
usp000gdw4|ring|50-150km,usp000gdw4,ring,50-150km,73,0.2935123138869679
usp000gdw4|ring|50-150km,usp000gdw4,ring,50-150km,74,0.3323821306118792
usp000gdw4|ring|50-150km,usp000gdw4,ring,50-150km,75,0.5525257696965686
usp000gdw4|ring|50-150km,usp000gdw4,ring,50-150km,76,0.20880280665130344
usp000gdw4|ring|50-150km,usp000gdw4,ring,50-150km,77,0.26772016450738195
usp000gdw4|ring|50-150km,usp000gdw4,ring,50-150km,78,0.5096601109259246
usp000gdw4|ring|50-150km,usp000gdw4,ring,50-150km,79,0.3632992570144047
usp000gdw4|ring|50-150km,usp000gdw4,ring,50-150km,80,0.32866363056179093
usp000gdw4|ring|50-150km,usp000gdw4,ring,50-150km,81,0.3939420981287306
usp000gdw4|ring|50-150km,usp000gdw4,ring,50-150km,82,0.3350812510928703
usp000gdw4|ring|50-150km,usp000gdw4,ring,50-150km,83,0.5586841479729043
usp000gdw4|ring|50-150km,usp000gdw4,ring,50-150km,84,0.2875480093992192
usp000gdw4|ring|50-150km,usp000gdw4,ring,50-150km,85,0.3561765436893854
usp000gdw4|ring|50-150km,usp000gdw4,ring,50-150km,86,0.5385561951870036
usp000gdw4|ring|50-150km,usp000gdw4,ring,50-150km,87,0.6772701087782622
usp000gdw4|ring|50-150km,usp000gdw4,ring,50-150km,88,0.654005536216445
usp000gdw4|ring|50-150km,usp000gdw4,ring,50-150km,89,0.2
usp000gdw4|ring|50-150km,usp000gdw4,ring,50-150km,90,0.37030701655995607
usp000gdw4|ring|50-150km,usp000gdw4,ring,50-150km,91,0.30361192222525074
usp000gdw4|ring|50-150km,usp000gdw4,ring,50-150km,92,0.578741802727096
usp000gdw4|ring|50-150km,usp000gdw4,ring,50-150km,93,0.5109449730585202
usp000gdw4|ring|50-150km,usp000gdw4,ring,50-150km,94,0.2
usp000gdw4|ring|50-150km,usp000gdw4,ring,50-150km,95,0.5190012564209749
usp000gdw4|ring|50-150km,usp000gdw4,ring,50-150km,96,0.2
usp000gdw4|ring|50-150km,usp000gdw4,ring,50-150km,97,0.43966514163811016
usp000gdw4|ring|50-150km,usp000gdw4,ring,50-150km,98,0.48153677303430065
usp000gdw4|ring|50-150km,usp000gdw4,ring,50-150km,99,0.2496848038590139
usp000gdw4|ring|50-150km,usp000gdw4,ring,50-150km,100,0.25188951265860127
usp000gdw4|ring|50-150km,usp000gdw4,ring,50-150km,101,0.26711626384517634
usp000gdw4|ring|50-150km,usp000gdw4,ring,50-150km,102,0.2
usp000gdw4|ring|50-150km,usp000gdw4,ring,50-150km,103,0.2966915997845073
usp000gdw4|ring|50-150km,usp000gdw4,ring,50-150km,104,0.4189893197204454
usp000gdw4|ring|50-150km,usp000gdw4,ring,50-150km,105,0.2788859692182632
usp000gdw4|ring|50-150km,usp000gdw4,ring,50-150km,106,0.45776046791648195
usp000gdw4|ring|50-150km,usp000gdw4,ring,50-150km,107,0.21671781293418896
usp000gdw4|ring|50-150km,usp000gdw4,ring,50-150km,108,0.24362667096339857
usp000gdw4|ring|50-150km,usp000gdw4,ring,50-150km,109,0.36516742962174253
usp000gdw4|ring|50-150km,usp000gdw4,ring,50-150km,110,0.5587838782819688
usp000gdw4|ring|50-150km,usp000gdw4,ring,50-150km,111,0.21909002905044364
usp000gdw4|ring|50-150km,usp000gdw4,ring,50-150km,112,0.3691410030973522
usp000gdw4|ring|50-150km,usp000gdw4,ring,50-150km,113,0.27321937052852985
usp000gdw4|ring|50-150km,usp000gdw4,ring,50-150km,114,0.32289598600282887
usp000gdw4|ring|50-150km,usp000gdw4,ring,50-150km,115,0.2
usp000gdw4|ring|50-150km,usp000gdw4,ring,50-150km,116,0.48038961973416155
usp000gdw4|ring|50-150km,usp000gdw4,ring,50-150km,117,0.3102163742921245
usp000gdw4|ring|50-150km,usp000gdw4,ring,50-150km,118,0.2603265032083937
usp000gdw4|ring|50-150km,usp000gdw4,ring,50-150km,119,0.3011770403798428
usp000gdw4|ring|50-150km,usp000gdw4,ring,50-150km,120,0.374368933865782
usp000gdw4|ring|50-150km,usp000gdw4,ring,50-150km,121,0.5381502946955207
usp000gdw4|ring|50-150km,usp000gdw4,ring,50-150km,122,0.2509439259850552
usp000gdw4|ring|50-150km,usp000gdw4,ring,50-150km,123,0.2
usp000gdw4|ring|50-150km,usp000gdw4,ring,50-150km,124,0.3026028840946934
usp000gdw4|ring|50-150km,usp000gdw4,ring,50-150km,125,0.5146680604262925
usp000gdw4|ring|50-150km,usp000gdw4,ring,50-150km,126,0.21992512523723876
usp000gdw4|ring|50-150km,usp000gdw4,ring,50-150km,127,0.37824617795288806
usp000gdw4|ring|50-150km,usp000gdw4,ring,50-150km,128,0.25157743035068536
usp000gdw4|ring|50-150km,usp000gdw4,ring,50-150km,129,0.25162927919951544
usp000gdw4|ring|50-150km,usp000gdw4,ring,50-150km,130,0.3296500341154462
usp000gdw4|ring|50-150km,usp000gdw4,ring,50-150km,131,0.2
usp000gdw4|ring|50-150km,usp000gdw4,ring,50-150km,132,0.2677697794301587
usp000gdw4|ring|50-150km,usp000gdw4,ring,50-150km,133,0.2
usp000gdw4|ring|50-150km,usp000gdw4,ring,50-150km,134,0.3181352829922565
usp000gdw4|ring|50-150km,usp000gdw4,ring,50-150km,135,0.29971509771767507
usp000gdw4|ring|50-150km,usp000gdw4,ring,50-150km,136,0.5355270436589424
usp000gdw4|ring|50-150km,usp000gdw4,ring,50-150km,137,0.2
usp000gdw4|ring|50-150km,usp000gdw4,ring,50-150km,138,0.2
usp000gdw4|ring|50-150km,usp000gdw4,ring,50-150km,139,0.27924605936426466
usp000gdw4|ring|50-150km,usp000gdw4,ring,50-150km,140,0.5525403775265673
usp000gdw4|ring|50-150km,usp000gdw4,ring,50-150km,141,0.35871419070139404
usp000gdw4|ring|50-150km,usp000gdw4,ring,50-150km,142,0.45323877513582755
usp000gdw4|ring|50-150km,usp000gdw4,ring,50-150km,143,0.3033778308377254
usp000gdw4|ring|50-150km,usp000gdw4,ring,50-150km,144,0.6233418416404152
usp000gdw4|ring|50-150km,usp000gdw4,ring,50-150km,145,0.6231989455579071
usp000gdw4|ring|50-150km,usp000gdw4,ring,50-150km,146,0.518269747945722
usp000gdw4|ring|50-150km,usp000gdw4,ring,50-150km,147,0.3234147716762615
usp000gdw4|ring|50-150km,usp000gdw4,ring,50-150km,148,0.256055641815037
usp000gdw4|ring|50-150km,usp000gdw4,ring,50-150km,149,0.29955250427678976
usp000gdw4|ring|50-150km,usp000gdw4,ring,50-150km,150,0.29867891400577307
usp000gdw4|ring|50-150km,usp000gdw4,ring,50-150km,151,0.3347252770932365
usp000gdw4|ring|50-150km,usp000gdw4,ring,50-150km,152,0.3800211872314057
usp000gdw4|ring|50-150km,usp000gdw4,ring,50-150km,153,0.5542283931454515
usp000gdw4|ring|50-150km,usp000gdw4,ring,50-150km,154,0.2
usp000gdw4|ring|50-150km,usp000gdw4,ring,50-150km,155,0.5693035563955211
usp000gdw4|ring|50-150km,usp000gdw4,ring,50-150km,156,0.5678148966254856
usp000gdw4|ring|50-150km,usp000gdw4,ring,50-150km,157,0.6168529793457869
usp000gdw4|ring|50-150km,usp000gdw4,ring,50-150km,158,0.4767882215056976
usp000gdw4|ring|50-150km,usp000gdw4,ring,50-150km,159,0.2
usp000gdw4|ring|50-150km,usp000gdw4,ring,50-150km,160,0.3490217587864428
usp000gdw4|ring|50-150km,usp000gdw4,ring,50-150km,161,0.5528195504523693
usp000gdw4|ring|50-150km,usp000gdw4,ring,50-150km,162,0.589358395422857
usp000gdw4|ring|50-150km,usp000gdw4,ring,50-150km,163,0.4349596755690459
usp000gdw4|ring|50-150km,usp000gdw4,ring,50-150km,164,0.2684683475089542
usp000gdw4|ring|50-150km,usp000gdw4,ring,50-150km,165,0.4296634726437776
usp000gdw4|ring|50-150km,usp000gdw4,ring,50-150km,166,0.36361365211352353
usp000gdw4|ring|50-150km,usp000gdw4,ring,50-150km,167,0.2
usp000gdw4|ring|50-150km,usp000gdw4,ring,50-150km,168,0.29305206317714444
usp000gdw4|ring|50-150km,usp000gdw4,ring,50-150km,169,0.7036232235220571
usp000gdw4|ring|50-150km,usp000gdw4,ring,50-150km,170,0.2
usp000gdw4|ring|50-150km,usp000gdw4,ring,50-150km,171,0.3094004553176615
usp000gdw4|ring|50-150km,usp000gdw4,ring,50-150km,172,0.4560701404103239
usp000gdw4|ring|50-150km,usp000gdw4,ring,50-150km,173,0.20124164890425064
usp000gdw4|ring|50-150km,usp000gdw4,ring,50-150km,174,0.26123242436354743
usp000gdw4|ring|50-150km,usp000gdw4,ring,50-150km,175,0.29798447229160985
usp000gdw4|ring|50-150km,usp000gdw4,ring,50-150km,176,0.48919887171209947
usp000gdw4|ring|50-150km,usp000gdw4,ring,50-150km,177,0.2
usp000gdw4|ring|50-150km,usp000gdw4,ring,50-150km,178,0.6060094819685015
usp000gdw4|ring|50-150km,usp000gdw4,ring,50-150km,179,0.5872660656912214
usp000gdw4|ring|50-150km,usp000gdw4,ring,50-150km,180,0.2691248286375403
usp000gdw4|ring|50-150km,usp000gdw4,ring,50-150km,181,0.6432911855025052
usp000gdw4|ring|50-150km,usp000gdw4,ring,50-150km,182,0.21208630087578303
usp000gdw4|ring|50-150km,usp000gdw4,ring,50-150km,183,0.3747450036482703
usp000gdw4|ring|50-150km,usp000gdw4,ring,50-150km,184,0.24953650083958503
usp000gdw4|ring|50-150km,usp000gdw4,ring,50-150km,185,0.2
usp000gdw4|ring|50-150km,usp000gdw4,ring,50-150km,186,0.2610451008353266
usp000gdw4|ring|50-150km,usp000gdw4,ring,50-150km,187,0.4248383555408324
usp000gdw4|ring|50-150km,usp000gdw4,ring,50-150km,188,0.26935265777288503
usp000gdw4|ring|50-150km,usp000gdw4,ring,50-150km,189,0.41883672002487826
usp000gdw4|ring|50-150km,usp000gdw4,ring,50-150km,190,0.2
usp000gdw4|ring|50-150km,usp000gdw4,ring,50-150km,191,0.3768470229865697
usp000gdw4|ring|50-150km,usp000gdw4,ring,50-150km,192,0.2
usp000gdw4|ring|50-150km,usp000gdw4,ring,50-150km,193,0.6174657457992518
usp000gdw4|ring|50-150km,usp000gdw4,ring,50-150km,194,0.2793750923865493
usp000gdw4|ring|50-150km,usp000gdw4,ring,50-150km,195,0.2
usp000gdw4|ring|50-150km,usp000gdw4,ring,50-150km,196,0.33695282230484846
usp000gdw4|ring|50-150km,usp000gdw4,ring,50-150km,197,0.3052148793283424
usp000gdw4|ring|50-150km,usp000gdw4,ring,50-150km,198,0.5103795782204108
usp000gdw4|ring|50-150km,usp000gdw4,ring,50-150km,199,0.32803577432182796
usp000gdw4|ring|150-400km,usp000gdw4,ring,150-400km,0,0.60315414340123
usp000gdw4|ring|150-400km,usp000gdw4,ring,150-400km,1,0.7564253624902936
usp000gdw4|ring|150-400km,usp000gdw4,ring,150-400km,2,0.7434308001722106
usp000gdw4|ring|150-400km,usp000gdw4,ring,150-400km,3,0.49191195159015694
usp000gdw4|ring|150-400km,usp000gdw4,ring,150-400km,4,0.7545652406187043
usp000gdw4|ring|150-400km,usp000gdw4,ring,150-400km,5,0.8199162764112985
usp000gdw4|ring|150-400km,usp000gdw4,ring,150-400km,6,0.7392803743874148
usp000gdw4|ring|150-400km,usp000gdw4,ring,150-400km,7,0.7762721962822873
usp000gdw4|ring|150-400km,usp000gdw4,ring,150-400km,8,0.6280391918873319
usp000gdw4|ring|150-400km,usp000gdw4,ring,150-400km,9,0.6849578332282678
usp000gdw4|ring|150-400km,usp000gdw4,ring,150-400km,10,0.7472918875366006
usp000gdw4|ring|150-400km,usp000gdw4,ring,150-400km,11,0.7238148060430175
usp000gdw4|ring|150-400km,usp000gdw4,ring,150-400km,12,0.6992424367056936
usp000gdw4|ring|150-400km,usp000gdw4,ring,150-400km,13,0.7820533659990644
usp000gdw4|ring|150-400km,usp000gdw4,ring,150-400km,14,0.7363965766180564
usp000gdw4|ring|150-400km,usp000gdw4,ring,150-400km,15,0.617190055272501
usp000gdw4|ring|150-400km,usp000gdw4,ring,150-400km,16,0.7193977666399921
usp000gdw4|ring|150-400km,usp000gdw4,ring,150-400km,17,0.7984674565437251
usp000gdw4|ring|150-400km,usp000gdw4,ring,150-400km,18,0.7678634398505555
usp000gdw4|ring|150-400km,usp000gdw4,ring,150-400km,19,0.7795262972942657
usp000gdw4|ring|150-400km,usp000gdw4,ring,150-400km,20,0.6116009485030091
usp000gdw4|ring|150-400km,usp000gdw4,ring,150-400km,21,0.8474853787489519
usp000gdw4|ring|150-400km,usp000gdw4,ring,150-400km,22,0.6542446308440563
usp000gdw4|ring|150-400km,usp000gdw4,ring,150-400km,23,0.5400791200757336
usp000gdw4|ring|150-400km,usp000gdw4,ring,150-400km,24,0.5862170856277585
usp000gdw4|ring|150-400km,usp000gdw4,ring,150-400km,25,0.6442476303920578
usp000gdw4|ring|150-400km,usp000gdw4,ring,150-400km,26,0.8421438732754569
usp000gdw4|ring|150-400km,usp000gdw4,ring,150-400km,27,0.6734034584070305
usp000gdw4|ring|150-400km,usp000gdw4,ring,150-400km,28,0.6049168669210226
usp000gdw4|ring|150-400km,usp000gdw4,ring,150-400km,29,0.6594647631649218
usp000gdw4|ring|150-400km,usp000gdw4,ring,150-400km,30,0.5843618337817249
usp000gdw4|ring|150-400km,usp000gdw4,ring,150-400km,31,0.674288424072322
usp000gdw4|ring|150-400km,usp000gdw4,ring,150-400km,32,0.8300052557913927
usp000gdw4|ring|150-400km,usp000gdw4,ring,150-400km,33,0.8556860428940429
usp000gdw4|ring|150-400km,usp000gdw4,ring,150-400km,34,0.8923914902550124
usp000gdw4|ring|150-400km,usp000gdw4,ring,150-400km,35,0.6618369328023679
usp000gdw4|ring|150-400km,usp000gdw4,ring,150-400km,36,0.6570219003121868
usp000gdw4|ring|150-400km,usp000gdw4,ring,150-400km,37,0.7658012457329425
usp000gdw4|ring|150-400km,usp000gdw4,ring,150-400km,38,0.8621939862512662
usp000gdw4|ring|150-400km,usp000gdw4,ring,150-400km,39,0.7901987757734275
usp000gdw4|ring|150-400km,usp000gdw4,ring,150-400km,40,0.6966218916943947
usp000gdw4|ring|150-400km,usp000gdw4,ring,150-400km,41,0.7202455653172473
usp000gdw4|ring|150-400km,usp000gdw4,ring,150-400km,42,0.8389456536066109
usp000gdw4|ring|150-400km,usp000gdw4,ring,150-400km,43,0.6874058216070558
usp000gdw4|ring|150-400km,usp000gdw4,ring,150-400km,44,0.7762747187372221
usp000gdw4|ring|150-400km,usp000gdw4,ring,150-400km,45,0.6735743773853305
usp000gdw4|ring|150-400km,usp000gdw4,ring,150-400km,46,0.8319479340869922
usp000gdw4|ring|150-400km,usp000gdw4,ring,150-400km,47,0.7390324968524621
usp000gdw4|ring|150-400km,usp000gdw4,ring,150-400km,48,0.6968765969284012
usp000gdw4|ring|150-400km,usp000gdw4,ring,150-400km,49,0.7938554810433789
usp000gdw4|ring|150-400km,usp000gdw4,ring,150-400km,50,0.6673623477695009
usp000gdw4|ring|150-400km,usp000gdw4,ring,150-400km,51,0.6949171658384585
usp000gdw4|ring|150-400km,usp000gdw4,ring,150-400km,52,0.6700627890960799
usp000gdw4|ring|150-400km,usp000gdw4,ring,150-400km,53,0.6693950158165335
usp000gdw4|ring|150-400km,usp000gdw4,ring,150-400km,54,0.8697489166492852
usp000gdw4|ring|150-400km,usp000gdw4,ring,150-400km,55,0.6264535614528918
usp000gdw4|ring|150-400km,usp000gdw4,ring,150-400km,56,0.757596451399791
usp000gdw4|ring|150-400km,usp000gdw4,ring,150-400km,57,0.845248793608735
usp000gdw4|ring|150-400km,usp000gdw4,ring,150-400km,58,0.6859146061860009
usp000gdw4|ring|150-400km,usp000gdw4,ring,150-400km,59,0.7425760087758464
usp000gdw4|ring|150-400km,usp000gdw4,ring,150-400km,60,0.6222426969205936
usp000gdw4|ring|150-400km,usp000gdw4,ring,150-400km,61,0.7663100742808305
usp000gdw4|ring|150-400km,usp000gdw4,ring,150-400km,62,0.709244310436298
usp000gdw4|ring|150-400km,usp000gdw4,ring,150-400km,63,0.9068737665036036
usp000gdw4|ring|150-400km,usp000gdw4,ring,150-400km,64,0.7997516676934443
usp000gdw4|ring|150-400km,usp000gdw4,ring,150-400km,65,0.6143385834267138
usp000gdw4|ring|150-400km,usp000gdw4,ring,150-400km,66,0.6955492853220867
usp000gdw4|ring|150-400km,usp000gdw4,ring,150-400km,67,0.6583835176603547
usp000gdw4|ring|150-400km,usp000gdw4,ring,150-400km,68,0.8219855305751113
usp000gdw4|ring|150-400km,usp000gdw4,ring,150-400km,69,0.7954221243270901
usp000gdw4|ring|150-400km,usp000gdw4,ring,150-400km,70,0.8823796292252613
usp000gdw4|ring|150-400km,usp000gdw4,ring,150-400km,71,0.7114287426971644
usp000gdw4|ring|150-400km,usp000gdw4,ring,150-400km,72,0.8301363897724512
usp000gdw4|ring|150-400km,usp000gdw4,ring,150-400km,73,0.9516856757272404
usp000gdw4|ring|150-400km,usp000gdw4,ring,150-400km,74,0.7387402072114878
usp000gdw4|ring|150-400km,usp000gdw4,ring,150-400km,75,0.8751243907897484
usp000gdw4|ring|150-400km,usp000gdw4,ring,150-400km,76,0.9795099245476623
usp000gdw4|ring|150-400km,usp000gdw4,ring,150-400km,77,0.8069922109572334
usp000gdw4|ring|150-400km,usp000gdw4,ring,150-400km,78,0.778490878553036
usp000gdw4|ring|150-400km,usp000gdw4,ring,150-400km,79,0.6480190047305052
usp000gdw4|ring|150-400km,usp000gdw4,ring,150-400km,80,0.864293527677216
usp000gdw4|ring|150-400km,usp000gdw4,ring,150-400km,81,0.6842284550488423
usp000gdw4|ring|150-400km,usp000gdw4,ring,150-400km,82,0.7376733898887172
usp000gdw4|ring|150-400km,usp000gdw4,ring,150-400km,83,0.7079073389109071
usp000gdw4|ring|150-400km,usp000gdw4,ring,150-400km,84,0.8642444842963766
usp000gdw4|ring|150-400km,usp000gdw4,ring,150-400km,85,0.5573207943621651
usp000gdw4|ring|150-400km,usp000gdw4,ring,150-400km,86,0.9062872977176959
usp000gdw4|ring|150-400km,usp000gdw4,ring,150-400km,87,0.7018671942937242
usp000gdw4|ring|150-400km,usp000gdw4,ring,150-400km,88,0.6813413667869612
usp000gdw4|ring|150-400km,usp000gdw4,ring,150-400km,89,0.8565338516539254
usp000gdw4|ring|150-400km,usp000gdw4,ring,150-400km,90,0.6068818761773677
usp000gdw4|ring|150-400km,usp000gdw4,ring,150-400km,91,0.6236995849205285
usp000gdw4|ring|150-400km,usp000gdw4,ring,150-400km,92,0.7205600707009332
usp000gdw4|ring|150-400km,usp000gdw4,ring,150-400km,93,0.6376896455474801
usp000gdw4|ring|150-400km,usp000gdw4,ring,150-400km,94,0.883599645213302
usp000gdw4|ring|150-400km,usp000gdw4,ring,150-400km,95,0.6825227048217022
usp000gdw4|ring|150-400km,usp000gdw4,ring,150-400km,96,0.6503764643952582
usp000gdw4|ring|150-400km,usp000gdw4,ring,150-400km,97,0.6796911492017079
usp000gdw4|ring|150-400km,usp000gdw4,ring,150-400km,98,0.7818139740747206
usp000gdw4|ring|150-400km,usp000gdw4,ring,150-400km,99,0.6972584120986249
usp000gdw4|ring|150-400km,usp000gdw4,ring,150-400km,100,0.6170449812816353
usp000gdw4|ring|150-400km,usp000gdw4,ring,150-400km,101,0.8144689310946045
usp000gdw4|ring|150-400km,usp000gdw4,ring,150-400km,102,0.8221502595485202
usp000gdw4|ring|150-400km,usp000gdw4,ring,150-400km,103,0.5922039063982593
usp000gdw4|ring|150-400km,usp000gdw4,ring,150-400km,104,0.7490671376876533
usp000gdw4|ring|150-400km,usp000gdw4,ring,150-400km,105,0.7379157029633632
usp000gdw4|ring|150-400km,usp000gdw4,ring,150-400km,106,0.6211494312238526
usp000gdw4|ring|150-400km,usp000gdw4,ring,150-400km,107,0.8471703934697489
usp000gdw4|ring|150-400km,usp000gdw4,ring,150-400km,108,0.7109660960637364
usp000gdw4|ring|150-400km,usp000gdw4,ring,150-400km,109,0.6469032163078211
usp000gdw4|ring|150-400km,usp000gdw4,ring,150-400km,110,0.6476275676184422
usp000gdw4|ring|150-400km,usp000gdw4,ring,150-400km,111,0.7097042779731044
usp000gdw4|ring|150-400km,usp000gdw4,ring,150-400km,112,0.7398357303110001
usp000gdw4|ring|150-400km,usp000gdw4,ring,150-400km,113,0.7694388823285824
usp000gdw4|ring|150-400km,usp000gdw4,ring,150-400km,114,0.8492615285359814
usp000gdw4|ring|150-400km,usp000gdw4,ring,150-400km,115,0.6366252898517659
usp000gdw4|ring|150-400km,usp000gdw4,ring,150-400km,116,0.7062424764762486
usp000gdw4|ring|150-400km,usp000gdw4,ring,150-400km,117,0.6487291524044737
usp000gdw4|ring|150-400km,usp000gdw4,ring,150-400km,118,0.8045916602238701
usp000gdw4|ring|150-400km,usp000gdw4,ring,150-400km,119,0.7076217630134534
usp000gdw4|ring|150-400km,usp000gdw4,ring,150-400km,120,0.7145704692288641
usp000gdw4|ring|150-400km,usp000gdw4,ring,150-400km,121,0.7114689537728102
usp000gdw4|ring|150-400km,usp000gdw4,ring,150-400km,122,0.7702121119767873
usp000gdw4|ring|150-400km,usp000gdw4,ring,150-400km,123,0.6884943028297695
usp000gdw4|ring|150-400km,usp000gdw4,ring,150-400km,124,0.6761462709759927
usp000gdw4|ring|150-400km,usp000gdw4,ring,150-400km,125,0.5596011765453224
usp000gdw4|ring|150-400km,usp000gdw4,ring,150-400km,126,0.7509478139662125
usp000gdw4|ring|150-400km,usp000gdw4,ring,150-400km,127,0.7394250872352142
usp000gdw4|ring|150-400km,usp000gdw4,ring,150-400km,128,0.6864822927705441
usp000gdw4|ring|150-400km,usp000gdw4,ring,150-400km,129,0.5682385946973951
usp000gdw4|ring|150-400km,usp000gdw4,ring,150-400km,130,0.792499640014476
usp000gdw4|ring|150-400km,usp000gdw4,ring,150-400km,131,0.7927592537818786
usp000gdw4|ring|150-400km,usp000gdw4,ring,150-400km,132,0.9382355190169538
usp000gdw4|ring|150-400km,usp000gdw4,ring,150-400km,133,0.8132423487433714
usp000gdw4|ring|150-400km,usp000gdw4,ring,150-400km,134,0.7400048901887278
usp000gdw4|ring|150-400km,usp000gdw4,ring,150-400km,135,0.8109003029608534
usp000gdw4|ring|150-400km,usp000gdw4,ring,150-400km,136,0.6590252569359577
usp000gdw4|ring|150-400km,usp000gdw4,ring,150-400km,137,0.7264530634834513
usp000gdw4|ring|150-400km,usp000gdw4,ring,150-400km,138,0.8365343651039068
usp000gdw4|ring|150-400km,usp000gdw4,ring,150-400km,139,0.7358577294419602
usp000gdw4|ring|150-400km,usp000gdw4,ring,150-400km,140,0.9900950556072242
usp000gdw4|ring|150-400km,usp000gdw4,ring,150-400km,141,0.7168073352570358
usp000gdw4|ring|150-400km,usp000gdw4,ring,150-400km,142,0.7582279756623661
usp000gdw4|ring|150-400km,usp000gdw4,ring,150-400km,143,0.9257152721263086
usp000gdw4|ring|150-400km,usp000gdw4,ring,150-400km,144,0.7341940863647305
usp000gdw4|ring|150-400km,usp000gdw4,ring,150-400km,145,0.7346855691204264
usp000gdw4|ring|150-400km,usp000gdw4,ring,150-400km,146,0.6724876296674603
usp000gdw4|ring|150-400km,usp000gdw4,ring,150-400km,147,0.6242723418514404
usp000gdw4|ring|150-400km,usp000gdw4,ring,150-400km,148,0.7938138965121512
usp000gdw4|ring|150-400km,usp000gdw4,ring,150-400km,149,0.8492657265769201
usp000gdw4|ring|150-400km,usp000gdw4,ring,150-400km,150,0.6964904834012607
usp000gdw4|ring|150-400km,usp000gdw4,ring,150-400km,151,0.6350120981120484
usp000gdw4|ring|150-400km,usp000gdw4,ring,150-400km,152,0.717753855961322
usp000gdw4|ring|150-400km,usp000gdw4,ring,150-400km,153,0.6662187418064643
usp000gdw4|ring|150-400km,usp000gdw4,ring,150-400km,154,0.8195096288844651
usp000gdw4|ring|150-400km,usp000gdw4,ring,150-400km,155,0.8146544558591905
usp000gdw4|ring|150-400km,usp000gdw4,ring,150-400km,156,0.8586449699705246
usp000gdw4|ring|150-400km,usp000gdw4,ring,150-400km,157,0.8663245385315936
usp000gdw4|ring|150-400km,usp000gdw4,ring,150-400km,158,0.48339554975146476
usp000gdw4|ring|150-400km,usp000gdw4,ring,150-400km,159,0.9407523223041081
usp000gdw4|ring|150-400km,usp000gdw4,ring,150-400km,160,0.8591936817617155
usp000gdw4|ring|150-400km,usp000gdw4,ring,150-400km,161,0.8423751548287214
usp000gdw4|ring|150-400km,usp000gdw4,ring,150-400km,162,0.7105915759771696
usp000gdw4|ring|150-400km,usp000gdw4,ring,150-400km,163,0.7219795956144831
usp000gdw4|ring|150-400km,usp000gdw4,ring,150-400km,164,0.46811935358527224
usp000gdw4|ring|150-400km,usp000gdw4,ring,150-400km,165,0.7739754033902847
usp000gdw4|ring|150-400km,usp000gdw4,ring,150-400km,166,0.7966663876661897
usp000gdw4|ring|150-400km,usp000gdw4,ring,150-400km,167,0.6818706593031764
usp000gdw4|ring|150-400km,usp000gdw4,ring,150-400km,168,0.6891101045336994
usp000gdw4|ring|150-400km,usp000gdw4,ring,150-400km,169,0.8543461038955923
usp000gdw4|ring|150-400km,usp000gdw4,ring,150-400km,170,0.6652231928893972
usp000gdw4|ring|150-400km,usp000gdw4,ring,150-400km,171,0.9117531602007057
usp000gdw4|ring|150-400km,usp000gdw4,ring,150-400km,172,0.5741682710144715
usp000gdw4|ring|150-400km,usp000gdw4,ring,150-400km,173,0.7424467708558561
usp000gdw4|ring|150-400km,usp000gdw4,ring,150-400km,174,0.7268533481861411
usp000gdw4|ring|150-400km,usp000gdw4,ring,150-400km,175,0.7671743174359226
usp000gdw4|ring|150-400km,usp000gdw4,ring,150-400km,176,0.7048317604236447
usp000gdw4|ring|150-400km,usp000gdw4,ring,150-400km,177,0.7659188080612788
usp000gdw4|ring|150-400km,usp000gdw4,ring,150-400km,178,0.6820837386950853
usp000gdw4|ring|150-400km,usp000gdw4,ring,150-400km,179,0.7625205293122398
usp000gdw4|ring|150-400km,usp000gdw4,ring,150-400km,180,0.6651172717116538
usp000gdw4|ring|150-400km,usp000gdw4,ring,150-400km,181,0.6374159250601121
usp000gdw4|ring|150-400km,usp000gdw4,ring,150-400km,182,0.6971038641001145
usp000gdw4|ring|150-400km,usp000gdw4,ring,150-400km,183,0.7336434715939343
usp000gdw4|ring|150-400km,usp000gdw4,ring,150-400km,184,0.7629244806201325
usp000gdw4|ring|150-400km,usp000gdw4,ring,150-400km,185,0.5590238977041428
usp000gdw4|ring|150-400km,usp000gdw4,ring,150-400km,186,0.661889028491835
usp000gdw4|ring|150-400km,usp000gdw4,ring,150-400km,187,0.6642145905687012
usp000gdw4|ring|150-400km,usp000gdw4,ring,150-400km,188,0.7163015532850896
usp000gdw4|ring|150-400km,usp000gdw4,ring,150-400km,189,0.7419691807933436
usp000gdw4|ring|150-400km,usp000gdw4,ring,150-400km,190,0.7552209006099176
usp000gdw4|ring|150-400km,usp000gdw4,ring,150-400km,191,0.6962044813864394
usp000gdw4|ring|150-400km,usp000gdw4,ring,150-400km,192,0.3503787332566804
usp000gdw4|ring|150-400km,usp000gdw4,ring,150-400km,193,0.7035091665210702
usp000gdw4|ring|150-400km,usp000gdw4,ring,150-400km,194,0.8270094846231922
usp000gdw4|ring|150-400km,usp000gdw4,ring,150-400km,195,0.6486018827389428
usp000gdw4|ring|150-400km,usp000gdw4,ring,150-400km,196,0.7865190500816486
usp000gdw4|ring|150-400km,usp000gdw4,ring,150-400km,197,0.6864420635308381
usp000gdw4|ring|150-400km,usp000gdw4,ring,150-400km,198,0.7260605957166546
usp000gdw4|ring|150-400km,usp000gdw4,ring,150-400km,199,0.7083005854059914
